timestamp,cell_id,cell_type,slice_type,throughput_mbps,latency_ms,packet_loss_pct,handover_count,rsrp_dbm,rsrq_db,prb_utilization_pct,active_users,sla_compliant
2024-01-01 00:00:00,CELL_001,macro,eMBB,602.02,6.58,0.0258,1,-117.8,-13.17,56.0,47,1
2024-01-01 01:00:00,CELL_001,macro,eMBB,1032.93,8.007,0.3244,3,-88.5,-19.6,49.8,61,1
2024-01-01 02:00:00,CELL_001,macro,eMBB,1024.47,6.901,0.8676,4,-92.1,-9.75,71.2,48,1
2024-01-01 03:00:00,CELL_001,macro,eMBB,1038.38,7.232,1.7728,2,-109.7,-16.81,88.3,59,1
2024-01-01 04:00:00,CELL_001,macro,eMBB,644.32,10.062,0.219,5,-102.0,-13.44,49.9,42,1
2024-01-01 05:00:00,CELL_001,macro,eMBB,624.9,7.952,0.1003,2,-105.2,-18.0,70.2,55,1
2024-01-01 06:00:00,CELL_001,macro,eMBB,1053.16,2.791,0.6574,7,-92.0,-3.84,83.5,63,1
2024-01-01 07:00:00,CELL_001,macro,eMBB,1066.27,8.7,0.3886,4,-98.7,-12.28,89.1,47,1
2024-01-01 08:00:00,CELL_001,macro,eMBB,589.77,10.221,0.02,1,-72.4,-15.46,86.6,42,1
2024-01-01 09:00:00,CELL_001,macro,eMBB,770.66,7.699,0.5387,3,-100.0,-18.47,87.0,46,1
2024-01-01 10:00:00,CELL_001,macro,eMBB,633.94,8.389,0.0937,3,-107.6,-13.12,54.3,37,1
2024-01-01 11:00:00,CELL_001,macro,eMBB,834.47,7.994,1.014,2,-102.6,-11.58,63.4,41,1
2024-01-01 12:00:00,CELL_001,macro,eMBB,737.28,9.196,0.7741,1,-120.0,-4.53,67.2,37,1
2024-01-01 13:00:00,CELL_001,macro,eMBB,545.16,12.894,0.2348,1,-99.0,-5.95,40.0,32,1
2024-01-01 14:00:00,CELL_001,macro,eMBB,735.13,9.018,1.3325,1,-82.4,-13.85,23.0,33,1
2024-01-01 15:00:00,CELL_001,macro,eMBB,555.32,8.179,0.4243,3,-93.4,-16.03,36.6,31,1
2024-01-01 16:00:00,CELL_001,macro,eMBB,904.4,7.77,0.1075,4,-102.0,-19.14,72.0,46,1
2024-01-01 17:00:00,CELL_001,macro,eMBB,450.94,10.112,0.085,3,-77.3,-7.54,73.6,40,1
2024-01-01 18:00:00,CELL_001,macro,eMBB,799.98,10.249,0.2648,4,-92.2,-9.87,48.9,34,1
2024-01-01 19:00:00,CELL_001,macro,eMBB,830.5,7.982,0.7249,2,-105.2,-7.5,64.9,34,1
2024-01-01 20:00:00,CELL_001,macro,eMBB,1054.41,11.343,0.5737,4,-110.8,-8.21,91.5,41,1
2024-01-01 21:00:00,CELL_001,macro,eMBB,735.9,10.832,0.9467,0,-109.8,-16.23,72.3,35,1
2024-01-01 22:00:00,CELL_001,macro,eMBB,744.01,4.514,0.0069,1,-93.9,-13.36,87.1,36,1
2024-01-01 23:00:00,CELL_001,macro,eMBB,491.3,9.623,0.0259,4,-93.8,-11.02,56.8,38,1
2024-01-02 00:00:00,CELL_001,macro,eMBB,618.3,8.676,0.6271,6,-96.7,-10.74,73.4,43,1
2024-01-02 01:00:00,CELL_001,macro,eMBB,642.95,11.367,0.4066,1,-113.7,-10.84,76.2,33,1
2024-01-02 02:00:00,CELL_001,macro,eMBB,870.72,10.585,0.0629,0,-108.7,-5.22,81.2,58,1
2024-01-02 03:00:00,CELL_001,macro,eMBB,892.78,6.103,0.398,3,-94.5,-13.41,69.5,37,1
2024-01-02 04:00:00,CELL_001,macro,eMBB,837.75,8.854,0.3795,5,-70.0,-16.73,60.1,37,1
2024-01-02 05:00:00,CELL_001,macro,eMBB,893.38,9.609,0.5911,6,-110.4,-3.0,54.3,49,1
2024-01-02 06:00:00,CELL_001,macro,eMBB,828.35,6.284,0.4404,1,-77.3,-3.0,81.2,53,1
2024-01-02 07:00:00,CELL_001,macro,eMBB,712.93,12.168,0.1454,6,-95.3,-14.6,100.0,40,1
2024-01-02 08:00:00,CELL_001,macro,eMBB,722.09,8.694,1.2115,0,-100.6,-12.78,93.9,49,1
2024-01-02 09:00:00,CELL_001,macro,eMBB,847.22,12.469,0.3027,3,-103.7,-9.86,64.7,37,1
2024-01-02 10:00:00,CELL_001,macro,eMBB,1014.82,2.108,0.0883,4,-120.0,-18.78,79.8,58,1
2024-01-02 11:00:00,CELL_001,macro,eMBB,943.02,10.496,0.0821,4,-93.0,-13.4,50.6,32,1
2024-01-02 12:00:00,CELL_001,macro,eMBB,1066.76,11.135,1.0275,4,-82.1,-11.3,51.9,36,1
2024-01-02 13:00:00,CELL_001,macro,eMBB,581.04,14.121,0.042,4,-115.8,-3.0,54.6,29,1
2024-01-02 14:00:00,CELL_001,macro,eMBB,770.62,4.236,0.4345,5,-103.8,-7.78,61.0,42,1
2024-01-02 15:00:00,CELL_001,macro,eMBB,511.87,10.64,1.1635,2,-103.8,-10.37,70.7,32,1
2024-01-02 16:00:00,CELL_001,macro,eMBB,980.84,8.859,0.4991,6,-78.5,-3.0,89.6,46,1
2024-01-02 17:00:00,CELL_001,macro,eMBB,753.53,8.634,0.2915,1,-91.5,-14.39,45.3,24,1
2024-01-02 18:00:00,CELL_001,macro,eMBB,353.14,14.007,0.2413,3,-93.1,-15.67,74.0,25,1
2024-01-02 19:00:00,CELL_001,macro,eMBB,758.12,13.779,0.0233,3,-86.1,-12.46,63.7,32,1
2024-01-02 20:00:00,CELL_001,macro,eMBB,410.77,9.152,2.2784,3,-106.8,-11.49,30.3,27,0
2024-01-02 21:00:00,CELL_001,macro,eMBB,884.0,10.27,0.6522,2,-87.4,-8.9,71.4,38,1
2024-01-02 22:00:00,CELL_001,macro,eMBB,708.62,5.783,0.7626,4,-117.9,-20.0,64.5,50,1
2024-01-02 23:00:00,CELL_001,macro,eMBB,998.52,10.512,0.8152,2,-90.8,-13.25,63.5,49,1
2024-01-03 00:00:00,CELL_001,macro,eMBB,976.93,7.082,0.0726,2,-74.5,-17.84,52.6,49,1
2024-01-03 01:00:00,CELL_001,macro,eMBB,712.58,6.486,0.3191,3,-91.0,-12.25,66.1,48,1
2024-01-03 02:00:00,CELL_001,macro,eMBB,961.35,5.866,0.419,4,-103.0,-19.84,79.3,42,1
2024-01-03 03:00:00,CELL_001,macro,eMBB,1086.51,4.997,0.6633,0,-95.5,-8.8,70.4,36,1
2024-01-03 04:00:00,CELL_001,macro,eMBB,899.2,6.379,0.3998,3,-81.0,-11.08,91.5,46,1
2024-01-03 05:00:00,CELL_001,macro,eMBB,927.4,8.177,0.0997,2,-82.6,-9.39,55.3,50,1
2024-01-03 06:00:00,CELL_001,macro,eMBB,794.66,8.281,0.0459,2,-105.8,-19.82,93.5,58,1
2024-01-03 07:00:00,CELL_001,macro,eMBB,990.77,12.198,0.5683,5,-83.7,-10.32,71.8,41,1
2024-01-03 08:00:00,CELL_001,macro,eMBB,1071.47,8.444,0.1366,4,-94.5,-11.44,70.3,51,1
2024-01-03 09:00:00,CELL_001,macro,eMBB,818.0,6.943,0.5569,3,-99.3,-15.44,46.3,45,1
2024-01-03 10:00:00,CELL_001,macro,eMBB,901.78,4.051,0.1568,4,-117.6,-17.78,84.2,42,1
2024-01-03 11:00:00,CELL_001,macro,eMBB,763.39,10.26,1.0417,4,-103.8,-10.34,76.4,50,1
2024-01-03 12:00:00,CELL_001,macro,eMBB,1043.31,8.966,0.3573,1,-89.4,-10.44,82.5,56,1
2024-01-03 13:00:00,CELL_001,macro,eMBB,691.0,10.434,0.5662,2,-81.9,-11.63,72.1,46,1
2024-01-03 14:00:00,CELL_001,macro,eMBB,675.93,7.774,0.9053,3,-107.9,-3.0,75.7,49,1
2024-01-03 15:00:00,CELL_001,macro,eMBB,696.97,11.239,0.5971,3,-80.9,-7.33,54.5,39,1
2024-01-03 16:00:00,CELL_001,macro,eMBB,767.08,6.151,1.4242,3,-94.6,-13.32,76.3,45,1
2024-01-03 17:00:00,CELL_001,macro,eMBB,679.88,4.511,1.0598,2,-80.9,-10.93,50.6,37,1
2024-01-03 18:00:00,CELL_001,macro,eMBB,717.52,10.501,0.1089,4,-93.7,-3.74,59.0,40,1
2024-01-03 19:00:00,CELL_001,macro,eMBB,516.98,6.602,0.0001,4,-101.1,-11.25,59.6,51,1
2024-01-03 20:00:00,CELL_001,macro,eMBB,636.73,8.254,0.2145,3,-76.2,-14.24,47.2,38,1
2024-01-03 21:00:00,CELL_001,macro,eMBB,430.85,10.667,0.3301,6,-95.3,-16.88,74.2,31,1
2024-01-03 22:00:00,CELL_001,macro,eMBB,904.98,7.82,0.0003,2,-120.0,-9.64,46.9,43,1
2024-01-03 23:00:00,CELL_001,macro,eMBB,892.76,5.902,0.177,2,-99.9,-10.42,80.7,47,1
2024-01-04 00:00:00,CELL_001,macro,eMBB,876.11,10.88,0.0405,3,-71.5,-11.66,67.3,42,1
2024-01-04 01:00:00,CELL_001,macro,eMBB,907.31,8.446,0.0871,2,-120.0,-4.77,89.2,61,1
2024-01-04 02:00:00,CELL_001,macro,eMBB,687.24,7.569,0.0458,2,-97.0,-9.94,65.3,29,1
2024-01-04 03:00:00,CELL_001,macro,eMBB,766.19,11.652,0.2097,2,-103.5,-10.61,79.0,49,1
2024-01-04 04:00:00,CELL_001,macro,eMBB,763.39,5.206,0.5048,2,-101.6,-6.09,76.9,44,1
2024-01-04 05:00:00,CELL_001,macro,eMBB,866.05,10.088,0.5955,3,-70.0,-14.62,85.5,46,1
2024-01-04 06:00:00,CELL_001,macro,eMBB,792.39,8.014,0.4706,2,-101.8,-15.95,73.3,37,1
2024-01-04 07:00:00,CELL_001,macro,eMBB,777.57,9.343,1.0792,3,-70.2,-13.23,77.7,41,1
2024-01-04 08:00:00,CELL_001,macro,eMBB,887.15,7.993,0.6696,2,-98.6,-20.0,82.8,58,1
2024-01-04 09:00:00,CELL_001,macro,eMBB,733.45,8.986,0.2943,6,-96.5,-6.24,70.5,43,1
2024-01-04 10:00:00,CELL_001,macro,eMBB,972.55,8.317,0.6767,3,-70.0,-16.71,100.0,49,1
2024-01-04 11:00:00,CELL_001,macro,eMBB,868.18,8.83,0.3945,2,-106.1,-19.5,78.5,67,1
2024-01-04 12:00:00,CELL_001,macro,eMBB,971.93,7.982,0.3723,3,-83.7,-17.94,77.5,39,1
2024-01-04 13:00:00,CELL_001,macro,eMBB,946.94,11.885,0.7343,4,-85.1,-6.96,63.7,46,1
2024-01-04 14:00:00,CELL_001,macro,eMBB,979.68,8.11,0.2078,4,-113.1,-13.26,77.5,49,1
2024-01-04 15:00:00,CELL_001,macro,eMBB,923.07,11.041,0.9757,6,-120.0,-13.84,53.2,39,1
2024-01-04 16:00:00,CELL_001,macro,eMBB,602.65,10.05,0.2388,6,-78.3,-4.46,62.0,41,1
2024-01-04 17:00:00,CELL_001,macro,eMBB,969.4,7.097,0.8178,1,-93.6,-3.0,49.5,36,1
2024-01-04 18:00:00,CELL_001,macro,eMBB,411.95,11.85,1.3505,4,-120.0,-13.6,76.7,35,1
2024-01-04 19:00:00,CELL_001,macro,eMBB,771.72,9.487,0.4762,2,-87.9,-14.44,71.6,34,1
2024-01-04 20:00:00,CELL_001,macro,eMBB,568.53,10.299,0.0186,1,-77.3,-13.06,54.0,39,1
2024-01-04 21:00:00,CELL_001,macro,eMBB,538.04,6.862,0.0564,1,-111.8,-4.01,73.5,36,1
2024-01-04 22:00:00,CELL_001,macro,eMBB,628.77,3.088,0.7089,3,-81.9,-12.15,78.5,37,1
2024-01-04 23:00:00,CELL_001,macro,eMBB,928.78,10.519,0.3615,1,-77.8,-12.52,63.0,38,1
2024-01-05 00:00:00,CELL_001,macro,eMBB,811.28,9.572,0.4286,3,-90.1,-7.8,69.4,33,1
2024-01-05 01:00:00,CELL_001,macro,eMBB,898.17,10.3,0.179,3,-78.1,-14.23,71.7,40,1
2024-01-05 02:00:00,CELL_001,macro,eMBB,738.76,8.217,0.1138,3,-95.9,-14.53,69.9,32,1
2024-01-05 03:00:00,CELL_001,macro,eMBB,829.4,8.051,0.8847,5,-83.6,-12.57,74.8,42,1
2024-01-05 04:00:00,CELL_001,macro,eMBB,836.96,7.826,0.6707,1,-109.7,-17.45,81.8,41,1
2024-01-05 05:00:00,CELL_001,macro,eMBB,719.88,7.504,0.7057,4,-111.4,-12.73,64.6,42,1
2024-01-05 06:00:00,CELL_001,macro,eMBB,750.0,4.254,0.0296,3,-108.2,-3.01,69.2,49,1
2024-01-05 07:00:00,CELL_001,macro,eMBB,1045.23,10.473,0.0196,5,-75.9,-5.31,78.8,55,1
2024-01-05 08:00:00,CELL_001,macro,eMBB,599.56,6.771,1.7012,3,-93.7,-15.73,89.4,42,1
2024-01-05 09:00:00,CELL_001,macro,eMBB,775.72,7.324,1.785,4,-93.7,-13.49,67.4,40,1
2024-01-05 10:00:00,CELL_001,macro,eMBB,733.9,7.136,0.0909,5,-96.5,-7.12,69.0,43,1
2024-01-05 11:00:00,CELL_001,macro,eMBB,901.97,8.667,0.4656,1,-111.6,-10.02,72.0,42,1
2024-01-05 12:00:00,CELL_001,macro,eMBB,444.64,8.38,1.0921,6,-91.3,-17.45,52.4,27,1
2024-01-05 13:00:00,CELL_001,macro,eMBB,731.8,9.246,0.1497,1,-120.0,-12.8,79.6,48,1
2024-01-05 14:00:00,CELL_001,macro,eMBB,614.04,10.288,0.149,5,-120.0,-7.78,57.2,38,1
2024-01-05 15:00:00,CELL_001,macro,eMBB,881.44,13.254,0.362,4,-88.7,-19.82,50.8,39,1
2024-01-05 16:00:00,CELL_001,macro,eMBB,927.2,9.032,0.4296,3,-120.0,-11.84,31.2,49,1
2024-01-05 17:00:00,CELL_001,macro,eMBB,913.17,10.49,0.4375,2,-92.0,-20.0,63.1,55,1
2024-01-05 18:00:00,CELL_001,macro,eMBB,684.37,6.355,1.1296,4,-80.9,-16.5,49.1,39,1
2024-01-05 19:00:00,CELL_001,macro,eMBB,535.72,7.814,0.1851,5,-103.8,-6.2,71.6,39,1
2024-01-05 20:00:00,CELL_001,macro,eMBB,695.28,9.613,0.4533,3,-97.1,-5.97,60.6,56,1
2024-01-05 21:00:00,CELL_001,macro,eMBB,602.43,9.141,0.4841,2,-111.8,-15.73,48.3,34,1
2024-01-05 22:00:00,CELL_001,macro,eMBB,776.65,5.617,0.2479,4,-112.1,-16.46,92.8,44,1
2024-01-05 23:00:00,CELL_001,macro,eMBB,896.03,6.92,0.6046,0,-97.5,-20.0,67.3,53,1
2024-01-06 00:00:00,CELL_001,macro,eMBB,983.81,6.73,0.174,5,-83.7,-11.0,82.2,49,1
2024-01-06 01:00:00,CELL_001,macro,eMBB,759.76,3.988,0.4329,4,-99.8,-12.24,54.5,42,1
2024-01-06 02:00:00,CELL_001,macro,eMBB,815.14,6.117,0.1493,3,-104.0,-10.41,100.0,65,1
2024-01-06 03:00:00,CELL_001,macro,eMBB,868.19,10.898,0.4306,3,-88.3,-15.36,72.8,42,1
2024-01-06 04:00:00,CELL_001,macro,eMBB,1016.95,5.384,0.5882,2,-120.0,-3.0,100.0,73,1
2024-01-06 05:00:00,CELL_001,macro,eMBB,906.03,5.242,0.0596,0,-92.0,-15.04,82.9,49,1
2024-01-06 06:00:00,CELL_001,macro,eMBB,780.0,10.325,0.9008,3,-116.0,-5.89,70.8,46,1
2024-01-06 07:00:00,CELL_001,macro,eMBB,819.97,11.089,0.0687,4,-75.2,-6.59,68.3,50,1
2024-01-06 08:00:00,CELL_001,macro,eMBB,951.16,5.678,0.3165,4,-96.0,-10.85,58.3,57,1
2024-01-06 09:00:00,CELL_001,macro,eMBB,858.16,5.606,0.1897,2,-81.2,-6.99,82.1,59,1
2024-01-06 10:00:00,CELL_001,macro,eMBB,647.33,9.129,0.5555,5,-115.4,-10.88,71.9,40,1
2024-01-06 11:00:00,CELL_001,macro,eMBB,960.27,6.048,0.7066,2,-93.5,-6.25,80.7,50,1
2024-01-06 12:00:00,CELL_001,macro,eMBB,556.28,6.995,0.4536,1,-83.8,-5.01,79.7,41,1
2024-01-06 13:00:00,CELL_001,macro,eMBB,913.95,6.348,0.0695,5,-100.1,-10.38,90.2,49,1
2024-01-06 14:00:00,CELL_001,macro,eMBB,767.67,11.174,0.0289,4,-112.9,-10.57,48.4,31,1
2024-01-06 15:00:00,CELL_001,macro,eMBB,940.91,8.819,0.3472,3,-103.7,-9.64,66.2,50,1
2024-01-06 16:00:00,CELL_001,macro,eMBB,690.0,5.311,0.26,3,-118.8,-9.94,63.4,51,1
2024-01-06 17:00:00,CELL_001,macro,eMBB,821.14,10.41,0.0924,5,-91.0,-14.87,64.8,34,1
2024-01-06 18:00:00,CELL_001,macro,eMBB,944.26,8.158,0.0762,2,-74.8,-18.31,92.3,46,1
2024-01-06 19:00:00,CELL_001,macro,eMBB,595.88,13.382,0.4214,7,-96.7,-8.29,40.3,22,1
2024-01-06 20:00:00,CELL_001,macro,eMBB,665.78,11.436,0.498,3,-93.0,-12.57,50.1,26,1
2024-01-06 21:00:00,CELL_001,macro,eMBB,1054.02,7.622,0.6384,2,-84.2,-4.75,66.5,43,1
2024-01-06 22:00:00,CELL_001,macro,eMBB,708.35,7.972,0.2598,2,-98.7,-9.83,46.6,44,1
2024-01-06 23:00:00,CELL_001,macro,eMBB,790.0,6.934,1.8957,2,-90.2,-13.42,72.3,56,1
2024-01-07 00:00:00,CELL_001,macro,eMBB,882.49,6.144,1.9918,2,-100.1,-12.86,88.9,50,1
2024-01-07 01:00:00,CELL_001,macro,eMBB,912.51,11.441,0.6581,2,-101.9,-12.98,71.4,49,1
2024-01-07 02:00:00,CELL_001,macro,eMBB,682.13,10.978,0.4524,5,-100.2,-9.55,53.6,25,1
2024-01-07 03:00:00,CELL_001,macro,eMBB,698.16,11.748,0.0777,0,-102.7,-11.72,66.4,43,1
2024-01-07 04:00:00,CELL_001,macro,eMBB,954.88,6.859,0.633,4,-105.0,-15.66,97.2,51,1
2024-01-07 05:00:00,CELL_001,macro,eMBB,965.95,8.328,0.2972,3,-82.4,-12.04,82.5,50,1
2024-01-07 06:00:00,CELL_001,macro,eMBB,1023.95,7.74,0.4412,2,-90.8,-12.86,75.9,45,1
2024-01-07 07:00:00,CELL_001,macro,eMBB,815.33,6.125,0.2357,2,-93.1,-15.46,81.2,38,1
2024-01-07 08:00:00,CELL_001,macro,eMBB,807.66,9.715,0.2714,1,-85.2,-20.0,74.6,38,1
2024-01-07 09:00:00,CELL_001,macro,eMBB,703.59,9.849,0.4766,2,-78.4,-4.64,64.5,49,1
2024-01-07 10:00:00,CELL_001,macro,eMBB,872.58,4.97,0.2648,1,-114.1,-18.24,81.5,45,1
2024-01-07 11:00:00,CELL_001,macro,eMBB,853.3,7.475,0.4872,4,-93.1,-12.62,79.1,51,1
2024-01-07 12:00:00,CELL_001,macro,eMBB,856.16,9.885,0.1121,4,-93.1,-17.89,92.5,28,1
2024-01-07 13:00:00,CELL_001,macro,eMBB,1009.82,7.828,1.3461,2,-99.1,-20.0,100.0,49,1
2024-01-07 14:00:00,CELL_001,macro,eMBB,700.91,13.971,0.7244,2,-93.0,-12.59,48.2,54,1
2024-01-07 15:00:00,CELL_001,macro,eMBB,882.24,8.706,0.146,6,-104.8,-3.0,98.0,35,1
2024-01-07 16:00:00,CELL_001,macro,eMBB,677.05,9.932,0.069,2,-77.2,-14.95,61.2,28,1
2024-01-07 17:00:00,CELL_001,macro,eMBB,560.05,10.17,0.068,2,-79.7,-14.02,65.7,39,1
2024-01-07 18:00:00,CELL_001,macro,eMBB,625.57,12.093,1.5007,4,-76.9,-12.17,50.6,31,1
2024-01-07 19:00:00,CELL_001,macro,eMBB,824.04,6.748,0.7898,2,-88.7,-16.42,53.8,37,1
2024-01-07 20:00:00,CELL_001,macro,eMBB,756.57,8.807,0.3928,4,-107.9,-16.05,86.0,36,1
2024-01-07 21:00:00,CELL_001,macro,eMBB,737.0,8.92,0.7478,2,-100.0,-13.78,72.4,51,1
2024-01-07 22:00:00,CELL_001,macro,eMBB,796.61,10.004,1.1818,1,-107.7,-12.07,79.1,62,1
2024-01-07 23:00:00,CELL_001,macro,eMBB,1019.04,8.676,0.5378,3,-110.8,-11.75,100.0,50,1
2024-01-08 00:00:00,CELL_001,macro,eMBB,698.26,5.68,0.7059,1,-84.7,-12.71,84.1,43,1
2024-01-08 01:00:00,CELL_001,macro,eMBB,930.23,6.838,0.359,5,-87.8,-15.39,81.1,55,1
2024-01-08 02:00:00,CELL_001,macro,eMBB,857.13,5.073,0.2329,4,-103.0,-11.25,86.8,54,1
2024-01-08 03:00:00,CELL_001,macro,eMBB,967.87,7.579,0.192,2,-102.4,-9.08,79.1,41,1
2024-01-08 04:00:00,CELL_001,macro,eMBB,868.37,6.875,0.5147,4,-101.4,-9.5,74.0,43,1
2024-01-08 05:00:00,CELL_001,macro,eMBB,825.74,6.459,1.4769,2,-91.2,-12.03,69.1,39,1
2024-01-08 06:00:00,CELL_001,macro,eMBB,1021.61,6.525,0.8127,2,-89.3,-14.22,66.1,45,1
2024-01-08 07:00:00,CELL_001,macro,eMBB,956.32,5.956,2.132,5,-90.4,-6.69,73.1,51,0
2024-01-08 08:00:00,CELL_001,macro,eMBB,944.42,9.921,0.7072,4,-114.4,-12.72,78.6,43,1
2024-01-08 09:00:00,CELL_001,macro,eMBB,809.57,4.917,0.0642,6,-86.8,-7.09,77.4,55,1
2024-01-08 10:00:00,CELL_001,macro,eMBB,1002.27,5.185,0.4469,4,-91.4,-5.73,96.6,47,1
2024-01-08 11:00:00,CELL_001,macro,eMBB,1113.2,6.256,1.6995,2,-79.1,-12.62,91.2,51,1
2024-01-08 12:00:00,CELL_001,macro,eMBB,738.82,10.523,0.7638,4,-117.1,-18.87,91.3,44,1
2024-01-08 13:00:00,CELL_001,macro,eMBB,713.35,7.234,0.1625,4,-81.7,-11.04,90.1,39,1
2024-01-08 14:00:00,CELL_001,macro,eMBB,642.48,11.388,0.3143,1,-90.3,-3.09,38.1,41,1
2024-01-08 15:00:00,CELL_001,macro,eMBB,765.58,8.771,0.1686,4,-115.4,-12.87,62.7,46,1
2024-01-08 16:00:00,CELL_001,macro,eMBB,659.08,9.523,0.4211,6,-118.9,-13.05,34.1,41,1
2024-01-08 17:00:00,CELL_001,macro,eMBB,593.88,8.789,0.8866,4,-113.9,-10.84,80.6,44,1
2024-01-08 18:00:00,CELL_001,macro,eMBB,703.3,6.002,0.4951,4,-72.4,-14.6,64.3,37,1
2024-01-08 19:00:00,CELL_001,macro,eMBB,423.04,11.275,1.0704,2,-82.5,-13.63,65.0,32,1
2024-01-08 20:00:00,CELL_001,macro,eMBB,729.59,9.788,0.2521,2,-92.9,-10.87,57.8,33,1
2024-01-08 21:00:00,CELL_001,macro,eMBB,617.63,9.684,0.0853,7,-119.4,-10.33,71.9,35,1
2024-01-08 22:00:00,CELL_001,macro,eMBB,739.29,7.196,0.1566,0,-80.7,-3.0,63.8,28,1
2024-01-08 23:00:00,CELL_001,macro,eMBB,977.67,3.67,1.1857,2,-105.6,-12.58,76.4,45,1
2024-01-09 00:00:00,CELL_001,macro,eMBB,633.63,9.621,1.3593,8,-111.1,-11.59,57.9,42,1
2024-01-09 01:00:00,CELL_001,macro,eMBB,1046.2,9.23,1.5029,4,-116.1,-18.9,59.9,59,1
2024-01-09 02:00:00,CELL_001,macro,eMBB,818.28,8.051,0.1254,2,-99.1,-12.07,76.4,55,1
2024-01-09 03:00:00,CELL_001,macro,eMBB,897.87,8.639,0.3551,4,-88.2,-15.46,69.9,55,1
2024-01-09 04:00:00,CELL_001,macro,eMBB,885.8,8.248,0.4044,2,-96.9,-13.06,75.8,41,1
2024-01-09 05:00:00,CELL_001,macro,eMBB,774.75,10.462,1.7106,2,-102.9,-11.31,99.6,32,1
2024-01-09 06:00:00,CELL_001,macro,eMBB,900.31,3.65,0.4405,0,-83.1,-7.13,70.1,42,1
2024-01-09 07:00:00,CELL_001,macro,eMBB,701.26,10.194,0.0841,4,-114.1,-12.62,63.3,28,1
2024-01-09 08:00:00,CELL_001,macro,eMBB,807.8,9.149,0.2314,4,-108.8,-3.34,65.4,39,1
2024-01-09 09:00:00,CELL_001,macro,eMBB,989.68,2.812,0.2423,3,-101.4,-10.68,85.5,56,1
2024-01-09 10:00:00,CELL_001,macro,eMBB,607.95,11.155,0.8228,2,-84.1,-11.69,80.5,50,1
2024-01-09 11:00:00,CELL_001,macro,eMBB,909.0,5.314,0.232,2,-85.4,-14.03,53.4,53,1
2024-01-09 12:00:00,CELL_001,macro,eMBB,680.37,9.505,0.5903,3,-90.4,-3.0,38.3,44,1
2024-01-09 13:00:00,CELL_001,macro,eMBB,865.59,9.309,0.706,4,-107.6,-7.9,68.4,36,1
2024-01-09 14:00:00,CELL_001,macro,eMBB,679.46,6.262,0.1446,1,-85.8,-20.0,40.9,45,1
2024-01-09 15:00:00,CELL_001,macro,eMBB,715.14,7.273,0.0698,3,-88.1,-18.68,79.4,45,1
2024-01-09 16:00:00,CELL_001,macro,eMBB,481.56,11.984,0.999,2,-117.1,-18.31,45.6,40,1
2024-01-09 17:00:00,CELL_001,macro,eMBB,990.07,8.992,0.4126,4,-86.0,-4.13,91.6,51,1
2024-01-09 18:00:00,CELL_001,macro,eMBB,949.31,8.45,1.3291,3,-83.5,-16.9,72.8,42,1
2024-01-09 19:00:00,CELL_001,macro,eMBB,782.8,6.055,0.1721,2,-100.2,-3.0,48.8,31,1
2024-01-09 20:00:00,CELL_001,macro,eMBB,650.48,12.913,0.1265,3,-78.7,-10.95,61.4,40,1
2024-01-09 21:00:00,CELL_001,macro,eMBB,810.34,9.587,0.1814,1,-120.0,-5.87,69.0,40,1
2024-01-09 22:00:00,CELL_001,macro,eMBB,676.54,8.986,0.1679,5,-110.8,-9.86,42.1,44,1
2024-01-09 23:00:00,CELL_001,macro,eMBB,874.64,6.658,0.3497,8,-120.0,-20.0,71.9,51,1
2024-01-10 00:00:00,CELL_001,macro,eMBB,790.12,8.992,0.0516,1,-98.5,-13.64,40.8,50,1
2024-01-10 01:00:00,CELL_001,macro,eMBB,776.38,3.48,0.1902,1,-107.2,-17.48,81.0,60,1
2024-01-10 02:00:00,CELL_001,macro,eMBB,1071.93,4.364,1.8494,3,-85.1,-17.37,75.3,31,1
2024-01-10 03:00:00,CELL_001,macro,eMBB,827.6,7.393,0.4826,3,-110.5,-18.65,48.1,48,1
2024-01-10 04:00:00,CELL_001,macro,eMBB,1041.2,6.649,0.0098,4,-120.0,-10.44,76.1,58,1
2024-01-10 05:00:00,CELL_001,macro,eMBB,457.52,9.975,0.4838,3,-94.9,-9.07,36.3,24,1
2024-01-10 06:00:00,CELL_001,macro,eMBB,740.34,6.34,0.3132,4,-120.0,-8.11,69.6,55,1
2024-01-10 07:00:00,CELL_001,macro,eMBB,550.39,5.243,0.1113,0,-101.3,-18.57,83.2,31,1
2024-01-10 08:00:00,CELL_001,macro,eMBB,938.99,8.542,0.3299,3,-107.8,-14.71,87.1,51,1
2024-01-10 09:00:00,CELL_001,macro,eMBB,873.37,8.343,0.478,0,-116.1,-3.48,65.7,54,1
2024-01-10 10:00:00,CELL_001,macro,eMBB,829.93,7.032,0.2785,3,-95.2,-4.06,91.0,59,1
2024-01-10 11:00:00,CELL_001,macro,eMBB,704.27,9.155,0.7205,1,-103.8,-12.85,87.6,41,1
2024-01-10 12:00:00,CELL_001,macro,eMBB,824.6,10.16,0.3891,7,-73.9,-18.04,60.6,50,1
2024-01-10 13:00:00,CELL_001,macro,eMBB,964.75,9.366,0.2864,3,-120.0,-11.17,69.6,68,1
2024-01-10 14:00:00,CELL_001,macro,eMBB,688.99,11.024,0.2806,2,-98.4,-12.71,67.2,44,1
2024-01-10 15:00:00,CELL_001,macro,eMBB,755.85,12.582,0.0198,3,-117.8,-8.93,31.6,31,1
2024-01-10 16:00:00,CELL_001,macro,eMBB,573.73,12.091,0.1063,3,-75.6,-15.75,72.7,37,1
2024-01-10 17:00:00,CELL_001,macro,eMBB,667.91,8.122,0.5494,3,-100.3,-14.55,65.2,34,1
2024-01-10 18:00:00,CELL_001,macro,eMBB,967.31,9.737,0.2511,3,-96.0,-19.25,74.0,58,1
2024-01-10 19:00:00,CELL_001,macro,eMBB,810.05,7.712,0.8114,7,-95.4,-14.14,61.2,37,1
2024-01-10 20:00:00,CELL_001,macro,eMBB,528.49,8.57,0.2832,1,-115.2,-11.92,74.2,33,1
2024-01-10 21:00:00,CELL_001,macro,eMBB,833.09,12.089,0.2835,2,-105.9,-6.07,80.9,35,1
2024-01-10 22:00:00,CELL_001,macro,eMBB,769.53,8.889,0.2206,2,-88.9,-13.38,76.9,42,1
2024-01-10 23:00:00,CELL_001,macro,eMBB,1071.44,6.015,0.6371,3,-80.4,-11.08,84.3,57,1
2024-01-11 00:00:00,CELL_001,macro,eMBB,717.54,7.478,1.0579,2,-109.0,-17.92,61.0,38,1
2024-01-11 01:00:00,CELL_001,macro,eMBB,870.72,8.085,0.6707,3,-113.8,-15.7,85.0,60,1
2024-01-11 02:00:00,CELL_001,macro,eMBB,767.04,9.56,0.2926,2,-83.2,-14.8,41.6,43,1
2024-01-11 03:00:00,CELL_001,macro,eMBB,1011.09,6.934,0.4961,2,-71.5,-12.65,88.0,41,1
2024-01-11 04:00:00,CELL_001,macro,eMBB,945.67,8.361,0.2377,2,-94.9,-19.39,66.5,51,1
2024-01-11 05:00:00,CELL_001,macro,eMBB,647.93,4.863,0.3485,4,-75.0,-11.1,88.2,36,1
2024-01-11 06:00:00,CELL_001,macro,eMBB,714.66,7.691,0.3653,2,-103.5,-19.47,87.8,45,1
2024-01-11 07:00:00,CELL_001,macro,eMBB,688.33,9.389,0.0798,6,-120.0,-14.0,56.7,49,1
2024-01-11 08:00:00,CELL_001,macro,eMBB,881.59,9.018,0.0047,1,-120.0,-9.26,100.0,58,1
2024-01-11 09:00:00,CELL_001,macro,eMBB,675.24,12.002,1.18,2,-99.0,-11.36,61.0,49,1
2024-01-01 00:00:00,CELL_002,macro,eMBB,668.19,11.171,0.3943,3,-90.4,-6.26,74.5,44,1
2024-01-01 01:00:00,CELL_002,macro,eMBB,690.04,7.783,0.0378,1,-109.7,-9.66,71.7,44,1
2024-01-01 02:00:00,CELL_002,macro,eMBB,1028.98,9.228,0.1506,4,-115.8,-12.56,72.8,43,1
2024-01-01 03:00:00,CELL_002,macro,eMBB,920.64,3.536,1.3327,4,-70.0,-15.97,46.5,48,1
2024-01-01 04:00:00,CELL_002,macro,eMBB,857.78,8.347,0.4863,0,-92.4,-12.18,75.6,44,1
2024-01-01 05:00:00,CELL_002,macro,eMBB,565.09,9.267,0.0423,3,-87.3,-10.0,49.6,31,1
2024-01-01 06:00:00,CELL_002,macro,eMBB,742.53,9.392,0.4706,4,-70.0,-4.29,70.6,43,1
2024-01-01 07:00:00,CELL_002,macro,eMBB,621.07,8.9,1.4093,4,-70.9,-12.66,59.8,38,1
2024-01-01 08:00:00,CELL_002,macro,eMBB,731.07,10.674,0.3921,3,-99.6,-12.56,89.2,45,1
2024-01-01 09:00:00,CELL_002,macro,eMBB,835.36,5.732,0.076,3,-73.2,-4.34,75.3,45,1
2024-01-01 10:00:00,CELL_002,macro,eMBB,913.22,8.176,1.1836,4,-96.2,-5.11,42.7,43,1
2024-01-01 11:00:00,CELL_002,macro,eMBB,515.28,11.161,0.0994,7,-94.0,-13.38,73.6,33,1
2024-01-01 12:00:00,CELL_002,macro,eMBB,862.88,9.09,0.1529,0,-109.2,-12.05,51.9,38,1
2024-01-01 13:00:00,CELL_002,macro,eMBB,815.53,11.684,0.0822,4,-105.7,-9.78,58.4,43,1
2024-01-01 14:00:00,CELL_002,macro,eMBB,572.1,13.629,0.0228,5,-90.9,-10.29,46.8,32,1
2024-01-01 15:00:00,CELL_002,macro,eMBB,841.91,10.649,1.4974,4,-100.7,-12.48,68.8,56,1
2024-01-01 16:00:00,CELL_002,macro,eMBB,759.62,8.774,1.2493,2,-96.3,-3.95,57.2,39,1
2024-01-01 17:00:00,CELL_002,macro,eMBB,531.52,12.469,0.3286,5,-73.8,-13.38,56.7,39,1
2024-01-01 18:00:00,CELL_002,macro,eMBB,657.08,11.906,0.4342,1,-91.3,-7.57,45.5,42,1
2024-01-01 19:00:00,CELL_002,macro,eMBB,636.27,7.958,0.427,2,-77.0,-16.5,60.6,36,1
2024-01-01 20:00:00,CELL_002,macro,eMBB,740.19,7.283,0.3819,1,-94.8,-20.0,46.8,39,1
2024-01-01 21:00:00,CELL_002,macro,eMBB,674.97,7.215,0.4229,4,-81.5,-16.9,59.7,35,1
2024-01-01 22:00:00,CELL_002,macro,eMBB,839.45,9.199,2.8621,3,-107.1,-3.61,63.4,31,0
2024-01-01 23:00:00,CELL_002,macro,eMBB,595.22,7.439,0.0645,5,-111.4,-14.82,70.6,32,1
2024-01-02 00:00:00,CELL_002,macro,eMBB,699.36,6.833,0.3224,5,-104.8,-20.0,63.3,37,1
2024-01-02 01:00:00,CELL_002,macro,eMBB,1129.34,8.189,0.6673,2,-93.4,-9.86,99.7,72,1
2024-01-02 02:00:00,CELL_002,macro,eMBB,536.0,11.314,0.4165,3,-99.2,-14.11,45.3,35,1
2024-01-02 03:00:00,CELL_002,macro,eMBB,784.76,5.908,0.4123,7,-79.5,-6.61,71.9,40,1
2024-01-02 04:00:00,CELL_002,macro,eMBB,896.01,5.264,0.0975,4,-101.7,-14.03,82.8,52,1
2024-01-02 05:00:00,CELL_002,macro,eMBB,627.85,6.809,1.2764,5,-78.9,-12.29,65.3,57,1
2024-01-02 06:00:00,CELL_002,macro,eMBB,840.26,6.7,0.7534,1,-94.5,-12.81,75.7,55,1
2024-01-02 07:00:00,CELL_002,macro,eMBB,929.58,9.576,1.0633,3,-100.0,-6.12,66.8,37,1
2024-01-02 08:00:00,CELL_002,macro,eMBB,809.85,8.305,0.4967,7,-80.4,-10.15,52.6,37,1
2024-01-02 09:00:00,CELL_002,macro,eMBB,843.23,6.958,0.1398,3,-90.0,-20.0,74.4,42,1
2024-01-02 10:00:00,CELL_002,macro,eMBB,826.92,10.171,0.0648,2,-70.0,-15.45,78.6,43,1
2024-01-02 11:00:00,CELL_002,macro,eMBB,835.3,6.521,1.2604,7,-88.3,-8.42,61.2,40,1
2024-01-02 12:00:00,CELL_002,macro,eMBB,721.69,14.086,0.0403,2,-100.8,-5.22,56.4,26,1
2024-01-02 13:00:00,CELL_002,macro,eMBB,592.89,10.899,1.2926,3,-101.1,-7.59,67.8,46,1
2024-01-02 14:00:00,CELL_002,macro,eMBB,828.75,9.73,1.2256,4,-79.5,-12.64,69.4,51,1
2024-01-02 15:00:00,CELL_002,macro,eMBB,862.51,5.435,0.4872,4,-118.5,-15.46,75.2,40,1
2024-01-02 16:00:00,CELL_002,macro,eMBB,482.52,11.351,0.0963,3,-100.7,-8.3,57.0,40,1
2024-01-02 17:00:00,CELL_002,macro,eMBB,742.73,11.452,0.3761,6,-106.0,-9.32,45.8,27,1
2024-01-02 18:00:00,CELL_002,macro,eMBB,984.51,4.673,0.9652,2,-88.8,-4.12,49.0,45,1
2024-01-02 19:00:00,CELL_002,macro,eMBB,584.49,10.88,1.0472,4,-71.1,-19.46,72.2,42,1
2024-01-02 20:00:00,CELL_002,macro,eMBB,689.74,9.818,0.2521,3,-77.4,-18.66,75.3,41,1
2024-01-02 21:00:00,CELL_002,macro,eMBB,960.83,5.915,0.4156,6,-97.6,-14.02,51.9,45,1
2024-01-02 22:00:00,CELL_002,macro,eMBB,625.84,11.443,1.041,2,-88.2,-4.64,49.9,29,1
2024-01-02 23:00:00,CELL_002,macro,eMBB,886.38,9.816,0.4176,3,-116.6,-17.94,81.6,53,1
2024-01-03 00:00:00,CELL_002,macro,eMBB,532.23,8.332,1.9425,4,-114.3,-13.51,66.8,35,1
2024-01-03 01:00:00,CELL_002,macro,eMBB,861.59,10.313,0.7778,5,-96.9,-12.92,85.7,50,1
2024-01-03 02:00:00,CELL_002,macro,eMBB,634.03,7.272,0.0603,1,-86.4,-5.05,71.2,44,1
2024-01-03 03:00:00,CELL_002,macro,eMBB,1072.96,10.535,0.0143,0,-100.7,-13.88,86.4,57,1
2024-01-03 04:00:00,CELL_002,macro,eMBB,967.03,5.704,0.4533,1,-97.8,-15.58,76.2,53,1
2024-01-03 05:00:00,CELL_002,macro,eMBB,732.76,6.648,0.476,4,-112.9,-12.81,76.1,49,1
2024-01-03 06:00:00,CELL_002,macro,eMBB,649.58,8.724,1.1051,2,-80.0,-6.73,62.9,36,1
2024-01-03 07:00:00,CELL_002,macro,eMBB,909.83,7.024,0.2986,2,-83.1,-17.84,68.0,39,1
2024-01-03 08:00:00,CELL_002,macro,eMBB,504.21,11.607,0.1324,6,-104.9,-10.49,56.9,28,1
2024-01-03 09:00:00,CELL_002,macro,eMBB,749.29,12.1,0.3323,1,-96.2,-20.0,72.6,33,1
2024-01-03 10:00:00,CELL_002,macro,eMBB,701.26,10.295,0.7388,3,-97.4,-13.1,56.6,40,1
2024-01-03 11:00:00,CELL_002,macro,eMBB,946.17,10.274,0.4529,5,-92.5,-13.72,85.0,58,1
2024-01-03 12:00:00,CELL_002,macro,eMBB,624.13,9.586,0.4716,2,-92.2,-10.06,43.7,39,1
2024-01-03 13:00:00,CELL_002,macro,eMBB,603.71,6.595,0.3345,3,-71.2,-8.2,79.0,39,1
2024-01-03 14:00:00,CELL_002,macro,eMBB,894.61,7.227,0.2641,5,-98.5,-15.98,80.4,46,1
2024-01-03 15:00:00,CELL_002,macro,eMBB,694.01,10.054,0.3517,4,-88.3,-18.72,41.6,37,1
2024-01-03 16:00:00,CELL_002,macro,eMBB,705.1,7.398,0.0042,4,-86.1,-15.07,71.6,58,1
2024-01-03 17:00:00,CELL_002,macro,eMBB,786.78,9.357,1.0702,2,-94.6,-11.99,50.1,48,1
2024-01-03 18:00:00,CELL_002,macro,eMBB,612.58,11.49,0.2087,3,-86.6,-17.46,62.0,39,1
2024-01-03 19:00:00,CELL_002,macro,eMBB,776.74,10.973,0.7428,3,-103.3,-14.42,63.3,40,1
2024-01-03 20:00:00,CELL_002,macro,eMBB,765.24,10.696,0.1653,1,-119.6,-18.53,77.8,50,1
2024-01-03 21:00:00,CELL_002,macro,eMBB,626.81,10.675,1.1557,3,-70.0,-19.12,55.1,41,1
2024-01-03 22:00:00,CELL_002,macro,eMBB,708.16,10.505,0.5445,4,-118.2,-10.98,60.3,35,1
2024-01-03 23:00:00,CELL_002,macro,eMBB,858.98,11.909,0.1204,2,-90.0,-11.1,46.3,41,1
2024-01-04 00:00:00,CELL_002,macro,eMBB,996.8,7.392,0.0815,5,-118.8,-10.0,87.8,51,1
2024-01-04 01:00:00,CELL_002,macro,eMBB,994.77,8.845,0.4765,2,-102.6,-11.98,78.3,46,1
2024-01-04 02:00:00,CELL_002,macro,eMBB,676.67,11.184,0.0811,2,-107.6,-14.7,56.8,36,1
2024-01-04 03:00:00,CELL_002,macro,eMBB,980.87,8.382,0.4649,3,-111.5,-17.53,91.8,41,1
2024-01-04 04:00:00,CELL_002,macro,eMBB,871.09,6.933,0.8864,2,-107.4,-8.57,73.4,44,1
2024-01-04 05:00:00,CELL_002,macro,eMBB,751.59,7.819,0.2047,1,-86.1,-4.22,70.6,45,1
2024-01-04 06:00:00,CELL_002,macro,eMBB,795.03,9.983,2.2813,3,-90.2,-12.1,96.8,49,0
2024-01-04 07:00:00,CELL_002,macro,eMBB,731.35,7.823,0.0064,0,-98.6,-18.0,83.9,42,1
2024-01-04 08:00:00,CELL_002,macro,eMBB,1001.94,5.735,0.0809,4,-97.0,-15.89,84.1,58,1
2024-01-04 09:00:00,CELL_002,macro,eMBB,798.46,10.35,0.3332,1,-89.5,-6.5,91.9,46,1
2024-01-04 10:00:00,CELL_002,macro,eMBB,1113.44,7.183,0.441,4,-84.1,-7.51,90.1,63,1
2024-01-04 11:00:00,CELL_002,macro,eMBB,549.1,11.005,0.2115,0,-109.5,-20.0,65.1,44,1
2024-01-04 12:00:00,CELL_002,macro,eMBB,1049.62,6.71,0.153,6,-106.4,-12.66,100.0,62,1
2024-01-04 13:00:00,CELL_002,macro,eMBB,819.7,0.736,0.2459,6,-120.0,-9.64,90.6,62,1
2024-01-04 14:00:00,CELL_002,macro,eMBB,961.97,10.343,0.9818,3,-84.7,-13.17,89.0,43,1
2024-01-04 15:00:00,CELL_002,macro,eMBB,680.1,10.707,0.6343,4,-105.9,-3.63,43.6,31,1
2024-01-04 16:00:00,CELL_002,macro,eMBB,723.76,7.885,0.5911,3,-120.0,-13.93,77.5,49,1
2024-01-04 17:00:00,CELL_002,macro,eMBB,722.77,11.871,0.5321,4,-79.9,-11.13,62.5,31,1
2024-01-04 18:00:00,CELL_002,macro,eMBB,503.2,12.889,0.7205,4,-93.4,-19.35,55.5,27,1
2024-01-04 19:00:00,CELL_002,macro,eMBB,855.48,12.909,0.6622,4,-117.5,-12.18,54.7,38,1
2024-01-04 20:00:00,CELL_002,macro,eMBB,653.09,10.267,1.0479,3,-99.6,-13.56,72.2,32,1
2024-01-04 21:00:00,CELL_002,macro,eMBB,1057.46,8.768,0.6222,1,-98.3,-10.62,78.7,57,1
2024-01-04 22:00:00,CELL_002,macro,eMBB,700.67,12.654,0.1827,2,-103.1,-15.66,40.0,38,1
2024-01-04 23:00:00,CELL_002,macro,eMBB,763.14,10.536,0.437,3,-77.1,-10.92,64.7,36,1
2024-01-05 00:00:00,CELL_002,macro,eMBB,812.54,10.77,0.2337,3,-113.5,-3.0,77.4,39,1
2024-01-05 01:00:00,CELL_002,macro,eMBB,860.59,8.459,0.2225,3,-89.4,-20.0,57.5,49,1
2024-01-05 02:00:00,CELL_002,macro,eMBB,997.51,8.138,0.0732,3,-95.5,-10.33,64.0,43,1
2024-01-05 03:00:00,CELL_002,macro,eMBB,598.16,9.422,1.5227,5,-86.9,-13.41,63.8,45,1
2024-01-05 04:00:00,CELL_002,macro,eMBB,683.43,6.621,0.3282,3,-93.1,-12.85,67.0,43,1
2024-01-05 05:00:00,CELL_002,macro,eMBB,817.51,6.773,0.4724,3,-92.5,-16.28,63.1,39,1
2024-01-05 06:00:00,CELL_002,macro,eMBB,699.07,4.419,0.1788,3,-84.6,-14.24,56.9,38,1
2024-01-05 07:00:00,CELL_002,macro,eMBB,1185.11,7.883,1.0774,1,-96.3,-14.28,63.4,60,1
2024-01-05 08:00:00,CELL_002,macro,eMBB,656.94,7.518,0.8055,3,-94.6,-9.13,75.6,49,1
2024-01-05 09:00:00,CELL_002,macro,eMBB,644.77,7.932,0.5471,3,-113.5,-12.39,89.2,54,1
2024-01-05 10:00:00,CELL_002,macro,eMBB,766.43,7.76,0.7035,3,-98.7,-15.16,85.2,58,1
2024-01-05 11:00:00,CELL_002,macro,eMBB,645.96,7.506,1.9188,1,-94.0,-6.61,57.6,45,1
2024-01-05 12:00:00,CELL_002,macro,eMBB,655.43,10.978,0.0199,10,-95.0,-6.02,79.3,25,1
2024-01-05 13:00:00,CELL_002,macro,eMBB,640.63,7.831,0.2779,4,-89.0,-6.06,78.4,44,1
2024-01-05 14:00:00,CELL_002,macro,eMBB,561.18,9.522,0.5364,2,-103.0,-16.1,82.5,39,1
2024-01-05 15:00:00,CELL_002,macro,eMBB,776.78,4.329,1.0791,1,-92.8,-10.26,93.4,46,1
2024-01-05 16:00:00,CELL_002,macro,eMBB,520.65,12.814,3.1594,0,-101.3,-19.49,58.1,26,0
2024-01-05 17:00:00,CELL_002,macro,eMBB,943.62,8.312,0.0179,2,-92.7,-16.54,68.2,54,1
2024-01-05 18:00:00,CELL_002,macro,eMBB,580.23,10.555,0.0125,2,-98.9,-16.35,53.0,39,1
2024-01-05 19:00:00,CELL_002,macro,eMBB,661.69,11.148,0.5071,5,-114.3,-10.27,53.5,35,1
2024-01-05 20:00:00,CELL_002,macro,eMBB,712.09,10.429,0.3981,0,-103.8,-15.76,49.3,37,1
2024-01-05 21:00:00,CELL_002,macro,eMBB,541.02,9.877,0.3854,7,-99.1,-17.37,67.9,39,1
2024-01-05 22:00:00,CELL_002,macro,eMBB,539.77,10.934,0.4419,1,-103.5,-7.95,45.2,31,1
2024-01-05 23:00:00,CELL_002,macro,eMBB,950.0,10.67,1.2308,3,-70.0,-8.86,74.5,49,1
2024-01-06 00:00:00,CELL_002,macro,eMBB,830.66,10.559,1.4456,1,-70.0,-12.75,64.9,43,1
2024-01-06 01:00:00,CELL_002,macro,eMBB,695.33,8.601,0.0931,3,-111.9,-12.78,56.9,38,1
2024-01-06 02:00:00,CELL_002,macro,eMBB,851.8,5.641,0.7442,5,-92.9,-19.62,83.3,55,1
2024-01-06 03:00:00,CELL_002,macro,eMBB,840.11,8.271,1.5947,2,-120.0,-11.56,74.1,41,1
2024-01-06 04:00:00,CELL_002,macro,eMBB,829.59,6.096,0.6076,2,-115.5,-3.18,61.0,34,1
2024-01-06 05:00:00,CELL_002,macro,eMBB,1011.05,6.543,0.6291,2,-86.4,-12.86,89.4,69,1
2024-01-06 06:00:00,CELL_002,macro,eMBB,1107.15,10.44,0.3921,1,-96.9,-14.79,75.6,49,1
2024-01-06 07:00:00,CELL_002,macro,eMBB,669.73,4.208,0.9216,4,-112.5,-16.5,72.0,30,1
2024-01-06 08:00:00,CELL_002,macro,eMBB,770.92,6.156,0.9457,6,-70.0,-3.0,41.6,35,1
2024-01-06 09:00:00,CELL_002,macro,eMBB,906.53,13.87,0.8713,4,-87.8,-9.87,88.8,41,1
2024-01-06 10:00:00,CELL_002,macro,eMBB,615.11,7.413,0.5469,6,-102.2,-19.22,67.2,42,1
2024-01-06 11:00:00,CELL_002,macro,eMBB,656.76,13.207,0.0125,6,-98.9,-6.73,65.6,37,1
2024-01-06 12:00:00,CELL_002,macro,eMBB,912.69,5.372,0.3305,3,-105.3,-16.23,73.8,29,1
2024-01-06 13:00:00,CELL_002,macro,eMBB,754.11,6.581,0.5517,3,-77.6,-12.89,76.0,42,1
2024-01-06 14:00:00,CELL_002,macro,eMBB,1075.37,9.375,0.1907,5,-115.1,-8.94,84.7,58,1
2024-01-06 15:00:00,CELL_002,macro,eMBB,551.92,9.298,0.3802,2,-106.6,-17.44,39.5,27,1
2024-01-06 16:00:00,CELL_002,macro,eMBB,313.52,12.083,0.3844,7,-115.2,-12.87,43.2,19,1
2024-01-06 17:00:00,CELL_002,macro,eMBB,1136.87,10.162,0.4178,4,-95.8,-12.05,68.0,43,1
2024-01-06 18:00:00,CELL_002,macro,eMBB,506.52,7.741,0.994,4,-79.4,-14.24,42.4,30,1
2024-01-06 19:00:00,CELL_002,macro,eMBB,736.61,12.19,0.1101,4,-120.0,-17.2,56.3,39,1
2024-01-06 20:00:00,CELL_002,macro,eMBB,500.35,7.805,0.4853,4,-106.7,-3.0,70.3,42,1
2024-01-06 21:00:00,CELL_002,macro,eMBB,829.87,9.636,0.2823,3,-105.9,-17.57,76.5,31,1
2024-01-06 22:00:00,CELL_002,macro,eMBB,683.13,9.838,0.0283,2,-102.3,-20.0,45.8,29,1
2024-01-06 23:00:00,CELL_002,macro,eMBB,594.83,8.671,0.0189,3,-100.6,-9.19,60.0,47,1
2024-01-07 00:00:00,CELL_002,macro,eMBB,677.59,10.852,0.1992,2,-120.0,-9.71,66.1,41,1
2024-01-07 01:00:00,CELL_002,macro,eMBB,747.29,10.308,0.7031,3,-92.0,-14.11,68.0,45,1
2024-01-07 02:00:00,CELL_002,macro,eMBB,889.0,8.676,0.0097,2,-75.5,-15.57,76.6,41,1
2024-01-07 03:00:00,CELL_002,macro,eMBB,1086.11,7.297,0.0845,3,-117.9,-15.43,97.8,56,1
2024-01-07 04:00:00,CELL_002,macro,eMBB,860.46,7.856,2.3843,3,-98.3,-10.83,69.6,51,0
2024-01-07 05:00:00,CELL_002,macro,eMBB,692.82,10.758,0.1281,2,-108.3,-4.98,81.3,45,1
2024-01-07 06:00:00,CELL_002,macro,eMBB,980.6,7.662,0.6883,1,-119.2,-3.0,77.4,44,1
2024-01-07 07:00:00,CELL_002,macro,eMBB,616.87,9.773,0.9739,5,-100.5,-12.9,61.2,31,1
2024-01-07 08:00:00,CELL_002,macro,eMBB,757.42,6.566,0.2349,5,-98.6,-10.36,93.5,53,1
2024-01-07 09:00:00,CELL_002,macro,eMBB,1007.5,8.138,0.3864,4,-106.1,-13.51,72.3,44,1
2024-01-07 10:00:00,CELL_002,macro,eMBB,667.32,8.034,0.4061,2,-85.9,-12.3,45.3,29,1
2024-01-07 11:00:00,CELL_002,macro,eMBB,893.79,6.368,0.3288,3,-79.2,-8.81,69.2,44,1
2024-01-07 12:00:00,CELL_002,macro,eMBB,817.25,4.884,1.2653,4,-102.8,-14.69,64.5,45,1
2024-01-07 13:00:00,CELL_002,macro,eMBB,353.72,8.446,0.4075,2,-116.8,-3.61,64.2,31,1
2024-01-07 14:00:00,CELL_002,macro,eMBB,394.34,10.22,0.9325,4,-97.2,-12.61,59.5,37,1
2024-01-07 15:00:00,CELL_002,macro,eMBB,719.97,7.742,0.4745,5,-71.0,-4.52,82.0,48,1
2024-01-07 16:00:00,CELL_002,macro,eMBB,453.9,15.632,0.1383,0,-70.0,-5.18,44.6,27,1
2024-01-07 17:00:00,CELL_002,macro,eMBB,746.35,10.871,0.582,4,-116.4,-12.78,65.0,40,1
2024-01-07 18:00:00,CELL_002,macro,eMBB,677.11,11.896,0.1893,5,-90.6,-11.78,71.9,38,1
2024-01-07 19:00:00,CELL_002,macro,eMBB,432.02,10.355,0.4991,2,-87.4,-14.3,40.8,39,1
2024-01-07 20:00:00,CELL_002,macro,eMBB,560.77,14.763,0.3219,2,-111.7,-13.39,44.8,25,1
2024-01-07 21:00:00,CELL_002,macro,eMBB,712.35,12.981,0.1887,1,-90.7,-16.04,68.2,43,1
2024-01-07 22:00:00,CELL_002,macro,eMBB,419.5,9.499,0.1915,6,-100.8,-8.83,46.2,30,1
2024-01-07 23:00:00,CELL_002,macro,eMBB,729.69,11.101,0.1197,1,-81.5,-16.07,61.4,37,1
2024-01-08 00:00:00,CELL_002,macro,eMBB,849.88,8.307,0.1016,1,-105.3,-12.14,53.7,42,1
2024-01-08 01:00:00,CELL_002,macro,eMBB,871.05,8.556,0.8416,9,-114.8,-18.69,66.1,43,1
2024-01-08 02:00:00,CELL_002,macro,eMBB,827.45,8.333,0.6766,2,-75.3,-8.77,78.7,60,1
2024-01-08 03:00:00,CELL_002,macro,eMBB,1023.28,6.919,0.8002,2,-87.1,-15.39,80.4,60,1
2024-01-08 04:00:00,CELL_002,macro,eMBB,571.29,8.805,0.4446,2,-107.5,-10.32,53.4,39,1
2024-01-08 05:00:00,CELL_002,macro,eMBB,693.3,7.266,0.0177,2,-95.3,-3.87,51.9,42,1
2024-01-08 06:00:00,CELL_002,macro,eMBB,1077.66,3.591,0.1636,2,-101.1,-3.0,80.3,49,1
2024-01-08 07:00:00,CELL_002,macro,eMBB,946.42,8.76,0.0375,4,-101.0,-8.56,77.9,56,1
2024-01-08 08:00:00,CELL_002,macro,eMBB,755.33,10.034,0.4812,5,-94.6,-15.77,88.8,61,1
2024-01-08 09:00:00,CELL_002,macro,eMBB,595.2,13.774,0.0546,3,-101.9,-8.82,52.3,41,1
2024-01-08 10:00:00,CELL_002,macro,eMBB,683.63,9.231,1.65,1,-88.3,-6.09,70.9,41,1
2024-01-08 11:00:00,CELL_002,macro,eMBB,856.96,10.852,0.0749,7,-101.5,-14.97,57.0,40,1
2024-01-08 12:00:00,CELL_002,macro,eMBB,732.06,12.293,0.2216,3,-86.7,-16.91,56.0,46,1
2024-01-08 13:00:00,CELL_002,macro,eMBB,933.63,8.167,0.1184,2,-99.0,-6.47,36.4,45,1
2024-01-08 14:00:00,CELL_002,macro,eMBB,887.55,7.526,0.2159,3,-83.6,-7.39,61.5,32,1
2024-01-08 15:00:00,CELL_002,macro,eMBB,1057.22,8.796,0.7796,2,-91.3,-16.39,64.2,65,1
2024-01-08 16:00:00,CELL_002,macro,eMBB,699.97,8.389,0.105,5,-97.6,-11.49,62.8,37,1
2024-01-08 17:00:00,CELL_002,macro,eMBB,660.62,8.882,0.4537,6,-83.8,-10.46,61.1,36,1
2024-01-08 18:00:00,CELL_002,macro,eMBB,637.93,7.996,0.2139,1,-75.9,-13.64,48.0,33,1
2024-01-08 19:00:00,CELL_002,macro,eMBB,769.56,8.122,0.3711,1,-119.3,-10.11,50.4,28,1
2024-01-08 20:00:00,CELL_002,macro,eMBB,461.09,11.007,0.1064,1,-112.7,-4.19,57.4,29,1
2024-01-08 21:00:00,CELL_002,macro,eMBB,877.53,10.52,0.7359,6,-95.6,-14.99,66.2,38,1
2024-01-08 22:00:00,CELL_002,macro,eMBB,739.74,9.613,0.079,2,-84.8,-20.0,65.3,56,1
2024-01-08 23:00:00,CELL_002,macro,eMBB,574.04,9.969,0.6887,1,-115.1,-9.07,56.8,33,1
2024-01-09 00:00:00,CELL_002,macro,eMBB,829.91,12.582,1.8367,5,-105.5,-7.12,48.8,49,1
2024-01-09 01:00:00,CELL_002,macro,eMBB,915.06,8.767,0.1035,2,-77.6,-14.69,74.0,51,1
2024-01-09 02:00:00,CELL_002,macro,eMBB,688.42,11.042,0.56,3,-117.8,-20.0,96.6,42,1
2024-01-09 03:00:00,CELL_002,macro,eMBB,770.86,8.993,0.4195,4,-100.9,-4.92,85.3,40,1
2024-01-09 04:00:00,CELL_002,macro,eMBB,764.86,7.454,1.0313,3,-91.1,-7.33,58.5,39,1
2024-01-09 05:00:00,CELL_002,macro,eMBB,728.9,11.271,0.0934,2,-100.9,-6.98,68.7,35,1
2024-01-09 06:00:00,CELL_002,macro,eMBB,869.02,7.204,0.0495,4,-87.7,-12.21,88.9,47,1
2024-01-09 07:00:00,CELL_002,macro,eMBB,623.89,11.595,0.052,1,-95.7,-8.09,81.2,45,1
2024-01-09 08:00:00,CELL_002,macro,eMBB,841.95,9.461,0.8355,5,-85.4,-13.92,59.9,33,1
2024-01-09 09:00:00,CELL_002,macro,eMBB,752.54,8.704,0.6045,5,-119.9,-16.72,76.8,38,1
2024-01-09 10:00:00,CELL_002,macro,eMBB,872.88,7.497,1.0966,3,-75.5,-12.4,74.3,37,1
2024-01-09 11:00:00,CELL_002,macro,eMBB,819.84,10.98,0.3207,4,-98.9,-13.52,80.4,46,1
2024-01-09 12:00:00,CELL_002,macro,eMBB,657.13,7.384,0.1072,1,-73.4,-12.26,73.8,42,1
2024-01-09 13:00:00,CELL_002,macro,eMBB,812.57,7.539,0.5845,2,-70.0,-8.02,60.5,31,1
2024-01-09 14:00:00,CELL_002,macro,eMBB,906.89,9.706,0.0022,3,-70.0,-13.68,68.4,39,1
2024-01-09 15:00:00,CELL_002,macro,eMBB,709.67,8.113,0.5304,3,-115.5,-11.73,63.6,50,1
2024-01-09 16:00:00,CELL_002,macro,eMBB,586.04,7.204,0.0827,1,-99.5,-14.23,69.3,39,1
2024-01-09 17:00:00,CELL_002,macro,eMBB,546.45,9.294,0.0773,2,-103.2,-13.24,34.1,24,1
2024-01-09 18:00:00,CELL_002,macro,eMBB,683.58,7.504,0.1585,1,-90.5,-12.22,70.9,44,1
2024-01-09 19:00:00,CELL_002,macro,eMBB,596.44,10.944,0.734,10,-95.3,-20.0,64.7,28,1
2024-01-09 20:00:00,CELL_002,macro,eMBB,687.62,11.238,0.5179,2,-93.9,-3.0,65.7,22,1
2024-01-09 21:00:00,CELL_002,macro,eMBB,853.48,6.765,0.7783,1,-96.7,-11.44,68.9,53,1
2024-01-09 22:00:00,CELL_002,macro,eMBB,961.93,9.28,0.4715,4,-94.2,-8.86,61.7,41,1
2024-01-09 23:00:00,CELL_002,macro,eMBB,763.5,7.64,2.7431,1,-93.5,-5.35,53.3,39,0
2024-01-10 00:00:00,CELL_002,macro,eMBB,654.99,6.205,0.2762,2,-81.8,-13.12,100.0,37,1
2024-01-10 01:00:00,CELL_002,macro,eMBB,724.63,9.025,0.2323,1,-90.5,-7.75,75.2,36,1
2024-01-10 02:00:00,CELL_002,macro,eMBB,839.02,8.467,0.4399,3,-99.6,-6.95,77.6,36,1
2024-01-10 03:00:00,CELL_002,macro,eMBB,762.37,8.576,0.2654,1,-94.5,-15.19,53.5,50,1
2024-01-10 04:00:00,CELL_002,macro,eMBB,579.35,13.229,0.7264,4,-94.5,-15.21,58.6,45,1
2024-01-10 05:00:00,CELL_002,macro,eMBB,797.14,8.488,1.3602,2,-85.9,-17.77,70.9,47,1
2024-01-10 06:00:00,CELL_002,macro,eMBB,877.96,8.981,0.77,4,-120.0,-18.04,75.7,35,1
2024-01-10 07:00:00,CELL_002,macro,eMBB,887.35,8.247,0.4728,3,-88.6,-18.13,69.0,36,1
2024-01-10 08:00:00,CELL_002,macro,eMBB,921.8,3.341,0.4577,3,-86.2,-9.81,70.1,48,1
2024-01-10 09:00:00,CELL_002,macro,eMBB,721.48,6.959,0.6391,1,-93.3,-12.94,94.5,60,1
2024-01-10 10:00:00,CELL_002,macro,eMBB,814.97,6.264,1.4186,5,-100.6,-14.4,77.6,52,1
2024-01-10 11:00:00,CELL_002,macro,eMBB,790.81,7.457,2.0242,2,-76.9,-10.87,85.3,43,0
2024-01-10 12:00:00,CELL_002,macro,eMBB,851.19,6.191,0.0466,5,-107.1,-4.31,85.4,54,1
2024-01-10 13:00:00,CELL_002,macro,eMBB,769.65,9.481,0.2399,4,-87.5,-12.45,69.9,36,1
2024-01-10 14:00:00,CELL_002,macro,eMBB,1027.49,4.775,0.0638,5,-104.5,-19.85,92.5,51,1
2024-01-10 15:00:00,CELL_002,macro,eMBB,832.45,11.421,0.7732,5,-74.5,-20.0,67.0,40,1
2024-01-10 16:00:00,CELL_002,macro,eMBB,812.86,11.124,0.5769,4,-111.8,-11.45,52.3,42,1
2024-01-10 17:00:00,CELL_002,macro,eMBB,635.58,10.5,1.0423,2,-120.0,-14.55,71.6,42,1
2024-01-10 18:00:00,CELL_002,macro,eMBB,693.94,9.482,0.092,5,-86.7,-6.58,51.5,29,1
2024-01-10 19:00:00,CELL_002,macro,eMBB,514.28,11.682,2.602,0,-112.4,-3.0,70.6,44,0
2024-01-10 20:00:00,CELL_002,macro,eMBB,533.52,14.733,0.1566,1,-93.9,-15.22,68.1,49,1
2024-01-10 21:00:00,CELL_002,macro,eMBB,500.25,11.843,0.0503,4,-118.7,-8.16,64.5,31,1
2024-01-10 22:00:00,CELL_002,macro,eMBB,1203.14,9.216,0.0093,2,-82.9,-13.47,100.0,61,1
2024-01-10 23:00:00,CELL_002,macro,eMBB,891.21,5.157,0.4003,2,-120.0,-11.37,57.2,47,1
2024-01-11 00:00:00,CELL_002,macro,eMBB,704.16,13.086,0.4704,1,-80.3,-11.1,60.2,49,1
2024-01-11 01:00:00,CELL_002,macro,eMBB,517.44,12.094,0.1111,2,-95.5,-4.45,12.5,36,1
2024-01-11 02:00:00,CELL_002,macro,eMBB,1214.24,5.704,1.1309,7,-96.2,-8.09,100.0,63,1
2024-01-11 03:00:00,CELL_002,macro,eMBB,805.28,5.802,0.1033,5,-82.8,-11.49,76.8,49,1
2024-01-11 04:00:00,CELL_002,macro,eMBB,741.32,5.659,0.3478,3,-120.0,-10.61,57.3,33,1
2024-01-11 05:00:00,CELL_002,macro,eMBB,691.36,10.004,0.8142,5,-73.2,-4.58,71.1,40,1
2024-01-11 06:00:00,CELL_002,macro,eMBB,606.27,7.344,0.1309,6,-87.3,-8.25,50.8,37,1
2024-01-11 07:00:00,CELL_002,macro,eMBB,976.95,11.851,0.4433,3,-94.3,-6.47,90.1,48,1
2024-01-11 08:00:00,CELL_002,macro,eMBB,654.46,7.866,0.2686,4,-92.0,-9.7,75.5,44,1
2024-01-11 09:00:00,CELL_002,macro,eMBB,667.81,8.091,0.0392,4,-80.6,-11.67,63.7,38,1
2024-01-01 00:00:00,CELL_003,macro,eMBB,743.99,9.089,0.6785,5,-80.0,-16.55,64.0,51,1
2024-01-01 01:00:00,CELL_003,macro,eMBB,805.01,9.557,0.2687,3,-120.0,-5.25,75.7,50,1
2024-01-01 02:00:00,CELL_003,macro,eMBB,1201.77,4.603,0.3466,4,-94.0,-20.0,100.0,40,1
2024-01-01 03:00:00,CELL_003,macro,eMBB,679.13,8.818,0.2746,2,-120.0,-9.41,82.3,50,1
2024-01-01 04:00:00,CELL_003,macro,eMBB,955.43,4.824,0.3053,0,-120.0,-16.45,89.6,40,1
2024-01-01 05:00:00,CELL_003,macro,eMBB,1001.53,3.181,0.7454,1,-120.0,-8.82,90.2,54,1
2024-01-01 06:00:00,CELL_003,macro,eMBB,709.56,7.887,0.1341,3,-105.7,-19.22,55.3,40,1
2024-01-01 07:00:00,CELL_003,macro,eMBB,1098.64,7.761,0.0124,1,-96.7,-6.24,66.6,51,1
2024-01-01 08:00:00,CELL_003,macro,eMBB,810.53,9.579,1.0816,3,-114.2,-17.65,71.4,38,1
2024-01-01 09:00:00,CELL_003,macro,eMBB,884.55,9.003,0.137,5,-114.9,-3.0,57.3,35,1
2024-01-01 10:00:00,CELL_003,macro,eMBB,624.64,12.097,0.2213,0,-92.4,-11.33,48.7,47,1
2024-01-01 11:00:00,CELL_003,macro,eMBB,862.62,9.908,1.1276,5,-111.9,-9.91,69.5,46,1
2024-01-01 12:00:00,CELL_003,macro,eMBB,761.18,5.913,1.038,1,-70.2,-12.6,62.4,58,1
2024-01-01 13:00:00,CELL_003,macro,eMBB,840.52,4.592,1.084,2,-70.0,-12.74,93.6,64,1
2024-01-01 14:00:00,CELL_003,macro,eMBB,779.7,8.789,0.6835,2,-99.7,-13.77,81.7,43,1
2024-01-01 15:00:00,CELL_003,macro,eMBB,910.72,7.521,0.3288,5,-106.6,-13.07,76.1,46,1
2024-01-01 16:00:00,CELL_003,macro,eMBB,904.79,9.546,0.3621,3,-71.9,-9.81,54.3,32,1
2024-01-01 17:00:00,CELL_003,macro,eMBB,729.43,9.41,3.0824,3,-120.0,-11.64,50.9,34,0
2024-01-01 18:00:00,CELL_003,macro,eMBB,968.28,6.864,0.456,1,-95.7,-12.83,60.4,45,1
2024-01-01 19:00:00,CELL_003,macro,eMBB,862.11,9.967,0.7467,3,-86.2,-16.37,63.1,47,1
2024-01-01 20:00:00,CELL_003,macro,eMBB,610.63,13.206,0.0528,4,-98.9,-17.09,55.2,49,1
2024-01-01 21:00:00,CELL_003,macro,eMBB,826.93,11.563,1.5136,3,-97.6,-12.82,58.2,55,1
2024-01-01 22:00:00,CELL_003,macro,eMBB,1029.3,9.52,0.2978,4,-70.1,-5.49,57.1,52,1
2024-01-01 23:00:00,CELL_003,macro,eMBB,855.72,10.152,0.1134,3,-70.0,-8.53,58.7,59,1
2024-01-02 00:00:00,CELL_003,macro,eMBB,372.47,9.72,0.264,2,-71.0,-15.32,72.3,45,1
2024-01-02 01:00:00,CELL_003,macro,eMBB,584.88,12.934,0.3143,4,-81.7,-16.01,62.7,41,1
2024-01-02 02:00:00,CELL_003,macro,eMBB,826.02,6.131,0.0017,1,-120.0,-10.44,39.2,41,1
2024-01-02 03:00:00,CELL_003,macro,eMBB,859.87,9.231,0.3451,3,-77.7,-3.0,78.1,53,1
2024-01-02 04:00:00,CELL_003,macro,eMBB,898.95,2.34,0.234,9,-93.4,-15.04,91.7,51,1
2024-01-02 05:00:00,CELL_003,macro,eMBB,1028.67,3.853,0.6272,4,-78.8,-16.22,84.8,61,1
2024-01-02 06:00:00,CELL_003,macro,eMBB,950.85,11.25,0.2468,3,-116.7,-8.11,82.0,53,1
2024-01-02 07:00:00,CELL_003,macro,eMBB,723.61,7.167,0.3576,1,-91.1,-5.83,72.3,47,1
2024-01-02 08:00:00,CELL_003,macro,eMBB,904.6,9.011,1.4641,1,-117.0,-9.18,90.8,52,1
2024-01-02 09:00:00,CELL_003,macro,eMBB,1128.87,7.668,0.1903,5,-120.0,-11.91,94.1,53,1
2024-01-02 10:00:00,CELL_003,macro,eMBB,673.27,6.505,1.3445,5,-94.4,-18.21,55.0,44,1
2024-01-02 11:00:00,CELL_003,macro,eMBB,992.33,7.17,0.0226,1,-83.4,-19.02,83.9,42,1
2024-01-02 12:00:00,CELL_003,macro,eMBB,829.1,8.093,0.004,8,-84.6,-20.0,78.1,44,1
2024-01-02 13:00:00,CELL_003,macro,eMBB,1126.09,5.356,0.151,1,-120.0,-12.56,55.3,58,1
2024-01-02 14:00:00,CELL_003,macro,eMBB,769.43,7.03,0.3772,5,-104.3,-10.53,67.6,35,1
2024-01-02 15:00:00,CELL_003,macro,eMBB,895.42,6.566,0.1224,1,-86.7,-20.0,75.7,57,1
2024-01-02 16:00:00,CELL_003,macro,eMBB,536.43,14.755,0.054,2,-101.8,-7.24,50.5,37,1
2024-01-02 17:00:00,CELL_003,macro,eMBB,517.66,13.359,0.6611,1,-120.0,-7.46,38.9,26,1
2024-01-02 18:00:00,CELL_003,macro,eMBB,634.23,11.216,0.6292,2,-92.6,-16.25,78.9,35,1
2024-01-02 19:00:00,CELL_003,macro,eMBB,475.62,3.11,0.369,3,-115.9,-13.12,78.9,42,1
2024-01-02 20:00:00,CELL_003,macro,eMBB,956.01,5.794,1.1664,1,-108.4,-7.31,95.4,45,1
2024-01-02 21:00:00,CELL_003,macro,eMBB,881.78,11.286,0.7205,1,-92.8,-13.55,65.2,41,1
2024-01-02 22:00:00,CELL_003,macro,eMBB,1047.07,7.388,0.1981,4,-93.5,-8.97,76.0,49,1
2024-01-02 23:00:00,CELL_003,macro,eMBB,762.85,8.218,0.0945,2,-120.0,-13.15,90.2,32,1
2024-01-03 00:00:00,CELL_003,macro,eMBB,835.17,4.754,0.0167,1,-84.1,-13.43,60.9,45,1
2024-01-03 01:00:00,CELL_003,macro,eMBB,1047.67,9.33,0.3784,2,-112.9,-13.52,83.6,60,1
2024-01-03 02:00:00,CELL_003,macro,eMBB,971.54,9.093,0.0381,4,-85.4,-15.8,81.0,54,1
2024-01-03 03:00:00,CELL_003,macro,eMBB,1270.06,6.963,0.0223,5,-94.5,-15.48,100.0,65,1
2024-01-03 04:00:00,CELL_003,macro,eMBB,586.06,7.522,0.5104,3,-70.0,-13.54,69.1,36,1
2024-01-03 05:00:00,CELL_003,macro,eMBB,1021.53,7.316,0.5962,3,-74.4,-19.3,76.1,34,1
2024-01-03 06:00:00,CELL_003,macro,eMBB,1196.13,6.93,0.6828,4,-86.3,-11.37,83.6,48,1
2024-01-03 07:00:00,CELL_003,macro,eMBB,886.9,8.423,0.3066,6,-79.5,-16.06,80.3,48,1
2024-01-03 08:00:00,CELL_003,macro,eMBB,1056.09,11.006,0.1027,1,-80.6,-18.12,67.1,51,1
2024-01-03 09:00:00,CELL_003,macro,eMBB,625.91,8.852,0.7443,2,-103.3,-3.0,55.3,38,1
2024-01-03 10:00:00,CELL_003,macro,eMBB,809.96,9.847,0.0405,1,-115.3,-8.25,58.1,40,1
2024-01-03 11:00:00,CELL_003,macro,eMBB,729.51,9.583,1.457,4,-118.0,-12.97,94.8,36,1
2024-01-03 12:00:00,CELL_003,macro,eMBB,904.15,5.0,0.0702,1,-109.5,-14.83,85.4,52,1
2024-01-03 13:00:00,CELL_003,macro,eMBB,809.39,8.014,0.6165,0,-104.7,-11.34,59.1,44,1
2024-01-03 14:00:00,CELL_003,macro,eMBB,866.08,8.453,0.3814,3,-99.2,-20.0,74.7,43,1
2024-01-03 15:00:00,CELL_003,macro,eMBB,689.12,7.764,0.0243,3,-104.5,-13.86,86.7,37,1
2024-01-03 16:00:00,CELL_003,macro,eMBB,1025.5,8.748,0.5272,2,-91.1,-11.91,67.6,56,1
2024-01-03 17:00:00,CELL_003,macro,eMBB,932.66,7.734,0.1679,5,-82.5,-8.58,62.4,41,1
2024-01-03 18:00:00,CELL_003,macro,eMBB,1012.54,7.05,0.2027,2,-93.5,-8.94,91.8,57,1
2024-01-03 19:00:00,CELL_003,macro,eMBB,607.15,11.227,0.2185,4,-108.8,-16.7,42.2,30,1
2024-01-03 20:00:00,CELL_003,macro,eMBB,878.78,9.771,0.1286,3,-77.1,-13.41,82.3,47,1
2024-01-03 21:00:00,CELL_003,macro,eMBB,887.89,6.583,0.6168,2,-101.9,-14.42,81.7,48,1
2024-01-03 22:00:00,CELL_003,macro,eMBB,968.28,10.453,0.23,3,-107.8,-16.77,67.3,47,1
2024-01-03 23:00:00,CELL_003,macro,eMBB,1034.79,6.93,0.3474,3,-92.7,-10.32,80.0,56,1
2024-01-04 00:00:00,CELL_003,macro,eMBB,1101.76,3.891,0.7251,4,-87.9,-11.74,81.6,66,1
2024-01-04 01:00:00,CELL_003,macro,eMBB,865.29,6.053,1.4665,3,-98.9,-8.58,78.9,57,1
2024-01-04 02:00:00,CELL_003,macro,eMBB,854.61,10.364,0.1454,4,-97.1,-11.98,67.8,47,1
2024-01-04 03:00:00,CELL_003,macro,eMBB,908.05,3.177,0.4069,5,-120.0,-16.7,66.0,54,1
2024-01-04 04:00:00,CELL_003,macro,eMBB,819.96,10.317,1.263,0,-85.0,-14.1,69.7,35,1
2024-01-04 05:00:00,CELL_003,macro,eMBB,868.93,8.177,0.6673,4,-78.9,-11.28,91.2,55,1
2024-01-04 06:00:00,CELL_003,macro,eMBB,967.65,5.976,0.468,4,-99.8,-8.47,92.4,50,1
2024-01-04 07:00:00,CELL_003,macro,eMBB,888.34,7.45,0.3617,0,-83.2,-12.88,91.6,51,1
2024-01-04 08:00:00,CELL_003,macro,eMBB,1051.37,11.222,0.1759,2,-104.2,-16.06,87.5,41,1
2024-01-04 09:00:00,CELL_003,macro,eMBB,761.38,9.33,0.9815,5,-94.7,-20.0,89.8,49,1
2024-01-04 10:00:00,CELL_003,macro,eMBB,900.45,5.36,0.0328,2,-95.7,-7.06,78.9,41,1
2024-01-04 11:00:00,CELL_003,macro,eMBB,811.47,7.178,0.8216,3,-104.4,-12.26,95.5,59,1
2024-01-04 12:00:00,CELL_003,macro,eMBB,939.66,7.137,0.7685,2,-92.7,-15.43,65.5,46,1
2024-01-04 13:00:00,CELL_003,macro,eMBB,786.32,7.756,0.0333,4,-120.0,-15.3,60.4,37,1
2024-01-04 14:00:00,CELL_003,macro,eMBB,651.81,12.055,0.1874,5,-85.1,-9.24,52.8,47,1
2024-01-04 15:00:00,CELL_003,macro,eMBB,777.98,8.159,0.5452,1,-115.5,-14.77,70.7,61,1
2024-01-04 16:00:00,CELL_003,macro,eMBB,721.23,12.224,0.7753,0,-107.1,-3.0,49.5,29,1
2024-01-04 17:00:00,CELL_003,macro,eMBB,789.56,11.59,0.0535,1,-108.1,-11.73,68.2,54,1
2024-01-04 18:00:00,CELL_003,macro,eMBB,1189.0,8.461,0.2075,3,-94.5,-12.84,87.3,60,1
2024-01-04 19:00:00,CELL_003,macro,eMBB,846.07,12.787,0.8689,2,-95.3,-7.0,66.6,39,1
2024-01-04 20:00:00,CELL_003,macro,eMBB,1012.29,8.965,0.3833,3,-100.4,-18.06,94.8,59,1
2024-01-04 21:00:00,CELL_003,macro,eMBB,776.12,9.47,0.5186,4,-99.0,-13.82,60.2,42,1
2024-01-04 22:00:00,CELL_003,macro,eMBB,874.19,10.186,0.5916,1,-86.5,-7.17,78.0,37,1
2024-01-04 23:00:00,CELL_003,macro,eMBB,1174.07,6.069,1.0118,1,-91.9,-14.26,89.6,47,1
2024-01-05 00:00:00,CELL_003,macro,eMBB,895.12,12.026,0.5178,3,-95.6,-17.69,60.7,48,1
2024-01-05 01:00:00,CELL_003,macro,eMBB,859.47,6.006,1.7004,5,-110.4,-4.15,61.1,46,1
2024-01-05 02:00:00,CELL_003,macro,eMBB,827.96,5.818,0.0667,1,-105.0,-19.67,100.0,43,1
2024-01-05 03:00:00,CELL_003,macro,eMBB,744.33,3.395,0.8866,6,-93.5,-7.36,64.8,60,1
2024-01-05 04:00:00,CELL_003,macro,eMBB,954.34,7.742,0.7071,6,-84.5,-20.0,78.1,37,1
2024-01-05 05:00:00,CELL_003,macro,eMBB,870.84,7.143,0.9226,3,-74.1,-10.18,87.3,51,1
2024-01-05 06:00:00,CELL_003,macro,eMBB,369.92,10.273,0.2981,3,-107.4,-15.46,70.8,38,1
2024-01-05 07:00:00,CELL_003,macro,eMBB,1014.19,6.207,1.1286,4,-120.0,-7.85,80.3,57,1
2024-01-05 08:00:00,CELL_003,macro,eMBB,929.8,5.98,0.3171,4,-109.1,-10.21,78.7,53,1
2024-01-05 09:00:00,CELL_003,macro,eMBB,1009.44,7.517,1.1226,1,-92.8,-7.98,98.8,44,1
2024-01-05 10:00:00,CELL_003,macro,eMBB,872.12,8.538,1.0251,1,-118.2,-7.16,94.6,66,1
2024-01-05 11:00:00,CELL_003,macro,eMBB,815.79,11.305,0.3724,1,-70.7,-10.44,42.8,43,1
2024-01-05 12:00:00,CELL_003,macro,eMBB,881.06,10.396,0.409,0,-109.3,-13.78,77.0,45,1
2024-01-05 13:00:00,CELL_003,macro,eMBB,1120.91,12.81,0.1802,8,-91.6,-20.0,66.2,45,1
2024-01-05 14:00:00,CELL_003,macro,eMBB,752.39,8.776,1.0496,5,-117.9,-11.1,79.3,56,1
2024-01-05 15:00:00,CELL_003,macro,eMBB,677.94,2.01,1.0694,3,-75.0,-3.0,76.5,48,1
2024-01-05 16:00:00,CELL_003,macro,eMBB,871.26,7.818,0.1965,4,-75.2,-8.76,90.9,47,1
2024-01-05 17:00:00,CELL_003,macro,eMBB,766.24,6.995,1.2508,2,-87.2,-13.09,63.5,42,1
2024-01-05 18:00:00,CELL_003,macro,eMBB,649.73,8.031,0.6211,5,-70.0,-12.4,68.8,36,1
2024-01-05 19:00:00,CELL_003,macro,eMBB,845.92,9.738,0.1351,4,-90.1,-6.08,85.9,43,1
2024-01-05 20:00:00,CELL_003,macro,eMBB,764.07,6.972,0.0392,6,-105.4,-16.7,84.1,45,1
2024-01-05 21:00:00,CELL_003,macro,eMBB,888.91,9.133,1.4587,5,-93.8,-9.39,65.3,44,1
2024-01-05 22:00:00,CELL_003,macro,eMBB,769.57,9.798,0.2323,2,-90.4,-12.88,65.9,45,1
2024-01-05 23:00:00,CELL_003,macro,eMBB,1018.8,10.871,0.0173,1,-96.0,-17.88,84.3,62,1
2024-01-06 00:00:00,CELL_003,macro,eMBB,301.16,8.062,0.7403,2,-91.6,-18.76,35.7,37,1
2024-01-06 01:00:00,CELL_003,macro,eMBB,987.34,7.542,0.4927,3,-109.1,-10.96,91.0,37,1
2024-01-06 02:00:00,CELL_003,macro,eMBB,882.24,9.894,0.4441,3,-107.2,-15.05,64.3,57,1
2024-01-06 03:00:00,CELL_003,macro,eMBB,1007.11,7.955,2.1434,6,-70.0,-19.44,90.4,56,0
2024-01-06 04:00:00,CELL_003,macro,eMBB,997.49,13.015,1.6108,4,-106.9,-19.28,90.0,48,1
2024-01-06 05:00:00,CELL_003,macro,eMBB,1085.41,10.005,0.0713,1,-118.5,-12.28,75.1,51,1
2024-01-06 06:00:00,CELL_003,macro,eMBB,1041.7,6.974,0.7834,3,-70.0,-14.08,70.2,45,1
2024-01-06 07:00:00,CELL_003,macro,eMBB,975.14,12.304,0.5804,1,-100.3,-15.45,81.1,41,1
2024-01-06 08:00:00,CELL_003,macro,eMBB,734.37,8.006,0.3831,1,-104.3,-10.97,93.6,44,1
2024-01-06 09:00:00,CELL_003,macro,eMBB,826.7,4.977,0.361,5,-102.2,-12.17,72.8,51,1
2024-01-06 10:00:00,CELL_003,macro,eMBB,613.6,10.061,0.0104,2,-70.0,-5.16,54.6,36,1
2024-01-06 11:00:00,CELL_003,macro,eMBB,1147.39,7.528,0.5715,3,-87.8,-15.04,88.8,55,1
2024-01-06 12:00:00,CELL_003,macro,eMBB,696.72,7.484,1.0054,3,-105.7,-3.72,66.6,56,1
2024-01-06 13:00:00,CELL_003,macro,eMBB,802.8,5.965,0.0877,1,-111.5,-10.03,73.3,43,1
2024-01-06 14:00:00,CELL_003,macro,eMBB,1177.35,5.654,0.827,4,-94.1,-13.56,79.0,41,1
2024-01-06 15:00:00,CELL_003,macro,eMBB,895.8,11.27,0.0947,0,-80.6,-4.08,46.5,46,1
2024-01-06 16:00:00,CELL_003,macro,eMBB,726.43,8.897,0.5738,7,-96.0,-9.0,63.2,35,1
2024-01-06 17:00:00,CELL_003,macro,eMBB,1077.12,9.637,0.113,1,-82.1,-16.18,54.5,54,1
2024-01-06 18:00:00,CELL_003,macro,eMBB,896.33,8.521,1.4154,1,-88.2,-14.62,52.3,34,1
2024-01-06 19:00:00,CELL_003,macro,eMBB,722.16,10.001,1.9372,1,-120.0,-4.12,50.8,28,1
2024-01-06 20:00:00,CELL_003,macro,eMBB,783.08,9.889,0.3451,3,-94.3,-14.19,52.5,37,1
2024-01-06 21:00:00,CELL_003,macro,eMBB,605.73,12.885,0.9346,4,-71.8,-17.48,34.0,25,1
2024-01-06 22:00:00,CELL_003,macro,eMBB,636.6,6.723,0.2675,5,-94.2,-12.37,78.1,43,1
2024-01-06 23:00:00,CELL_003,macro,eMBB,779.58,7.803,0.7127,1,-102.5,-17.3,50.2,52,1
2024-01-07 00:00:00,CELL_003,macro,eMBB,953.64,8.615,0.131,4,-115.6,-11.27,95.7,55,1
2024-01-07 01:00:00,CELL_003,macro,eMBB,1185.06,9.545,3.1254,5,-88.2,-15.25,76.7,56,0
2024-01-07 02:00:00,CELL_003,macro,eMBB,534.05,10.452,0.2108,2,-72.3,-10.68,52.8,42,1
2024-01-07 03:00:00,CELL_003,macro,eMBB,1011.91,12.049,0.1188,5,-82.7,-3.67,100.0,46,1
2024-01-07 04:00:00,CELL_003,macro,eMBB,1102.19,5.21,0.1224,1,-90.0,-10.37,93.3,63,1
2024-01-07 05:00:00,CELL_003,macro,eMBB,1000.0,7.961,0.3787,2,-84.0,-9.82,93.0,67,1
2024-01-07 06:00:00,CELL_003,macro,eMBB,859.87,9.132,0.6599,1,-73.4,-10.94,77.7,51,1
2024-01-07 07:00:00,CELL_003,macro,eMBB,751.8,5.921,0.1185,5,-80.1,-17.89,70.5,52,1
2024-01-07 08:00:00,CELL_003,macro,eMBB,761.84,6.664,0.3226,1,-105.5,-3.0,84.0,37,1
2024-01-07 09:00:00,CELL_003,macro,eMBB,856.11,9.66,0.6524,3,-99.4,-10.27,67.0,52,1
2024-01-07 10:00:00,CELL_003,macro,eMBB,893.3,11.533,0.7267,3,-74.3,-16.01,64.1,30,1
2024-01-07 11:00:00,CELL_003,macro,eMBB,956.09,7.135,0.3534,2,-87.3,-13.91,64.1,46,1
2024-01-07 12:00:00,CELL_003,macro,eMBB,864.66,9.393,1.3805,1,-102.5,-10.45,83.3,49,1
2024-01-07 13:00:00,CELL_003,macro,eMBB,753.02,10.63,0.0989,2,-97.4,-14.62,67.8,45,1
2024-01-07 14:00:00,CELL_003,macro,eMBB,558.2,12.777,0.0306,3,-116.3,-12.42,63.5,28,1
2024-01-07 15:00:00,CELL_003,macro,eMBB,725.35,7.372,0.0869,2,-76.0,-11.34,86.7,53,1
2024-01-07 16:00:00,CELL_003,macro,eMBB,931.07,8.698,0.0641,7,-118.9,-9.74,49.1,35,1
2024-01-07 17:00:00,CELL_003,macro,eMBB,671.02,8.731,0.6892,2,-79.5,-10.38,51.9,42,1
2024-01-07 18:00:00,CELL_003,macro,eMBB,811.5,9.819,0.0957,0,-101.9,-11.22,60.1,37,1
2024-01-07 19:00:00,CELL_003,macro,eMBB,521.15,10.125,1.3298,3,-92.7,-11.95,42.7,29,1
2024-01-07 20:00:00,CELL_003,macro,eMBB,920.23,5.408,0.0291,11,-74.6,-12.22,66.0,54,1
2024-01-07 21:00:00,CELL_003,macro,eMBB,458.23,9.35,0.0079,1,-97.0,-9.91,52.9,37,1
2024-01-07 22:00:00,CELL_003,macro,eMBB,927.99,7.04,1.0124,5,-98.8,-12.66,72.8,42,1
2024-01-07 23:00:00,CELL_003,macro,eMBB,805.12,9.306,0.043,4,-94.0,-13.41,65.7,34,1
2024-01-08 00:00:00,CELL_003,macro,eMBB,1048.34,5.456,0.0304,4,-70.0,-14.64,94.5,51,1
2024-01-08 01:00:00,CELL_003,macro,eMBB,1272.22,6.084,0.7471,1,-107.5,-9.4,100.0,53,1
2024-01-08 02:00:00,CELL_003,macro,eMBB,904.14,8.406,0.1762,4,-94.7,-9.57,74.8,58,1
2024-01-08 03:00:00,CELL_003,macro,eMBB,1007.85,10.116,0.6977,5,-104.3,-15.27,88.1,46,1
2024-01-08 04:00:00,CELL_003,macro,eMBB,1080.84,1.409,0.3935,2,-92.8,-20.0,91.5,56,1
2024-01-08 05:00:00,CELL_003,macro,eMBB,1026.86,7.702,0.3963,3,-95.4,-15.93,68.8,56,1
2024-01-08 06:00:00,CELL_003,macro,eMBB,971.28,5.486,0.151,0,-71.3,-10.12,88.9,66,1
2024-01-08 07:00:00,CELL_003,macro,eMBB,918.2,6.934,0.2488,6,-96.9,-20.0,92.0,57,1
2024-01-08 08:00:00,CELL_003,macro,eMBB,989.6,7.217,0.3702,1,-85.1,-13.14,88.2,54,1
2024-01-08 09:00:00,CELL_003,macro,eMBB,1054.52,6.775,0.5531,1,-70.0,-14.48,75.4,59,1
2024-01-08 10:00:00,CELL_003,macro,eMBB,1136.54,4.187,0.2809,3,-101.0,-14.54,79.8,53,1
2024-01-08 11:00:00,CELL_003,macro,eMBB,1010.13,6.888,3.3053,1,-107.7,-14.87,100.0,41,0
2024-01-08 12:00:00,CELL_003,macro,eMBB,1074.96,1.97,0.541,3,-107.0,-3.73,88.6,55,1
2024-01-08 13:00:00,CELL_003,macro,eMBB,479.73,5.106,0.7455,3,-99.8,-15.03,68.3,38,1
2024-01-08 14:00:00,CELL_003,macro,eMBB,804.9,12.545,0.0595,7,-115.0,-12.62,89.1,43,1
2024-01-08 15:00:00,CELL_003,macro,eMBB,791.39,8.068,0.5731,4,-95.9,-10.98,68.9,30,1
2024-01-08 16:00:00,CELL_003,macro,eMBB,786.37,12.592,0.9942,2,-76.4,-7.77,37.7,42,1
2024-01-08 17:00:00,CELL_003,macro,eMBB,640.56,12.828,0.1927,3,-75.2,-8.31,46.8,32,1
2024-01-08 18:00:00,CELL_003,macro,eMBB,632.58,10.921,0.2917,3,-109.7,-6.86,32.8,39,1
2024-01-08 19:00:00,CELL_003,macro,eMBB,719.14,7.511,0.6867,4,-95.3,-11.57,73.5,43,1
2024-01-08 20:00:00,CELL_003,macro,eMBB,921.95,9.241,0.4704,5,-117.7,-14.07,83.2,47,1
2024-01-08 21:00:00,CELL_003,macro,eMBB,859.65,9.489,2.1932,3,-93.7,-13.67,54.6,46,0
2024-01-08 22:00:00,CELL_003,macro,eMBB,953.86,7.205,1.2331,4,-120.0,-17.04,76.0,53,1
2024-01-08 23:00:00,CELL_003,macro,eMBB,529.41,8.364,0.7233,0,-75.8,-4.75,61.6,42,1
2024-01-09 00:00:00,CELL_003,macro,eMBB,1002.62,8.042,0.4178,4,-79.4,-20.0,77.0,68,1
2024-01-09 01:00:00,CELL_003,macro,eMBB,1070.72,6.547,0.3328,2,-71.8,-3.0,100.0,35,1
2024-01-09 02:00:00,CELL_003,macro,eMBB,989.36,7.402,0.3689,2,-82.6,-5.13,78.9,59,1
2024-01-09 03:00:00,CELL_003,macro,eMBB,855.01,9.6,1.1076,2,-99.6,-7.76,56.5,37,1
2024-01-09 04:00:00,CELL_003,macro,eMBB,839.63,8.366,0.2786,3,-78.0,-7.16,79.8,36,1
2024-01-09 05:00:00,CELL_003,macro,eMBB,751.32,7.687,0.0017,4,-89.3,-8.26,69.5,48,1
2024-01-09 06:00:00,CELL_003,macro,eMBB,647.8,7.229,0.4892,4,-100.4,-5.06,76.8,45,1
2024-01-09 07:00:00,CELL_003,macro,eMBB,881.59,10.501,0.1878,0,-83.6,-13.39,84.6,56,1
2024-01-09 08:00:00,CELL_003,macro,eMBB,862.36,6.965,0.3693,2,-96.5,-8.27,83.6,58,1
2024-01-09 09:00:00,CELL_003,macro,eMBB,663.85,11.533,0.0425,3,-84.0,-20.0,44.2,34,1
2024-01-09 10:00:00,CELL_003,macro,eMBB,451.73,10.613,0.5114,3,-114.8,-16.76,61.9,28,1
2024-01-09 11:00:00,CELL_003,macro,eMBB,934.64,11.107,0.4248,3,-105.9,-3.0,57.9,42,1
2024-01-09 12:00:00,CELL_003,macro,eMBB,880.1,5.507,0.1838,2,-85.7,-5.89,71.4,56,1
2024-01-09 13:00:00,CELL_003,macro,eMBB,976.63,6.628,0.2081,4,-83.5,-10.87,93.1,49,1
2024-01-09 14:00:00,CELL_003,macro,eMBB,655.74,7.437,0.1308,2,-116.8,-7.65,59.3,39,1
2024-01-09 15:00:00,CELL_003,macro,eMBB,870.69,9.797,0.328,1,-70.0,-9.28,78.6,61,1
2024-01-09 16:00:00,CELL_003,macro,eMBB,838.35,11.38,1.4698,2,-116.6,-5.65,70.4,38,1
2024-01-09 17:00:00,CELL_003,macro,eMBB,811.51,8.617,0.2238,2,-109.5,-7.87,70.7,53,1
2024-01-09 18:00:00,CELL_003,macro,eMBB,773.92,8.584,0.1619,3,-76.4,-10.4,81.8,30,1
2024-01-09 19:00:00,CELL_003,macro,eMBB,827.25,8.459,0.0566,4,-75.6,-9.72,84.9,42,1
2024-01-09 20:00:00,CELL_003,macro,eMBB,508.47,10.076,1.4066,5,-74.8,-20.0,66.7,34,1
2024-01-09 21:00:00,CELL_003,macro,eMBB,616.43,11.078,0.6404,2,-89.6,-12.03,71.0,27,1
2024-01-09 22:00:00,CELL_003,macro,eMBB,755.6,8.389,0.6204,2,-95.8,-4.7,52.4,35,1
2024-01-09 23:00:00,CELL_003,macro,eMBB,1055.06,6.009,0.4945,3,-70.0,-14.46,97.7,52,1
2024-01-10 00:00:00,CELL_003,macro,eMBB,888.74,8.225,0.1086,5,-99.8,-18.07,70.3,44,1
2024-01-10 01:00:00,CELL_003,macro,eMBB,850.95,6.678,0.0116,2,-82.7,-13.92,68.2,51,1
2024-01-10 02:00:00,CELL_003,macro,eMBB,887.11,8.937,0.0566,3,-74.0,-9.86,77.0,51,1
2024-01-10 03:00:00,CELL_003,macro,eMBB,898.52,6.248,1.0767,1,-91.8,-12.11,86.6,55,1
2024-01-10 04:00:00,CELL_003,macro,eMBB,845.55,8.146,1.1463,2,-86.7,-17.33,26.2,35,1
2024-01-10 05:00:00,CELL_003,macro,eMBB,937.84,11.011,0.0046,3,-98.1,-19.82,69.8,38,1
2024-01-10 06:00:00,CELL_003,macro,eMBB,1036.35,11.38,0.0406,2,-92.2,-7.3,90.9,55,1
2024-01-10 07:00:00,CELL_003,macro,eMBB,1378.9,9.371,0.3462,3,-72.7,-12.7,91.4,69,1
2024-01-10 08:00:00,CELL_003,macro,eMBB,847.28,10.536,0.3018,3,-86.8,-16.5,64.3,42,1
2024-01-10 09:00:00,CELL_003,macro,eMBB,665.08,9.029,0.1608,8,-73.7,-5.85,59.8,49,1
2024-01-10 10:00:00,CELL_003,macro,eMBB,956.79,9.548,0.8462,2,-110.0,-9.16,69.7,57,1
2024-01-10 11:00:00,CELL_003,macro,eMBB,1340.77,7.602,1.4146,7,-75.0,-8.47,100.0,59,1
2024-01-10 12:00:00,CELL_003,macro,eMBB,660.15,8.842,1.0703,4,-102.3,-20.0,60.1,47,1
2024-01-10 13:00:00,CELL_003,macro,eMBB,925.98,7.572,0.7399,1,-84.7,-15.32,49.5,48,1
2024-01-10 14:00:00,CELL_003,macro,eMBB,1104.9,9.092,0.5305,4,-73.1,-8.57,98.5,64,1
2024-01-10 15:00:00,CELL_003,macro,eMBB,802.91,6.708,0.3043,7,-88.6,-4.04,76.0,51,1
2024-01-10 16:00:00,CELL_003,macro,eMBB,666.49,13.082,0.305,6,-117.8,-13.79,69.1,46,1
2024-01-10 17:00:00,CELL_003,macro,eMBB,781.65,6.89,0.5999,4,-113.7,-10.33,82.7,44,1
2024-01-10 18:00:00,CELL_003,macro,eMBB,579.33,8.21,1.9388,4,-86.4,-7.94,82.0,47,1
2024-01-10 19:00:00,CELL_003,macro,eMBB,971.64,9.264,0.6209,1,-116.8,-19.97,66.2,50,1
2024-01-10 20:00:00,CELL_003,macro,eMBB,534.31,11.765,0.2204,2,-94.9,-15.86,43.1,41,1
2024-01-10 21:00:00,CELL_003,macro,eMBB,1106.25,7.548,2.1167,4,-90.2,-15.64,80.9,52,0
2024-01-10 22:00:00,CELL_003,macro,eMBB,598.86,13.836,0.0308,4,-104.9,-17.09,59.2,42,1
2024-01-10 23:00:00,CELL_003,macro,eMBB,675.93,7.884,0.7009,4,-87.5,-9.49,49.5,42,1
2024-01-11 00:00:00,CELL_003,macro,eMBB,860.64,4.574,0.5616,4,-81.7,-12.8,73.0,47,1
2024-01-11 01:00:00,CELL_003,macro,eMBB,721.64,10.032,0.6888,3,-90.8,-7.05,76.4,39,1
2024-01-11 02:00:00,CELL_003,macro,eMBB,689.32,7.316,0.1428,4,-97.1,-13.13,68.1,43,1
2024-01-11 03:00:00,CELL_003,macro,eMBB,943.84,9.592,0.2068,3,-70.0,-15.74,80.4,53,1
2024-01-11 04:00:00,CELL_003,macro,eMBB,724.22,7.203,0.6711,0,-113.7,-10.97,71.3,53,1
2024-01-11 05:00:00,CELL_003,macro,eMBB,1070.4,0.957,1.0905,2,-107.5,-11.35,91.9,66,1
2024-01-11 06:00:00,CELL_003,macro,eMBB,857.94,8.935,1.0764,3,-94.6,-13.34,52.3,43,1
2024-01-11 07:00:00,CELL_003,macro,eMBB,638.99,9.712,1.1658,4,-100.7,-13.44,73.0,40,1
2024-01-11 08:00:00,CELL_003,macro,eMBB,1016.25,4.618,1.545,5,-98.5,-12.11,73.0,51,1
2024-01-11 09:00:00,CELL_003,macro,eMBB,838.79,9.617,0.3498,3,-82.3,-20.0,41.2,43,1
2024-01-01 00:00:00,CELL_004,macro,eMBB,816.28,9.427,0.223,3,-105.4,-20.0,78.0,41,1
2024-01-01 01:00:00,CELL_004,macro,eMBB,944.64,9.999,0.4086,4,-120.0,-14.77,76.3,50,1
2024-01-01 02:00:00,CELL_004,macro,eMBB,950.25,8.153,0.0185,3,-93.0,-20.0,49.8,49,1
2024-01-01 03:00:00,CELL_004,macro,eMBB,1116.93,11.593,0.1241,3,-101.9,-10.83,82.3,45,1
2024-01-01 04:00:00,CELL_004,macro,eMBB,968.01,9.261,1.248,3,-74.7,-8.04,69.5,47,1
2024-01-01 05:00:00,CELL_004,macro,eMBB,730.64,10.631,0.0491,4,-91.1,-12.86,78.2,44,1
2024-01-01 06:00:00,CELL_004,macro,eMBB,991.45,4.831,0.2223,0,-81.3,-18.52,86.1,53,1
2024-01-01 07:00:00,CELL_004,macro,eMBB,903.71,6.233,0.6238,0,-120.0,-15.5,71.9,46,1
2024-01-01 08:00:00,CELL_004,macro,eMBB,888.85,7.529,0.9902,3,-100.0,-14.65,64.6,44,1
2024-01-01 09:00:00,CELL_004,macro,eMBB,790.56,6.983,0.29,1,-94.6,-12.83,64.1,46,1
2024-01-01 10:00:00,CELL_004,macro,eMBB,684.43,11.865,0.0708,2,-108.0,-15.38,77.0,51,1
2024-01-01 11:00:00,CELL_004,macro,eMBB,709.44,9.782,0.0301,2,-91.5,-18.78,68.5,37,1
2024-01-01 12:00:00,CELL_004,macro,eMBB,727.98,10.676,0.0222,3,-82.7,-9.13,45.1,37,1
2024-01-01 13:00:00,CELL_004,macro,eMBB,910.48,9.018,0.0137,4,-86.2,-12.59,92.6,37,1
2024-01-01 14:00:00,CELL_004,macro,eMBB,706.38,9.185,0.5201,2,-110.9,-10.74,94.7,40,1
2024-01-01 15:00:00,CELL_004,macro,eMBB,873.28,7.308,0.86,3,-107.3,-20.0,92.4,46,1
2024-01-01 16:00:00,CELL_004,macro,eMBB,846.45,6.898,0.8883,2,-91.1,-13.5,100.0,47,1
2024-01-01 17:00:00,CELL_004,macro,eMBB,553.88,12.569,0.5946,2,-105.8,-11.15,42.8,31,1
2024-01-01 18:00:00,CELL_004,macro,eMBB,634.16,13.177,0.2427,3,-109.1,-3.0,73.7,22,1
2024-01-01 19:00:00,CELL_004,macro,eMBB,1034.99,7.046,0.4501,2,-70.4,-7.38,90.5,61,1
2024-01-01 20:00:00,CELL_004,macro,eMBB,990.3,9.181,0.0457,2,-119.1,-16.56,70.2,46,1
2024-01-01 21:00:00,CELL_004,macro,eMBB,600.85,13.421,0.9911,4,-97.4,-6.32,74.2,42,1
2024-01-01 22:00:00,CELL_004,macro,eMBB,1041.0,6.068,0.4934,3,-98.8,-19.99,100.0,46,1
2024-01-01 23:00:00,CELL_004,macro,eMBB,500.57,9.918,0.6118,2,-84.8,-9.67,46.4,39,1
2024-01-02 00:00:00,CELL_004,macro,eMBB,1287.52,5.622,0.7432,5,-89.3,-14.0,97.3,56,1
2024-01-02 01:00:00,CELL_004,macro,eMBB,898.08,7.499,0.3326,3,-120.0,-18.37,66.5,42,1
2024-01-02 02:00:00,CELL_004,macro,eMBB,1061.47,7.068,0.7714,2,-102.6,-13.34,100.0,60,1
2024-01-02 03:00:00,CELL_004,macro,eMBB,772.68,6.318,0.0551,4,-109.4,-15.15,73.2,52,1
2024-01-02 04:00:00,CELL_004,macro,eMBB,1071.29,5.779,0.1853,6,-87.9,-3.93,100.0,49,1
2024-01-02 05:00:00,CELL_004,macro,eMBB,1133.16,8.034,0.2632,3,-88.2,-12.88,95.2,56,1
2024-01-02 06:00:00,CELL_004,macro,eMBB,1019.73,8.009,0.1812,3,-105.9,-14.74,96.4,46,1
2024-01-02 07:00:00,CELL_004,macro,eMBB,909.89,9.057,0.1585,1,-88.4,-10.53,46.5,45,1
2024-01-02 08:00:00,CELL_004,macro,eMBB,737.21,10.55,0.4342,2,-111.0,-3.0,56.3,47,1
2024-01-02 09:00:00,CELL_004,macro,eMBB,1042.83,6.881,0.3762,6,-92.9,-10.61,91.5,61,1
2024-01-02 10:00:00,CELL_004,macro,eMBB,718.54,10.802,0.097,5,-115.7,-10.22,82.3,38,1
2024-01-02 11:00:00,CELL_004,macro,eMBB,806.78,8.868,0.152,4,-102.2,-12.71,78.5,39,1
2024-01-02 12:00:00,CELL_004,macro,eMBB,936.5,11.03,1.2889,5,-81.2,-12.64,65.6,38,1
2024-01-02 13:00:00,CELL_004,macro,eMBB,641.02,9.034,3.4218,2,-98.7,-16.35,98.3,53,0
2024-01-02 14:00:00,CELL_004,macro,eMBB,805.61,9.437,0.0117,4,-108.1,-15.01,69.8,34,1
2024-01-02 15:00:00,CELL_004,macro,eMBB,610.64,10.733,0.6375,3,-117.8,-16.97,75.9,30,1
2024-01-02 16:00:00,CELL_004,macro,eMBB,921.91,7.102,0.0219,2,-108.8,-7.59,93.7,47,1
2024-01-02 17:00:00,CELL_004,macro,eMBB,876.34,6.622,2.2495,2,-98.9,-17.75,84.3,54,0
2024-01-02 18:00:00,CELL_004,macro,eMBB,680.6,9.767,0.117,2,-120.0,-10.31,69.5,38,1
2024-01-02 19:00:00,CELL_004,macro,eMBB,657.33,3.585,0.6631,2,-84.4,-19.1,66.8,42,1
2024-01-02 20:00:00,CELL_004,macro,eMBB,1158.92,6.416,0.253,4,-87.8,-8.12,100.0,61,1
2024-01-02 21:00:00,CELL_004,macro,eMBB,584.6,8.461,0.3566,4,-91.9,-9.89,53.6,37,1
2024-01-02 22:00:00,CELL_004,macro,eMBB,556.9,5.289,0.1026,4,-120.0,-14.04,67.0,34,1
2024-01-02 23:00:00,CELL_004,macro,eMBB,1059.79,6.277,0.0741,3,-83.2,-13.25,77.3,54,1
2024-01-03 00:00:00,CELL_004,macro,eMBB,687.98,7.931,1.4903,4,-81.9,-12.96,64.3,49,1
2024-01-03 01:00:00,CELL_004,macro,eMBB,528.47,15.264,0.0506,2,-89.2,-20.0,62.5,38,1
2024-01-03 02:00:00,CELL_004,macro,eMBB,982.41,8.721,0.2469,1,-105.2,-7.9,67.5,37,1
2024-01-03 03:00:00,CELL_004,macro,eMBB,1004.78,7.473,0.3582,2,-95.3,-3.0,63.3,36,1
2024-01-03 04:00:00,CELL_004,macro,eMBB,1011.05,3.564,0.4638,3,-92.0,-19.24,75.7,69,1
2024-01-03 05:00:00,CELL_004,macro,eMBB,1083.72,3.904,1.0022,1,-75.9,-8.98,100.0,53,1
2024-01-03 06:00:00,CELL_004,macro,eMBB,982.28,7.333,0.0672,2,-103.2,-20.0,80.6,47,1
2024-01-03 07:00:00,CELL_004,macro,eMBB,644.91,8.368,0.1721,3,-120.0,-17.03,73.8,44,1
2024-01-03 08:00:00,CELL_004,macro,eMBB,825.65,13.744,0.0605,3,-108.5,-12.09,71.1,34,1
2024-01-03 09:00:00,CELL_004,macro,eMBB,635.17,12.715,0.1623,4,-120.0,-17.12,48.5,30,1
2024-01-03 10:00:00,CELL_004,macro,eMBB,1033.07,7.726,0.133,3,-79.9,-8.55,96.5,62,1
2024-01-03 11:00:00,CELL_004,macro,eMBB,1058.66,4.763,0.5647,5,-71.7,-9.34,97.5,48,1
2024-01-03 12:00:00,CELL_004,macro,eMBB,816.74,8.416,1.0616,2,-92.2,-3.0,57.4,42,1
2024-01-03 13:00:00,CELL_004,macro,eMBB,952.63,5.728,1.2614,4,-70.0,-9.94,70.2,48,1
2024-01-03 14:00:00,CELL_004,macro,eMBB,973.36,6.596,0.1142,1,-70.1,-5.85,40.6,36,1
2024-01-03 15:00:00,CELL_004,macro,eMBB,1067.07,5.263,0.1258,2,-109.2,-10.38,82.1,50,1
2024-01-03 16:00:00,CELL_004,macro,eMBB,664.55,9.524,0.5846,2,-100.4,-8.63,74.2,37,1
2024-01-03 17:00:00,CELL_004,macro,eMBB,749.86,13.212,0.1743,2,-120.0,-8.56,58.5,48,1
2024-01-03 18:00:00,CELL_004,macro,eMBB,593.68,6.814,0.1763,1,-76.6,-10.49,38.7,34,1
2024-01-03 19:00:00,CELL_004,macro,eMBB,720.26,6.291,0.4414,2,-77.7,-14.39,57.7,58,1
2024-01-03 20:00:00,CELL_004,macro,eMBB,588.8,5.548,0.4584,8,-106.5,-4.88,79.9,41,1
2024-01-03 21:00:00,CELL_004,macro,eMBB,488.07,10.692,0.201,2,-100.7,-13.86,37.9,26,1
2024-01-03 22:00:00,CELL_004,macro,eMBB,792.81,12.174,0.7153,2,-77.2,-3.93,71.8,36,1
2024-01-03 23:00:00,CELL_004,macro,eMBB,799.67,12.961,0.3014,3,-112.7,-4.7,70.4,43,1
2024-01-04 00:00:00,CELL_004,macro,eMBB,1332.46,6.268,0.0602,2,-102.7,-14.29,66.3,77,1
2024-01-04 01:00:00,CELL_004,macro,eMBB,829.84,7.178,0.1365,4,-106.6,-16.63,81.8,37,1
2024-01-04 02:00:00,CELL_004,macro,eMBB,678.53,8.115,0.7056,3,-70.0,-9.98,80.6,50,1
2024-01-04 03:00:00,CELL_004,macro,eMBB,1077.3,7.334,0.0915,6,-97.7,-10.82,60.7,44,1
2024-01-04 04:00:00,CELL_004,macro,eMBB,1318.68,6.386,0.0163,0,-107.8,-8.91,96.8,54,1
2024-01-04 05:00:00,CELL_004,macro,eMBB,1148.14,7.077,0.6619,3,-108.6,-7.99,72.4,52,1
2024-01-04 06:00:00,CELL_004,macro,eMBB,937.79,11.056,0.5208,5,-95.7,-5.58,100.0,66,1
2024-01-04 07:00:00,CELL_004,macro,eMBB,809.32,11.068,1.6316,3,-101.1,-5.13,69.0,37,1
2024-01-04 08:00:00,CELL_004,macro,eMBB,736.94,9.161,0.0871,6,-73.9,-7.27,63.2,43,1
2024-01-04 09:00:00,CELL_004,macro,eMBB,755.75,7.734,0.0721,4,-98.8,-7.25,67.2,47,1
2024-01-04 10:00:00,CELL_004,macro,eMBB,975.18,9.612,0.9167,2,-76.6,-3.0,100.0,69,1
2024-01-04 11:00:00,CELL_004,macro,eMBB,978.92,9.181,0.0651,3,-102.6,-11.91,93.9,44,1
2024-01-04 12:00:00,CELL_004,macro,eMBB,878.2,7.226,0.1229,5,-120.0,-7.77,100.0,57,1
2024-01-04 13:00:00,CELL_004,macro,eMBB,838.49,10.079,0.2929,2,-95.0,-13.52,73.7,54,1
2024-01-04 14:00:00,CELL_004,macro,eMBB,585.05,8.213,0.0982,6,-107.0,-10.24,46.9,27,1
2024-01-04 15:00:00,CELL_004,macro,eMBB,841.68,3.44,0.6312,4,-120.0,-13.87,79.0,50,1
2024-01-04 16:00:00,CELL_004,macro,eMBB,833.05,10.643,0.1067,5,-91.6,-15.65,49.3,30,1
2024-01-04 17:00:00,CELL_004,macro,eMBB,496.45,8.587,0.4956,3,-101.6,-15.08,55.0,38,1
2024-01-04 18:00:00,CELL_004,macro,eMBB,812.21,6.206,0.1639,2,-103.6,-13.62,90.3,54,1
2024-01-04 19:00:00,CELL_004,macro,eMBB,735.4,9.312,0.7005,4,-90.1,-7.16,71.6,45,1
2024-01-04 20:00:00,CELL_004,macro,eMBB,1075.5,5.445,0.523,3,-120.0,-17.33,94.6,48,1
2024-01-04 21:00:00,CELL_004,macro,eMBB,463.0,12.189,0.6859,3,-90.0,-8.27,44.5,25,1
2024-01-04 22:00:00,CELL_004,macro,eMBB,975.62,6.121,0.4157,2,-104.6,-5.52,71.1,47,1
2024-01-04 23:00:00,CELL_004,macro,eMBB,689.3,10.161,0.3672,0,-104.1,-7.63,57.5,50,1
2024-01-05 00:00:00,CELL_004,macro,eMBB,962.89,8.359,0.134,3,-118.6,-15.84,98.0,53,1
2024-01-05 01:00:00,CELL_004,macro,eMBB,1218.2,3.086,0.0448,2,-108.0,-14.6,100.0,74,1
2024-01-05 02:00:00,CELL_004,macro,eMBB,1072.15,11.129,0.0694,5,-71.7,-15.63,76.4,60,1
2024-01-05 03:00:00,CELL_004,macro,eMBB,690.53,13.725,0.5112,3,-100.8,-17.78,62.8,38,1
2024-01-05 04:00:00,CELL_004,macro,eMBB,451.1,11.864,0.1806,6,-96.3,-13.48,58.6,39,1
2024-01-05 05:00:00,CELL_004,macro,eMBB,1118.97,6.267,0.4757,6,-96.6,-9.17,84.9,39,1
2024-01-05 06:00:00,CELL_004,macro,eMBB,861.3,7.633,0.0041,4,-79.7,-17.12,49.3,36,1
2024-01-05 07:00:00,CELL_004,macro,eMBB,1275.35,5.678,1.1355,5,-99.4,-13.65,93.1,44,1
2024-01-05 08:00:00,CELL_004,macro,eMBB,926.82,10.8,0.6023,5,-85.2,-5.52,91.3,55,1
2024-01-05 09:00:00,CELL_004,macro,eMBB,990.08,7.999,0.1338,3,-95.8,-6.87,85.8,39,1
2024-01-05 10:00:00,CELL_004,macro,eMBB,877.56,5.445,0.3743,4,-96.4,-15.87,74.4,57,1
2024-01-05 11:00:00,CELL_004,macro,eMBB,841.51,7.99,0.7114,3,-100.3,-8.79,64.0,47,1
2024-01-05 12:00:00,CELL_004,macro,eMBB,1196.41,5.537,0.1189,5,-82.0,-20.0,95.5,53,1
2024-01-05 13:00:00,CELL_004,macro,eMBB,946.2,8.287,0.2088,2,-98.5,-14.78,60.3,48,1
2024-01-05 14:00:00,CELL_004,macro,eMBB,722.05,9.908,0.4167,0,-80.4,-15.02,55.0,42,1
2024-01-05 15:00:00,CELL_004,macro,eMBB,866.14,7.252,0.2151,6,-120.0,-19.87,92.5,39,1
2024-01-05 16:00:00,CELL_004,macro,eMBB,829.0,4.749,0.9527,1,-86.9,-13.48,59.4,40,1
2024-01-05 17:00:00,CELL_004,macro,eMBB,785.26,7.459,1.3438,1,-84.8,-11.93,86.6,42,1
2024-01-05 18:00:00,CELL_004,macro,eMBB,877.53,9.667,0.9974,5,-98.2,-15.0,56.7,36,1
2024-01-05 19:00:00,CELL_004,macro,eMBB,896.88,7.11,0.6005,1,-100.4,-8.97,71.8,41,1
2024-01-05 20:00:00,CELL_004,macro,eMBB,753.3,11.706,0.875,3,-80.5,-9.71,83.2,50,1
2024-01-05 21:00:00,CELL_004,macro,eMBB,703.33,11.253,0.2635,2,-90.1,-20.0,63.7,51,1
2024-01-05 22:00:00,CELL_004,macro,eMBB,728.4,10.135,1.1565,3,-94.7,-12.14,71.1,33,1
2024-01-05 23:00:00,CELL_004,macro,eMBB,822.34,9.834,0.1186,2,-91.2,-18.15,90.1,54,1
2024-01-06 00:00:00,CELL_004,macro,eMBB,1257.56,5.776,0.5126,2,-73.9,-12.82,78.1,65,1
2024-01-06 01:00:00,CELL_004,macro,eMBB,702.55,11.371,0.5753,3,-110.5,-20.0,70.5,45,1
2024-01-06 02:00:00,CELL_004,macro,eMBB,825.14,6.908,1.5872,3,-78.8,-17.96,68.6,32,1
2024-01-06 03:00:00,CELL_004,macro,eMBB,904.15,2.98,0.3856,3,-110.8,-3.0,70.9,73,1
2024-01-06 04:00:00,CELL_004,macro,eMBB,1140.89,2.665,0.2519,2,-88.2,-15.27,90.5,74,1
2024-01-06 05:00:00,CELL_004,macro,eMBB,696.73,9.436,0.5001,2,-96.6,-16.67,68.1,28,1
2024-01-06 06:00:00,CELL_004,macro,eMBB,782.03,4.816,0.7752,2,-110.4,-11.07,60.0,47,1
2024-01-06 07:00:00,CELL_004,macro,eMBB,1070.81,3.926,0.1554,1,-84.2,-9.95,70.8,61,1
2024-01-06 08:00:00,CELL_004,macro,eMBB,1193.65,9.703,0.0334,3,-109.2,-3.12,93.5,55,1
2024-01-06 09:00:00,CELL_004,macro,eMBB,551.02,5.429,0.4023,3,-96.7,-3.0,59.4,37,1
2024-01-06 10:00:00,CELL_004,macro,eMBB,1051.69,5.957,0.2309,1,-70.0,-11.46,89.5,56,1
2024-01-06 11:00:00,CELL_004,macro,eMBB,1095.63,8.085,0.3676,3,-92.2,-16.71,100.0,50,1
2024-01-06 12:00:00,CELL_004,macro,eMBB,918.58,9.42,0.2037,2,-91.2,-15.25,96.1,51,1
2024-01-06 13:00:00,CELL_004,macro,eMBB,873.29,10.462,0.4338,2,-113.7,-5.68,74.3,36,1
2024-01-06 14:00:00,CELL_004,macro,eMBB,771.62,7.719,0.0511,4,-117.8,-16.16,76.6,46,1
2024-01-06 15:00:00,CELL_004,macro,eMBB,536.69,9.343,0.2043,4,-70.0,-7.03,52.9,28,1
2024-01-06 16:00:00,CELL_004,macro,eMBB,854.82,6.942,0.2645,1,-86.3,-11.94,83.3,52,1
2024-01-06 17:00:00,CELL_004,macro,eMBB,932.03,7.683,0.2148,2,-95.1,-20.0,84.4,56,1
2024-01-06 18:00:00,CELL_004,macro,eMBB,973.18,5.759,1.1926,4,-114.1,-13.51,75.0,36,1
2024-01-06 19:00:00,CELL_004,macro,eMBB,702.67,8.325,0.2901,6,-118.1,-12.21,52.6,36,1
2024-01-06 20:00:00,CELL_004,macro,eMBB,823.86,7.105,0.4603,3,-105.6,-10.32,48.1,24,1
2024-01-06 21:00:00,CELL_004,macro,eMBB,789.05,9.478,0.5605,1,-110.1,-12.37,44.7,49,1
2024-01-06 22:00:00,CELL_004,macro,eMBB,680.65,10.498,0.1208,2,-90.5,-6.83,83.7,48,1
2024-01-06 23:00:00,CELL_004,macro,eMBB,868.55,5.561,0.2712,3,-104.1,-13.93,82.8,49,1
2024-01-07 00:00:00,CELL_004,macro,eMBB,670.37,6.75,0.3221,4,-72.1,-9.74,60.5,60,1
2024-01-07 01:00:00,CELL_004,macro,eMBB,855.59,12.089,0.969,4,-81.4,-18.02,89.9,42,1
2024-01-07 02:00:00,CELL_004,macro,eMBB,950.99,8.194,0.7145,3,-81.5,-12.99,52.7,40,1
2024-01-07 03:00:00,CELL_004,macro,eMBB,609.04,7.126,0.8503,2,-92.8,-12.19,67.8,46,1
2024-01-07 04:00:00,CELL_004,macro,eMBB,988.62,8.924,0.0529,5,-116.4,-18.85,100.0,48,1
2024-01-07 05:00:00,CELL_004,macro,eMBB,1119.19,6.997,0.0336,4,-87.1,-17.33,73.4,52,1
2024-01-07 06:00:00,CELL_004,macro,eMBB,755.88,9.438,2.3991,1,-88.7,-14.9,51.2,30,0
2024-01-07 07:00:00,CELL_004,macro,eMBB,873.57,6.593,0.4735,6,-79.0,-18.02,72.9,53,1
2024-01-07 08:00:00,CELL_004,macro,eMBB,556.44,10.437,0.9062,1,-120.0,-5.83,89.3,41,1
2024-01-07 09:00:00,CELL_004,macro,eMBB,660.05,10.327,0.7411,4,-83.6,-7.95,43.6,37,1
2024-01-07 10:00:00,CELL_004,macro,eMBB,950.67,3.82,0.0305,3,-109.8,-3.0,92.2,63,1
2024-01-07 11:00:00,CELL_004,macro,eMBB,889.03,5.273,0.6063,4,-90.5,-5.88,77.3,66,1
2024-01-07 12:00:00,CELL_004,macro,eMBB,929.71,8.291,0.2103,3,-100.3,-14.68,100.0,56,1
2024-01-07 13:00:00,CELL_004,macro,eMBB,946.2,9.76,0.3572,6,-91.9,-14.44,77.0,52,1
2024-01-07 14:00:00,CELL_004,macro,eMBB,920.67,7.332,0.257,6,-104.6,-9.9,64.8,50,1
2024-01-07 15:00:00,CELL_004,macro,eMBB,1052.3,8.449,0.0923,2,-70.0,-10.84,83.8,57,1
2024-01-07 16:00:00,CELL_004,macro,eMBB,844.1,7.053,2.5948,2,-77.9,-5.22,72.5,49,0
2024-01-07 17:00:00,CELL_004,macro,eMBB,560.64,12.115,0.5789,4,-86.7,-14.64,66.2,48,1
2024-01-07 18:00:00,CELL_004,macro,eMBB,870.49,9.764,0.7453,3,-70.0,-14.46,83.8,50,1
2024-01-07 19:00:00,CELL_004,macro,eMBB,811.83,11.148,0.1029,1,-82.5,-12.19,39.1,39,1
2024-01-07 20:00:00,CELL_004,macro,eMBB,552.29,9.756,0.4777,3,-79.6,-19.6,70.3,39,1
2024-01-07 21:00:00,CELL_004,macro,eMBB,943.31,10.335,0.3212,7,-107.2,-7.64,69.9,55,1
2024-01-07 22:00:00,CELL_004,macro,eMBB,702.45,7.13,0.9842,3,-117.5,-19.18,82.0,51,1
2024-01-07 23:00:00,CELL_004,macro,eMBB,668.41,10.433,0.1627,4,-120.0,-20.0,45.3,34,1
2024-01-08 00:00:00,CELL_004,macro,eMBB,879.37,7.964,0.7285,3,-98.3,-14.75,60.8,32,1
2024-01-08 01:00:00,CELL_004,macro,eMBB,975.43,4.153,0.0627,2,-119.3,-14.61,83.2,58,1
2024-01-08 02:00:00,CELL_004,macro,eMBB,710.73,7.859,0.1284,3,-116.2,-8.62,74.6,36,1
2024-01-08 03:00:00,CELL_004,macro,eMBB,686.54,10.928,1.9,3,-70.0,-10.97,66.1,34,1
2024-01-08 04:00:00,CELL_004,macro,eMBB,1028.46,3.521,0.7972,5,-106.0,-8.1,99.8,69,1
2024-01-08 05:00:00,CELL_004,macro,eMBB,696.64,10.363,0.1501,3,-85.3,-15.98,68.6,44,1
2024-01-08 06:00:00,CELL_004,macro,eMBB,1190.3,9.499,0.5227,2,-119.8,-9.38,71.4,65,1
2024-01-08 07:00:00,CELL_004,macro,eMBB,968.2,8.176,0.2874,5,-98.1,-8.03,79.4,61,1
2024-01-08 08:00:00,CELL_004,macro,eMBB,1076.61,6.54,0.4312,4,-106.0,-12.21,69.0,59,1
2024-01-08 09:00:00,CELL_004,macro,eMBB,564.41,9.406,0.4959,1,-94.3,-11.86,61.3,42,1
2024-01-08 10:00:00,CELL_004,macro,eMBB,1080.07,5.798,0.0534,3,-109.0,-13.4,73.3,57,1
2024-01-08 11:00:00,CELL_004,macro,eMBB,809.13,11.75,0.6714,3,-99.9,-20.0,59.9,39,1
2024-01-08 12:00:00,CELL_004,macro,eMBB,743.46,6.166,0.5083,4,-100.1,-6.0,67.4,49,1
2024-01-08 13:00:00,CELL_004,macro,eMBB,1084.73,9.487,0.0131,2,-101.7,-12.43,91.1,51,1
2024-01-08 14:00:00,CELL_004,macro,eMBB,740.48,12.442,0.1204,2,-106.1,-10.81,67.5,62,1
2024-01-08 15:00:00,CELL_004,macro,eMBB,931.82,5.923,0.3589,3,-96.1,-9.75,96.4,61,1
2024-01-08 16:00:00,CELL_004,macro,eMBB,693.58,10.498,1.8135,0,-82.9,-9.09,61.7,44,1
2024-01-08 17:00:00,CELL_004,macro,eMBB,784.52,8.473,0.0313,1,-100.9,-14.1,67.2,37,1
2024-01-08 18:00:00,CELL_004,macro,eMBB,887.32,8.254,0.3148,2,-120.0,-16.94,62.4,42,1
2024-01-08 19:00:00,CELL_004,macro,eMBB,1037.07,9.388,1.1636,3,-72.7,-9.18,77.5,58,1
2024-01-08 20:00:00,CELL_004,macro,eMBB,463.68,12.845,0.1037,1,-107.0,-8.14,53.5,34,1
2024-01-08 21:00:00,CELL_004,macro,eMBB,810.64,7.006,0.4049,1,-91.3,-16.22,71.8,39,1
2024-01-08 22:00:00,CELL_004,macro,eMBB,866.84,7.79,0.0389,5,-97.5,-10.12,61.2,51,1
2024-01-08 23:00:00,CELL_004,macro,eMBB,941.41,6.012,0.6351,2,-120.0,-17.27,79.3,45,1
2024-01-09 00:00:00,CELL_004,macro,eMBB,809.65,9.041,0.8263,3,-98.7,-12.09,82.8,39,1
2024-01-09 01:00:00,CELL_004,macro,eMBB,841.98,8.959,0.1848,5,-90.1,-9.38,58.2,47,1
2024-01-09 02:00:00,CELL_004,macro,eMBB,700.36,11.515,0.0308,4,-82.3,-10.56,89.0,48,1
2024-01-09 03:00:00,CELL_004,macro,eMBB,887.07,8.911,1.2032,4,-90.2,-7.28,77.6,38,1
2024-01-09 04:00:00,CELL_004,macro,eMBB,826.87,9.515,0.2598,2,-108.2,-16.11,84.1,55,1
2024-01-09 05:00:00,CELL_004,macro,eMBB,1182.56,2.442,0.9484,2,-97.6,-10.4,100.0,62,1
2024-01-09 06:00:00,CELL_004,macro,eMBB,526.17,10.864,0.5521,1,-81.8,-13.83,43.7,35,1
2024-01-09 07:00:00,CELL_004,macro,eMBB,923.81,7.455,0.4138,6,-104.9,-3.0,77.8,52,1
2024-01-09 08:00:00,CELL_004,macro,eMBB,518.85,8.796,0.2107,3,-90.6,-12.28,67.8,30,1
2024-01-09 09:00:00,CELL_004,macro,eMBB,909.55,7.193,0.1867,3,-100.9,-12.13,99.2,61,1
2024-01-09 10:00:00,CELL_004,macro,eMBB,848.32,6.036,1.2405,6,-102.8,-15.0,99.0,51,1
2024-01-09 11:00:00,CELL_004,macro,eMBB,771.84,9.573,0.8094,1,-115.5,-11.85,68.3,41,1
2024-01-09 12:00:00,CELL_004,macro,eMBB,819.44,9.354,0.6201,2,-88.4,-13.27,57.9,37,1
2024-01-09 13:00:00,CELL_004,macro,eMBB,700.95,7.953,0.514,1,-119.0,-13.78,91.9,45,1
2024-01-09 14:00:00,CELL_004,macro,eMBB,617.48,12.798,1.2838,3,-70.0,-10.44,60.8,38,1
2024-01-09 15:00:00,CELL_004,macro,eMBB,618.1,9.676,0.2594,2,-95.1,-16.25,73.3,39,1
2024-01-09 16:00:00,CELL_004,macro,eMBB,716.68,8.859,0.7346,6,-85.3,-15.19,44.0,27,1
2024-01-09 17:00:00,CELL_004,macro,eMBB,790.51,5.701,0.1234,6,-109.1,-6.43,76.3,52,1
2024-01-09 18:00:00,CELL_004,macro,eMBB,979.46,8.12,1.3287,1,-87.2,-18.97,58.7,43,1
2024-01-09 19:00:00,CELL_004,macro,eMBB,897.86,9.198,0.8159,4,-108.7,-6.2,77.4,52,1
2024-01-09 20:00:00,CELL_004,macro,eMBB,841.98,8.736,0.0146,4,-82.5,-19.26,67.5,48,1
2024-01-09 21:00:00,CELL_004,macro,eMBB,639.71,13.103,0.8475,3,-77.3,-10.6,37.2,52,1
2024-01-09 22:00:00,CELL_004,macro,eMBB,685.6,8.989,0.0809,4,-84.1,-13.0,49.5,42,1
2024-01-09 23:00:00,CELL_004,macro,eMBB,908.58,11.249,1.7298,3,-97.0,-12.53,90.0,48,1
2024-01-10 00:00:00,CELL_004,macro,eMBB,705.16,12.516,0.3943,4,-91.9,-12.37,77.3,43,1
2024-01-10 01:00:00,CELL_004,macro,eMBB,529.88,6.644,0.026,4,-99.1,-3.0,58.2,40,1
2024-01-10 02:00:00,CELL_004,macro,eMBB,816.27,4.652,0.236,3,-94.9,-20.0,83.1,57,1
2024-01-10 03:00:00,CELL_004,macro,eMBB,569.61,9.779,1.0495,3,-86.2,-12.32,72.8,45,1
2024-01-10 04:00:00,CELL_004,macro,eMBB,1238.31,6.259,0.7635,2,-97.0,-16.66,83.2,55,1
2024-01-10 05:00:00,CELL_004,macro,eMBB,1076.89,7.174,0.6802,3,-101.4,-4.56,86.9,41,1
2024-01-10 06:00:00,CELL_004,macro,eMBB,903.85,10.19,0.2657,9,-106.6,-16.4,78.9,46,1
2024-01-10 07:00:00,CELL_004,macro,eMBB,780.15,8.41,0.0257,4,-81.2,-6.73,68.5,43,1
2024-01-10 08:00:00,CELL_004,macro,eMBB,843.94,5.575,0.8463,4,-89.7,-18.45,84.8,52,1
2024-01-10 09:00:00,CELL_004,macro,eMBB,610.04,10.659,0.2938,3,-100.6,-7.36,69.4,51,1
2024-01-10 10:00:00,CELL_004,macro,eMBB,949.84,5.863,2.1567,0,-79.9,-3.98,71.5,47,0
2024-01-10 11:00:00,CELL_004,macro,eMBB,886.8,8.891,0.2535,2,-107.5,-18.63,66.6,49,1
2024-01-10 12:00:00,CELL_004,macro,eMBB,1171.67,6.139,0.075,1,-107.0,-17.41,91.6,58,1
2024-01-10 13:00:00,CELL_004,macro,eMBB,812.78,8.99,0.3645,3,-94.5,-12.46,76.8,57,1
2024-01-10 14:00:00,CELL_004,macro,eMBB,582.18,6.286,0.0864,4,-92.2,-14.84,54.1,32,1
2024-01-10 15:00:00,CELL_004,macro,eMBB,1037.51,2.927,2.0765,1,-70.0,-11.33,67.3,59,0
2024-01-10 16:00:00,CELL_004,macro,eMBB,950.77,7.546,0.7167,3,-103.3,-8.51,69.6,42,1
2024-01-10 17:00:00,CELL_004,macro,eMBB,668.26,10.382,0.7955,3,-70.0,-18.41,61.0,41,1
2024-01-10 18:00:00,CELL_004,macro,eMBB,800.65,6.715,1.4505,1,-96.6,-13.65,93.6,40,1
2024-01-10 19:00:00,CELL_004,macro,eMBB,710.75,6.367,1.5565,0,-95.7,-18.96,67.7,41,1
2024-01-10 20:00:00,CELL_004,macro,eMBB,552.77,9.876,0.2297,3,-85.2,-10.23,33.3,31,1
2024-01-10 21:00:00,CELL_004,macro,eMBB,895.57,7.25,0.1371,2,-101.7,-11.96,100.0,40,1
2024-01-10 22:00:00,CELL_004,macro,eMBB,865.14,11.09,0.7009,1,-96.8,-18.59,78.0,53,1
2024-01-10 23:00:00,CELL_004,macro,eMBB,781.14,11.166,0.6283,2,-71.6,-7.15,74.4,43,1
2024-01-11 00:00:00,CELL_004,macro,eMBB,1024.0,4.855,0.1031,3,-94.8,-8.67,90.5,48,1
2024-01-11 01:00:00,CELL_004,macro,eMBB,928.53,6.55,0.2628,3,-84.7,-13.16,85.8,52,1
2024-01-11 02:00:00,CELL_004,macro,eMBB,836.95,4.297,0.3338,0,-97.5,-4.32,62.7,52,1
2024-01-11 03:00:00,CELL_004,macro,eMBB,855.57,7.245,0.0346,1,-104.5,-8.54,61.0,42,1
2024-01-11 04:00:00,CELL_004,macro,eMBB,1111.46,3.547,0.2094,4,-89.0,-13.23,94.8,56,1
2024-01-11 05:00:00,CELL_004,macro,eMBB,1150.45,9.406,1.0076,4,-93.0,-3.0,81.2,62,1
2024-01-11 06:00:00,CELL_004,macro,eMBB,701.69,10.538,0.2462,6,-78.7,-4.0,62.5,25,1
2024-01-11 07:00:00,CELL_004,macro,eMBB,1053.35,4.693,2.3942,7,-110.0,-7.33,84.6,45,0
2024-01-11 08:00:00,CELL_004,macro,eMBB,771.97,4.376,0.0007,4,-79.4,-9.46,77.2,33,1
2024-01-11 09:00:00,CELL_004,macro,eMBB,971.17,2.506,0.4071,2,-94.8,-9.26,64.9,53,1
2024-01-01 00:00:00,CELL_005,macro,eMBB,1066.31,6.237,1.1717,4,-107.3,-17.68,69.7,59,1
2024-01-01 01:00:00,CELL_005,macro,eMBB,879.86,7.401,0.0745,3,-87.7,-11.21,100.0,48,1
2024-01-01 02:00:00,CELL_005,macro,eMBB,660.98,8.226,0.054,2,-95.8,-14.87,81.6,49,1
2024-01-01 03:00:00,CELL_005,macro,eMBB,837.47,8.555,0.654,6,-120.0,-11.7,58.2,61,1
2024-01-01 04:00:00,CELL_005,macro,eMBB,808.53,6.262,0.1249,3,-120.0,-18.39,53.4,39,1
2024-01-01 05:00:00,CELL_005,macro,eMBB,754.51,9.205,0.1569,1,-80.7,-18.68,83.9,58,1
2024-01-01 06:00:00,CELL_005,macro,eMBB,840.8,8.484,0.3076,3,-95.2,-11.5,76.2,53,1
2024-01-01 07:00:00,CELL_005,macro,eMBB,1140.77,10.023,0.2686,3,-105.2,-7.45,81.9,45,1
2024-01-01 08:00:00,CELL_005,macro,eMBB,720.62,10.116,0.0826,4,-91.1,-14.94,58.9,50,1
2024-01-01 09:00:00,CELL_005,macro,eMBB,942.41,9.815,0.9668,2,-93.8,-3.0,78.2,53,1
2024-01-01 10:00:00,CELL_005,macro,eMBB,748.73,8.907,0.1077,4,-120.0,-3.0,46.4,37,1
2024-01-01 11:00:00,CELL_005,macro,eMBB,905.4,8.206,0.2522,4,-103.5,-19.15,81.5,49,1
2024-01-01 12:00:00,CELL_005,macro,eMBB,941.01,10.167,0.302,8,-70.0,-20.0,79.4,49,1
2024-01-01 13:00:00,CELL_005,macro,eMBB,831.33,6.837,0.6946,4,-113.2,-12.05,54.6,34,1
2024-01-01 14:00:00,CELL_005,macro,eMBB,535.09,9.289,0.9859,4,-76.9,-10.07,61.0,44,1
2024-01-01 15:00:00,CELL_005,macro,eMBB,818.65,10.402,0.0225,3,-82.8,-4.01,65.6,37,1
2024-01-01 16:00:00,CELL_005,macro,eMBB,407.96,10.43,0.2168,6,-117.6,-16.99,68.0,31,1
2024-01-01 17:00:00,CELL_005,macro,eMBB,687.24,13.167,0.1528,4,-84.7,-9.08,48.5,38,1
2024-01-01 18:00:00,CELL_005,macro,eMBB,681.3,11.594,0.1365,4,-120.0,-17.49,64.5,35,1
2024-01-01 19:00:00,CELL_005,macro,eMBB,722.66,13.969,0.0961,2,-102.8,-8.62,44.8,25,1
2024-01-01 20:00:00,CELL_005,macro,eMBB,465.16,11.391,0.1426,4,-115.5,-14.5,47.8,35,1
2024-01-01 21:00:00,CELL_005,macro,eMBB,579.3,11.762,0.0787,2,-91.7,-12.21,40.0,26,1
2024-01-01 22:00:00,CELL_005,macro,eMBB,549.67,13.247,0.0583,5,-94.8,-14.2,35.6,35,1
2024-01-01 23:00:00,CELL_005,macro,eMBB,629.33,8.907,0.4447,1,-96.0,-16.87,76.5,32,1
2024-01-02 00:00:00,CELL_005,macro,eMBB,724.37,6.789,0.4856,5,-88.4,-16.62,90.5,39,1
2024-01-02 01:00:00,CELL_005,macro,eMBB,778.27,7.687,0.447,1,-81.4,-12.4,69.8,50,1
2024-01-02 02:00:00,CELL_005,macro,eMBB,624.26,10.983,0.0953,3,-90.8,-19.47,73.3,41,1
2024-01-02 03:00:00,CELL_005,macro,eMBB,535.29,12.928,0.6029,3,-95.8,-16.16,63.7,33,1
2024-01-02 04:00:00,CELL_005,macro,eMBB,671.53,7.091,0.6225,3,-120.0,-17.51,52.4,50,1
2024-01-02 05:00:00,CELL_005,macro,eMBB,886.48,8.109,0.539,3,-95.7,-8.26,85.9,49,1
2024-01-02 06:00:00,CELL_005,macro,eMBB,1104.02,8.28,0.4431,0,-113.7,-13.53,85.2,51,1
2024-01-02 07:00:00,CELL_005,macro,eMBB,822.42,8.874,0.5125,2,-120.0,-10.03,85.2,35,1
2024-01-02 08:00:00,CELL_005,macro,eMBB,618.22,7.104,0.3087,1,-98.4,-13.79,80.1,50,1
2024-01-02 09:00:00,CELL_005,macro,eMBB,608.68,8.535,0.182,4,-80.0,-9.9,59.8,35,1
2024-01-02 10:00:00,CELL_005,macro,eMBB,892.61,9.149,0.0315,3,-83.1,-17.61,60.6,40,1
2024-01-02 11:00:00,CELL_005,macro,eMBB,1058.57,3.474,0.5329,4,-109.2,-15.44,77.0,48,1
2024-01-02 12:00:00,CELL_005,macro,eMBB,717.88,10.501,0.1196,2,-97.3,-8.98,51.4,42,1
2024-01-02 13:00:00,CELL_005,macro,eMBB,711.74,9.156,0.1421,2,-87.8,-13.41,79.7,41,1
2024-01-02 14:00:00,CELL_005,macro,eMBB,999.71,5.235,0.3528,3,-83.9,-8.13,99.6,62,1
2024-01-02 15:00:00,CELL_005,macro,eMBB,939.59,10.93,0.1477,2,-87.7,-17.49,75.9,54,1
2024-01-02 16:00:00,CELL_005,macro,eMBB,508.74,8.888,0.3774,2,-98.7,-3.41,59.2,41,1
2024-01-02 17:00:00,CELL_005,macro,eMBB,598.52,5.64,0.2206,3,-100.4,-12.17,69.2,46,1
2024-01-02 18:00:00,CELL_005,macro,eMBB,694.43,6.386,0.2839,3,-91.7,-13.23,85.0,49,1
2024-01-02 19:00:00,CELL_005,macro,eMBB,593.46,13.551,0.5381,2,-107.3,-10.64,45.6,29,1
2024-01-02 20:00:00,CELL_005,macro,eMBB,623.98,10.975,1.0994,2,-91.8,-7.18,48.6,24,1
2024-01-02 21:00:00,CELL_005,macro,eMBB,767.38,11.788,0.6028,2,-103.2,-11.46,75.3,29,1
2024-01-02 22:00:00,CELL_005,macro,eMBB,1022.29,7.272,0.7639,3,-102.2,-11.99,89.5,43,1
2024-01-02 23:00:00,CELL_005,macro,eMBB,871.34,7.743,0.4072,0,-120.0,-8.16,65.2,54,1
2024-01-03 00:00:00,CELL_005,macro,eMBB,687.7,5.826,0.0505,3,-116.9,-9.79,63.0,45,1
2024-01-03 01:00:00,CELL_005,macro,eMBB,1018.93,8.996,0.2992,1,-107.9,-3.92,82.2,42,1
2024-01-03 02:00:00,CELL_005,macro,eMBB,949.86,4.311,0.683,2,-99.8,-19.74,80.9,56,1
2024-01-03 03:00:00,CELL_005,macro,eMBB,1108.93,3.72,0.1186,4,-97.2,-11.78,67.4,59,1
2024-01-03 04:00:00,CELL_005,macro,eMBB,701.81,11.042,0.491,2,-70.0,-18.27,80.0,45,1
2024-01-03 05:00:00,CELL_005,macro,eMBB,1214.42,3.785,0.0359,5,-82.8,-6.35,89.7,56,1
2024-01-03 06:00:00,CELL_005,macro,eMBB,937.33,9.778,2.256,1,-84.1,-13.8,69.7,41,0
2024-01-03 07:00:00,CELL_005,macro,eMBB,917.83,1.66,0.0978,2,-113.0,-13.22,89.5,77,1
2024-01-03 08:00:00,CELL_005,macro,eMBB,784.27,5.198,0.5656,5,-70.0,-10.85,80.3,63,1
2024-01-03 09:00:00,CELL_005,macro,eMBB,572.24,7.944,0.056,2,-86.9,-12.96,75.9,40,1
2024-01-03 10:00:00,CELL_005,macro,eMBB,781.77,12.748,0.1072,2,-76.1,-8.69,81.9,37,1
2024-01-03 11:00:00,CELL_005,macro,eMBB,618.2,8.934,0.1403,2,-82.2,-13.84,67.6,35,1
2024-01-03 12:00:00,CELL_005,macro,eMBB,658.2,9.94,0.5395,2,-81.7,-5.93,56.6,43,1
2024-01-03 13:00:00,CELL_005,macro,eMBB,589.41,11.098,0.1095,0,-101.1,-20.0,59.1,38,1
2024-01-03 14:00:00,CELL_005,macro,eMBB,634.92,8.275,0.362,3,-107.5,-12.58,53.8,45,1
2024-01-03 15:00:00,CELL_005,macro,eMBB,764.36,8.946,1.2401,3,-110.0,-12.01,56.4,38,1
2024-01-03 16:00:00,CELL_005,macro,eMBB,519.87,8.006,0.414,5,-107.6,-11.29,70.2,34,1
2024-01-03 17:00:00,CELL_005,macro,eMBB,502.56,7.177,1.1003,5,-86.6,-20.0,69.9,39,1
2024-01-03 18:00:00,CELL_005,macro,eMBB,763.07,10.692,0.1204,3,-72.0,-11.09,75.5,42,1
2024-01-03 19:00:00,CELL_005,macro,eMBB,665.35,9.03,0.5357,0,-87.6,-8.72,63.4,47,1
2024-01-03 20:00:00,CELL_005,macro,eMBB,683.36,11.854,0.4179,3,-108.9,-20.0,61.6,39,1
2024-01-03 21:00:00,CELL_005,macro,eMBB,782.81,7.915,0.0592,2,-91.0,-14.49,70.0,54,1
2024-01-03 22:00:00,CELL_005,macro,eMBB,765.04,8.214,0.4959,6,-93.7,-6.87,82.5,65,1
2024-01-03 23:00:00,CELL_005,macro,eMBB,749.6,10.553,0.1474,4,-70.0,-8.58,61.3,34,1
2024-01-04 00:00:00,CELL_005,macro,eMBB,491.14,11.527,0.1585,3,-76.3,-4.75,15.9,33,1
2024-01-04 01:00:00,CELL_005,macro,eMBB,1055.33,4.931,0.2896,4,-110.8,-8.75,98.4,53,1
2024-01-04 02:00:00,CELL_005,macro,eMBB,679.32,10.553,0.2281,2,-96.2,-18.39,64.9,49,1
2024-01-04 03:00:00,CELL_005,macro,eMBB,1012.54,9.763,0.0071,6,-88.9,-15.45,75.4,54,1
2024-01-04 04:00:00,CELL_005,macro,eMBB,788.52,9.727,0.8725,4,-87.3,-6.35,86.5,35,1
2024-01-04 05:00:00,CELL_005,macro,eMBB,1059.07,8.634,0.3229,3,-109.5,-8.4,96.2,50,1
2024-01-04 06:00:00,CELL_005,macro,eMBB,1193.3,4.239,0.6872,2,-120.0,-7.99,100.0,65,1
2024-01-04 07:00:00,CELL_005,macro,eMBB,669.62,10.154,1.2488,1,-104.1,-14.87,82.9,56,1
2024-01-04 08:00:00,CELL_005,macro,eMBB,998.52,5.269,0.9726,1,-78.6,-19.14,100.0,59,1
2024-01-04 09:00:00,CELL_005,macro,eMBB,885.62,10.358,0.6433,5,-101.1,-3.0,88.6,47,1
2024-01-04 10:00:00,CELL_005,macro,eMBB,991.25,4.968,0.3169,7,-75.5,-14.96,61.8,55,1
2024-01-04 11:00:00,CELL_005,macro,eMBB,868.7,9.451,0.2784,2,-99.2,-11.21,60.6,28,1
2024-01-04 12:00:00,CELL_005,macro,eMBB,1014.61,10.257,0.7243,5,-93.5,-15.06,79.7,62,1
2024-01-04 13:00:00,CELL_005,macro,eMBB,518.56,11.744,0.0238,2,-113.6,-15.88,53.5,33,1
2024-01-04 14:00:00,CELL_005,macro,eMBB,1002.38,5.171,0.0893,2,-82.3,-13.68,82.3,48,1
2024-01-04 15:00:00,CELL_005,macro,eMBB,917.62,9.976,0.2633,3,-104.2,-20.0,74.7,44,1
2024-01-04 16:00:00,CELL_005,macro,eMBB,827.6,9.94,0.9283,4,-111.6,-13.97,80.4,52,1
2024-01-04 17:00:00,CELL_005,macro,eMBB,692.68,11.649,0.4501,8,-115.6,-16.63,92.7,39,1
2024-01-04 18:00:00,CELL_005,macro,eMBB,578.88,12.299,0.3106,2,-97.1,-12.84,48.8,42,1
2024-01-04 19:00:00,CELL_005,macro,eMBB,689.03,11.015,0.0131,5,-97.8,-11.36,60.7,46,1
2024-01-04 20:00:00,CELL_005,macro,eMBB,835.1,6.561,1.0839,2,-103.3,-3.0,52.6,44,1
2024-01-04 21:00:00,CELL_005,macro,eMBB,813.81,7.605,0.2519,5,-92.2,-12.08,77.4,31,1
2024-01-04 22:00:00,CELL_005,macro,eMBB,814.93,7.82,0.711,7,-90.1,-15.03,60.3,51,1
2024-01-04 23:00:00,CELL_005,macro,eMBB,1018.84,3.58,0.0621,2,-81.3,-8.93,63.9,61,1
2024-01-05 00:00:00,CELL_005,macro,eMBB,763.49,11.634,0.226,6,-108.8,-18.04,64.3,31,1
2024-01-05 01:00:00,CELL_005,macro,eMBB,1046.58,6.719,0.5878,4,-81.1,-14.15,63.7,52,1
2024-01-05 02:00:00,CELL_005,macro,eMBB,1063.11,11.177,0.1734,3,-83.0,-14.76,50.5,64,1
2024-01-05 03:00:00,CELL_005,macro,eMBB,880.29,4.84,0.0367,2,-77.8,-9.4,76.5,53,1
2024-01-05 04:00:00,CELL_005,macro,eMBB,756.95,6.658,0.2496,5,-120.0,-11.05,78.5,35,1
2024-01-05 05:00:00,CELL_005,macro,eMBB,871.52,4.555,0.0014,3,-95.0,-11.95,67.2,50,1
2024-01-05 06:00:00,CELL_005,macro,eMBB,919.38,8.071,0.3736,1,-88.5,-15.99,25.9,41,1
2024-01-05 07:00:00,CELL_005,macro,eMBB,985.16,6.48,0.6821,6,-93.2,-20.0,84.8,56,1
2024-01-05 08:00:00,CELL_005,macro,eMBB,1039.55,4.621,0.0218,7,-77.0,-10.76,56.0,57,1
2024-01-05 09:00:00,CELL_005,macro,eMBB,780.07,10.327,0.6847,2,-77.3,-11.26,71.2,46,1
2024-01-05 10:00:00,CELL_005,macro,eMBB,597.83,9.64,0.2306,4,-119.3,-10.71,80.9,41,1
2024-01-05 11:00:00,CELL_005,macro,eMBB,567.05,12.718,0.841,4,-116.0,-11.1,86.2,40,1
2024-01-05 12:00:00,CELL_005,macro,eMBB,666.4,6.499,0.7989,2,-105.8,-11.59,55.5,52,1
2024-01-05 13:00:00,CELL_005,macro,eMBB,883.32,6.667,0.5815,3,-106.6,-17.85,92.0,52,1
2024-01-05 14:00:00,CELL_005,macro,eMBB,740.29,12.927,0.6188,2,-101.0,-12.96,68.6,24,1
2024-01-05 15:00:00,CELL_005,macro,eMBB,666.73,10.645,1.0155,8,-70.0,-10.47,77.6,53,1
2024-01-05 16:00:00,CELL_005,macro,eMBB,810.37,3.977,0.9112,3,-100.7,-20.0,83.4,46,1
2024-01-05 17:00:00,CELL_005,macro,eMBB,870.02,5.471,2.1181,3,-77.6,-3.0,75.5,35,0
2024-01-05 18:00:00,CELL_005,macro,eMBB,630.38,10.643,0.013,3,-94.3,-6.9,64.1,25,1
2024-01-05 19:00:00,CELL_005,macro,eMBB,767.09,11.214,0.1535,4,-70.8,-12.94,84.4,41,1
2024-01-05 20:00:00,CELL_005,macro,eMBB,545.14,10.112,0.6687,2,-99.9,-7.57,47.0,39,1
2024-01-05 21:00:00,CELL_005,macro,eMBB,793.34,8.323,0.7757,2,-70.0,-11.81,82.2,38,1
2024-01-05 22:00:00,CELL_005,macro,eMBB,450.51,10.438,1.659,2,-87.3,-6.07,51.0,26,1
2024-01-05 23:00:00,CELL_005,macro,eMBB,925.33,10.246,0.0576,3,-83.3,-11.64,85.5,51,1
2024-01-06 00:00:00,CELL_005,macro,eMBB,756.31,9.789,0.0095,3,-87.2,-14.24,69.9,52,1
2024-01-06 01:00:00,CELL_005,macro,eMBB,844.81,10.891,1.531,2,-104.2,-4.29,65.0,45,1
2024-01-06 02:00:00,CELL_005,macro,eMBB,1037.19,9.771,0.6019,4,-96.3,-19.01,36.6,41,1
2024-01-06 03:00:00,CELL_005,macro,eMBB,827.66,8.326,0.0944,3,-87.4,-20.0,50.2,37,1
2024-01-06 04:00:00,CELL_005,macro,eMBB,1061.2,7.592,0.2776,5,-107.1,-3.76,81.5,53,1
2024-01-06 05:00:00,CELL_005,macro,eMBB,673.66,9.169,0.2098,2,-115.1,-10.23,59.8,33,1
2024-01-06 06:00:00,CELL_005,macro,eMBB,836.86,8.715,0.0342,2,-104.0,-19.67,56.3,54,1
2024-01-06 07:00:00,CELL_005,macro,eMBB,585.2,12.293,0.7895,2,-101.9,-14.01,58.7,26,1
2024-01-06 08:00:00,CELL_005,macro,eMBB,855.06,4.336,0.4342,6,-94.8,-20.0,71.3,48,1
2024-01-06 09:00:00,CELL_005,macro,eMBB,728.04,7.149,1.7298,5,-97.9,-13.02,55.3,43,1
2024-01-06 10:00:00,CELL_005,macro,eMBB,1049.9,10.458,0.0131,2,-120.0,-16.35,83.5,44,1
2024-01-06 11:00:00,CELL_005,macro,eMBB,921.84,8.021,0.0313,1,-78.6,-7.84,66.7,55,1
2024-01-06 12:00:00,CELL_005,macro,eMBB,963.36,4.279,0.7511,3,-97.5,-9.83,70.0,52,1
2024-01-06 13:00:00,CELL_005,macro,eMBB,669.31,5.48,1.0443,4,-70.0,-12.27,56.8,38,1
2024-01-06 14:00:00,CELL_005,macro,eMBB,466.47,8.822,0.31,1,-100.0,-15.6,50.0,38,1
2024-01-06 15:00:00,CELL_005,macro,eMBB,704.23,10.937,0.3884,1,-104.2,-11.38,63.0,33,1
2024-01-06 16:00:00,CELL_005,macro,eMBB,573.84,8.579,1.2779,0,-103.0,-12.54,47.2,36,1
2024-01-06 17:00:00,CELL_005,macro,eMBB,1052.82,12.458,0.0127,2,-104.6,-14.21,69.3,39,1
2024-01-06 18:00:00,CELL_005,macro,eMBB,810.72,9.543,0.096,6,-87.7,-15.37,63.4,39,1
2024-01-06 19:00:00,CELL_005,macro,eMBB,931.05,9.246,0.2283,2,-101.9,-3.0,66.2,31,1
2024-01-06 20:00:00,CELL_005,macro,eMBB,959.13,8.691,0.4944,3,-97.4,-3.0,69.3,60,1
2024-01-06 21:00:00,CELL_005,macro,eMBB,862.49,11.383,0.7653,6,-104.6,-18.69,89.0,35,1
2024-01-06 22:00:00,CELL_005,macro,eMBB,547.54,9.178,0.1525,1,-90.8,-13.72,44.7,34,1
2024-01-06 23:00:00,CELL_005,macro,eMBB,1028.61,6.2,0.1573,3,-70.0,-12.73,100.0,50,1
2024-01-07 00:00:00,CELL_005,macro,eMBB,797.09,10.61,0.2348,1,-79.6,-8.53,57.7,40,1
2024-01-07 01:00:00,CELL_005,macro,eMBB,754.95,6.291,0.355,3,-101.0,-9.08,81.1,50,1
2024-01-07 02:00:00,CELL_005,macro,eMBB,798.47,6.187,0.9732,2,-96.8,-15.15,47.3,41,1
2024-01-07 03:00:00,CELL_005,macro,eMBB,937.51,2.147,0.548,1,-101.9,-16.87,91.8,34,1
2024-01-07 04:00:00,CELL_005,macro,eMBB,887.73,7.967,0.297,2,-107.8,-11.46,90.6,49,1
2024-01-07 05:00:00,CELL_005,macro,eMBB,794.0,5.696,0.2133,3,-94.5,-3.0,80.5,50,1
2024-01-07 06:00:00,CELL_005,macro,eMBB,880.85,8.638,0.1671,8,-92.4,-17.71,82.0,42,1
2024-01-07 07:00:00,CELL_005,macro,eMBB,925.17,11.15,0.1566,1,-86.5,-14.12,46.1,37,1
2024-01-07 08:00:00,CELL_005,macro,eMBB,859.96,9.146,0.7698,4,-94.7,-12.16,52.5,40,1
2024-01-07 09:00:00,CELL_005,macro,eMBB,811.18,8.153,0.4105,4,-88.0,-6.67,82.3,49,1
2024-01-07 10:00:00,CELL_005,macro,eMBB,784.95,8.587,0.7456,5,-77.3,-7.47,78.6,44,1
2024-01-07 11:00:00,CELL_005,macro,eMBB,1128.02,6.992,0.4316,4,-100.6,-10.43,77.7,45,1
2024-01-07 12:00:00,CELL_005,macro,eMBB,742.94,10.75,0.4923,1,-105.9,-4.68,37.5,28,1
2024-01-07 13:00:00,CELL_005,macro,eMBB,886.08,8.512,0.2058,4,-112.0,-20.0,90.2,54,1
2024-01-07 14:00:00,CELL_005,macro,eMBB,778.7,9.522,0.4911,5,-83.4,-14.34,49.1,45,1
2024-01-07 15:00:00,CELL_005,macro,eMBB,913.85,10.844,0.087,4,-86.6,-20.0,76.7,27,1
2024-01-07 16:00:00,CELL_005,macro,eMBB,925.24,4.95,0.3522,1,-105.0,-14.82,86.9,58,1
2024-01-07 17:00:00,CELL_005,macro,eMBB,822.16,11.034,0.4724,4,-97.4,-10.26,61.8,49,1
2024-01-07 18:00:00,CELL_005,macro,eMBB,535.88,12.163,0.5614,5,-77.3,-15.66,68.8,22,1
2024-01-07 19:00:00,CELL_005,macro,eMBB,1014.21,4.731,0.0906,2,-75.5,-20.0,84.1,58,1
2024-01-07 20:00:00,CELL_005,macro,eMBB,583.57,15.122,0.3899,4,-96.7,-20.0,64.4,31,1
2024-01-07 21:00:00,CELL_005,macro,eMBB,640.14,7.007,0.0693,1,-93.8,-6.73,27.7,34,1
2024-01-07 22:00:00,CELL_005,macro,eMBB,821.83,11.059,0.3207,3,-89.0,-8.39,68.2,50,1
2024-01-07 23:00:00,CELL_005,macro,eMBB,702.62,8.017,1.5321,2,-95.3,-11.75,64.8,37,1
2024-01-08 00:00:00,CELL_005,macro,eMBB,816.96,14.339,0.2225,1,-96.8,-10.68,87.0,38,1
2024-01-08 01:00:00,CELL_005,macro,eMBB,1028.69,5.247,0.7917,1,-88.9,-19.76,93.0,72,1
2024-01-08 02:00:00,CELL_005,macro,eMBB,839.61,13.544,0.0342,5,-107.1,-15.24,53.2,24,1
2024-01-08 03:00:00,CELL_005,macro,eMBB,779.34,10.258,0.2633,1,-90.9,-9.1,75.0,44,1
2024-01-08 04:00:00,CELL_005,macro,eMBB,680.52,13.082,0.0027,2,-72.2,-5.96,65.8,41,1
2024-01-08 05:00:00,CELL_005,macro,eMBB,783.95,8.084,1.5924,2,-97.2,-3.42,94.7,49,1
2024-01-08 06:00:00,CELL_005,macro,eMBB,866.01,10.504,0.3489,1,-111.6,-8.24,62.2,41,1
2024-01-08 07:00:00,CELL_005,macro,eMBB,826.24,7.213,0.408,4,-102.4,-20.0,83.9,51,1
2024-01-08 08:00:00,CELL_005,macro,eMBB,687.89,6.493,0.4761,4,-93.4,-9.73,77.2,42,1
2024-01-08 09:00:00,CELL_005,macro,eMBB,798.44,9.034,0.3637,2,-110.1,-7.97,67.4,32,1
2024-01-08 10:00:00,CELL_005,macro,eMBB,949.12,7.775,0.1588,5,-81.8,-8.81,89.6,50,1
2024-01-08 11:00:00,CELL_005,macro,eMBB,956.06,11.759,2.5626,1,-72.0,-18.51,85.2,42,0
2024-01-08 12:00:00,CELL_005,macro,eMBB,797.58,7.99,0.1862,1,-91.0,-13.22,71.6,45,1
2024-01-08 13:00:00,CELL_005,macro,eMBB,687.74,10.367,1.2004,3,-120.0,-10.55,41.3,29,1
2024-01-08 14:00:00,CELL_005,macro,eMBB,631.8,11.842,0.0574,5,-97.6,-14.1,61.9,31,1
2024-01-08 15:00:00,CELL_005,macro,eMBB,639.44,6.899,0.2088,5,-74.9,-10.86,57.5,38,1
2024-01-08 16:00:00,CELL_005,macro,eMBB,518.34,9.892,1.2403,1,-89.0,-3.0,33.5,33,1
2024-01-08 17:00:00,CELL_005,macro,eMBB,934.12,8.689,1.583,2,-115.2,-12.52,61.2,43,1
2024-01-08 18:00:00,CELL_005,macro,eMBB,673.94,10.219,0.5681,4,-78.4,-7.83,53.7,26,1
2024-01-08 19:00:00,CELL_005,macro,eMBB,443.64,10.216,0.4908,3,-105.4,-12.28,71.4,41,1
2024-01-08 20:00:00,CELL_005,macro,eMBB,597.25,7.971,0.0154,4,-84.3,-14.63,69.1,46,1
2024-01-08 21:00:00,CELL_005,macro,eMBB,821.79,11.72,0.1353,2,-107.4,-6.34,77.4,46,1
2024-01-08 22:00:00,CELL_005,macro,eMBB,695.81,7.195,0.2232,6,-120.0,-10.81,53.6,25,1
2024-01-08 23:00:00,CELL_005,macro,eMBB,919.98,11.121,0.7578,3,-99.8,-19.78,67.5,36,1
2024-01-09 00:00:00,CELL_005,macro,eMBB,991.21,7.731,2.9613,3,-92.4,-16.41,71.9,48,0
2024-01-09 01:00:00,CELL_005,macro,eMBB,971.38,8.3,0.0202,5,-96.7,-11.64,58.0,46,1
2024-01-09 02:00:00,CELL_005,macro,eMBB,788.04,5.754,0.0884,5,-70.0,-16.79,87.7,39,1
2024-01-09 03:00:00,CELL_005,macro,eMBB,1007.07,9.43,0.0242,0,-89.7,-8.53,99.2,38,1
2024-01-09 04:00:00,CELL_005,macro,eMBB,942.83,7.817,0.2981,3,-82.6,-11.96,78.9,63,1
2024-01-09 05:00:00,CELL_005,macro,eMBB,907.95,8.659,1.8624,5,-120.0,-9.74,85.8,55,1
2024-01-09 06:00:00,CELL_005,macro,eMBB,1047.04,6.884,0.6689,1,-88.4,-13.97,64.5,51,1
2024-01-09 07:00:00,CELL_005,macro,eMBB,907.64,13.915,0.1163,4,-93.8,-19.38,55.0,48,1
2024-01-09 08:00:00,CELL_005,macro,eMBB,752.4,8.245,0.2848,4,-77.8,-18.85,97.0,53,1
2024-01-09 09:00:00,CELL_005,macro,eMBB,637.94,11.426,0.4561,6,-88.8,-3.0,34.8,36,1
2024-01-09 10:00:00,CELL_005,macro,eMBB,798.25,6.699,0.9723,5,-70.0,-4.92,100.0,47,1
2024-01-09 11:00:00,CELL_005,macro,eMBB,795.02,8.258,0.2026,4,-120.0,-3.0,62.2,37,1
2024-01-09 12:00:00,CELL_005,macro,eMBB,597.88,9.743,0.1173,1,-93.4,-14.87,65.9,40,1
2024-01-09 13:00:00,CELL_005,macro,eMBB,552.87,10.662,0.391,1,-80.0,-13.32,55.2,38,1
2024-01-09 14:00:00,CELL_005,macro,eMBB,832.71,9.672,1.1619,2,-94.6,-14.05,58.3,41,1
2024-01-09 15:00:00,CELL_005,macro,eMBB,841.4,4.408,0.6874,1,-101.3,-10.0,100.0,56,1
2024-01-09 16:00:00,CELL_005,macro,eMBB,1068.93,8.826,1.0105,4,-76.2,-17.34,48.2,50,1
2024-01-09 17:00:00,CELL_005,macro,eMBB,313.66,11.644,0.2364,2,-70.0,-17.87,18.7,30,1
2024-01-09 18:00:00,CELL_005,macro,eMBB,752.3,12.362,0.1051,1,-92.8,-16.06,40.8,33,1
2024-01-09 19:00:00,CELL_005,macro,eMBB,644.21,10.582,0.0645,3,-72.4,-20.0,60.7,32,1
2024-01-09 20:00:00,CELL_005,macro,eMBB,611.39,11.753,1.0249,4,-77.1,-20.0,67.2,33,1
2024-01-09 21:00:00,CELL_005,macro,eMBB,918.52,7.389,0.1891,4,-80.1,-10.41,77.0,54,1
2024-01-09 22:00:00,CELL_005,macro,eMBB,609.77,6.612,1.855,0,-88.3,-12.99,50.2,44,1
2024-01-09 23:00:00,CELL_005,macro,eMBB,690.7,10.331,0.1133,4,-95.6,-16.25,65.4,42,1
2024-01-10 00:00:00,CELL_005,macro,eMBB,550.31,9.857,0.1769,1,-85.0,-11.14,75.0,36,1
2024-01-10 01:00:00,CELL_005,macro,eMBB,880.61,9.276,0.5153,3,-101.9,-20.0,65.1,53,1
2024-01-10 02:00:00,CELL_005,macro,eMBB,1103.76,5.109,0.0423,8,-95.5,-9.34,81.4,54,1
2024-01-10 03:00:00,CELL_005,macro,eMBB,474.08,7.271,0.5571,2,-93.3,-20.0,73.9,27,1
2024-01-10 04:00:00,CELL_005,macro,eMBB,895.69,13.178,0.0221,4,-105.0,-14.4,73.6,37,1
2024-01-10 05:00:00,CELL_005,macro,eMBB,713.69,4.106,0.558,3,-104.9,-7.32,69.2,46,1
2024-01-10 06:00:00,CELL_005,macro,eMBB,935.42,9.227,0.3763,3,-82.0,-8.51,68.6,39,1
2024-01-10 07:00:00,CELL_005,macro,eMBB,865.16,8.287,0.0881,2,-104.8,-4.2,82.1,58,1
2024-01-10 08:00:00,CELL_005,macro,eMBB,790.12,9.22,0.8142,2,-85.5,-15.42,76.9,52,1
2024-01-10 09:00:00,CELL_005,macro,eMBB,666.09,13.232,0.3468,4,-73.4,-20.0,72.3,39,1
2024-01-10 10:00:00,CELL_005,macro,eMBB,956.85,7.842,0.144,1,-92.7,-15.48,65.2,52,1
2024-01-10 11:00:00,CELL_005,macro,eMBB,592.01,9.079,1.1767,5,-70.0,-12.36,73.7,44,1
2024-01-10 12:00:00,CELL_005,macro,eMBB,946.94,7.24,0.2916,3,-100.0,-19.58,49.1,34,1
2024-01-10 13:00:00,CELL_005,macro,eMBB,637.24,6.843,0.5208,2,-74.7,-15.02,75.0,43,1
2024-01-10 14:00:00,CELL_005,macro,eMBB,515.52,8.821,0.5178,3,-105.9,-10.29,45.6,39,1
2024-01-10 15:00:00,CELL_005,macro,eMBB,770.62,8.49,0.6158,3,-113.4,-10.86,71.9,49,1
2024-01-10 16:00:00,CELL_005,macro,eMBB,692.82,7.437,0.3919,5,-99.4,-3.36,66.7,50,1
2024-01-10 17:00:00,CELL_005,macro,eMBB,511.8,14.08,0.1552,2,-94.9,-11.48,40.4,22,1
2024-01-10 18:00:00,CELL_005,macro,eMBB,871.82,9.641,0.169,3,-104.0,-12.52,40.8,48,1
2024-01-10 19:00:00,CELL_005,macro,eMBB,759.05,7.429,0.6041,1,-81.3,-20.0,84.7,33,1
2024-01-10 20:00:00,CELL_005,macro,eMBB,490.23,8.718,0.6801,4,-117.1,-18.14,49.3,43,1
2024-01-10 21:00:00,CELL_005,macro,eMBB,817.41,4.581,0.2407,7,-107.2,-11.24,97.7,42,1
2024-01-10 22:00:00,CELL_005,macro,eMBB,1021.2,8.541,0.4959,3,-76.2,-8.67,79.1,61,1
2024-01-10 23:00:00,CELL_005,macro,eMBB,772.2,11.735,0.8491,6,-108.4,-13.76,42.5,41,1
2024-01-11 00:00:00,CELL_005,macro,eMBB,576.2,7.357,0.4468,7,-71.9,-17.98,78.7,35,1
2024-01-11 01:00:00,CELL_005,macro,eMBB,515.78,12.275,0.4595,5,-103.2,-19.72,57.7,39,1
2024-01-11 02:00:00,CELL_005,macro,eMBB,879.57,9.275,0.1726,4,-119.7,-5.88,75.1,38,1
2024-01-11 03:00:00,CELL_005,macro,eMBB,866.58,8.324,1.0209,3,-94.0,-12.31,66.0,34,1
2024-01-11 04:00:00,CELL_005,macro,eMBB,892.67,8.651,0.3497,1,-103.3,-10.19,83.7,47,1
2024-01-11 05:00:00,CELL_005,macro,eMBB,903.61,12.811,0.5485,6,-85.6,-11.34,69.9,56,1
2024-01-11 06:00:00,CELL_005,macro,eMBB,834.77,10.021,0.5185,1,-100.3,-14.86,88.2,46,1
2024-01-11 07:00:00,CELL_005,macro,eMBB,768.76,9.259,0.2725,3,-102.0,-15.24,74.9,44,1
2024-01-11 08:00:00,CELL_005,macro,eMBB,772.68,8.107,0.3052,0,-93.3,-13.63,70.9,33,1
2024-01-11 09:00:00,CELL_005,macro,eMBB,940.55,7.047,0.9271,4,-90.1,-11.22,96.2,46,1
2024-01-01 00:00:00,CELL_006,macro,URLLC,350.34,1.077,0.0174,3,-87.9,-16.49,64.5,13,1
2024-01-01 01:00:00,CELL_006,macro,URLLC,235.16,1.39,0.0607,3,-93.2,-14.7,74.8,10,1
2024-01-01 02:00:00,CELL_006,macro,URLLC,284.97,2.096,0.1055,3,-89.0,-20.0,59.1,19,0
2024-01-01 03:00:00,CELL_006,macro,URLLC,427.97,1.864,0.0459,0,-111.9,-17.51,64.4,13,1
2024-01-01 04:00:00,CELL_006,macro,URLLC,179.18,1.88,0.0136,2,-120.0,-8.25,42.1,7,1
2024-01-01 05:00:00,CELL_006,macro,URLLC,251.49,2.243,0.0366,2,-115.3,-8.42,48.1,9,1
2024-01-01 06:00:00,CELL_006,macro,URLLC,241.11,1.401,0.0274,4,-111.5,-18.79,58.1,9,1
2024-01-01 07:00:00,CELL_006,macro,URLLC,160.44,2.77,0.0382,4,-109.2,-13.62,24.2,7,1
2024-01-01 08:00:00,CELL_006,macro,URLLC,366.59,1.613,0.0037,5,-114.0,-12.23,50.0,17,1
2024-01-01 09:00:00,CELL_006,macro,URLLC,263.05,2.431,0.0347,6,-90.9,-19.33,52.4,11,1
2024-01-01 10:00:00,CELL_006,macro,URLLC,231.84,1.377,0.0193,2,-99.0,-12.23,62.3,12,1
2024-01-01 11:00:00,CELL_006,macro,URLLC,301.76,1.647,0.0881,3,-108.2,-15.71,69.9,13,1
2024-01-01 12:00:00,CELL_006,macro,URLLC,331.64,2.125,0.0085,5,-97.8,-13.15,53.1,14,1
2024-01-01 13:00:00,CELL_006,macro,URLLC,251.84,1.816,0.0304,1,-79.2,-16.71,47.7,11,1
2024-01-01 14:00:00,CELL_006,macro,URLLC,249.51,2.565,0.0903,2,-85.8,-14.37,37.1,9,1
2024-01-01 15:00:00,CELL_006,macro,URLLC,379.49,0.85,0.0357,3,-98.4,-9.06,51.2,15,1
2024-01-01 16:00:00,CELL_006,macro,URLLC,163.66,2.552,0.027,5,-107.2,-19.89,33.0,14,1
2024-01-01 17:00:00,CELL_006,macro,URLLC,144.72,1.843,0.1565,3,-70.0,-7.15,32.7,10,0
2024-01-01 18:00:00,CELL_006,macro,URLLC,108.26,2.534,0.0791,2,-104.7,-18.57,47.1,12,1
2024-01-01 19:00:00,CELL_006,macro,URLLC,437.88,1.566,0.0674,3,-87.3,-16.9,49.1,17,1
2024-01-01 20:00:00,CELL_006,macro,URLLC,151.38,1.758,0.2803,4,-120.0,-13.88,53.0,12,0
2024-01-01 21:00:00,CELL_006,macro,URLLC,283.36,1.561,0.0067,4,-90.1,-11.77,59.4,10,1
2024-01-01 22:00:00,CELL_006,macro,URLLC,324.12,1.473,0.1495,7,-87.9,-11.0,51.1,14,0
2024-01-01 23:00:00,CELL_006,macro,URLLC,269.69,1.787,0.0123,5,-71.6,-12.54,64.5,10,1
2024-01-02 00:00:00,CELL_006,macro,URLLC,274.68,1.766,0.0358,2,-74.4,-18.31,66.0,9,1
2024-01-02 01:00:00,CELL_006,macro,URLLC,339.29,1.938,0.0909,6,-93.4,-8.03,56.7,13,1
2024-01-02 02:00:00,CELL_006,macro,URLLC,291.77,2.135,0.134,4,-100.1,-16.19,63.4,12,0
2024-01-02 03:00:00,CELL_006,macro,URLLC,450.12,1.667,0.0047,4,-70.0,-20.0,71.5,11,1
2024-01-02 04:00:00,CELL_006,macro,URLLC,265.48,1.326,0.0096,5,-82.2,-5.56,44.3,15,1
2024-01-02 05:00:00,CELL_006,macro,URLLC,406.83,0.958,0.0472,3,-98.1,-15.15,74.3,10,1
2024-01-02 06:00:00,CELL_006,macro,URLLC,320.23,1.22,0.0398,2,-70.0,-18.73,49.2,10,1
2024-01-02 07:00:00,CELL_006,macro,URLLC,288.33,1.761,0.0035,1,-78.1,-12.82,58.0,15,1
2024-01-02 08:00:00,CELL_006,macro,URLLC,257.61,1.266,0.0271,1,-86.9,-16.86,44.1,11,1
2024-01-02 09:00:00,CELL_006,macro,URLLC,146.21,3.084,0.0131,3,-102.9,-11.93,44.6,7,0
2024-01-02 10:00:00,CELL_006,macro,URLLC,316.92,1.679,0.027,3,-97.2,-13.7,49.6,10,1
2024-01-02 11:00:00,CELL_006,macro,URLLC,323.4,1.824,0.1211,2,-91.7,-11.57,68.7,14,0
2024-01-02 12:00:00,CELL_006,macro,URLLC,367.01,1.447,0.0277,2,-91.7,-3.21,89.0,22,1
2024-01-02 13:00:00,CELL_006,macro,URLLC,70.13,2.474,0.0688,5,-102.7,-16.07,41.6,10,0
2024-01-02 14:00:00,CELL_006,macro,URLLC,314.79,1.99,0.0162,1,-96.4,-14.63,49.0,16,1
2024-01-02 15:00:00,CELL_006,macro,URLLC,233.56,2.021,0.019,3,-112.2,-11.57,49.2,21,1
2024-01-02 16:00:00,CELL_006,macro,URLLC,108.93,2.405,0.0225,0,-79.2,-20.0,28.7,6,1
2024-01-02 17:00:00,CELL_006,macro,URLLC,244.89,1.84,0.0972,0,-96.8,-11.22,41.6,13,1
2024-01-02 18:00:00,CELL_006,macro,URLLC,282.42,2.359,0.0309,3,-70.0,-7.01,56.6,6,1
2024-01-02 19:00:00,CELL_006,macro,URLLC,288.52,1.984,0.0032,2,-120.0,-9.08,54.5,13,1
2024-01-02 20:00:00,CELL_006,macro,URLLC,210.32,2.079,0.0435,2,-74.9,-10.05,53.2,11,1
2024-01-02 21:00:00,CELL_006,macro,URLLC,306.84,1.544,0.0176,4,-82.8,-7.49,63.2,13,1
2024-01-02 22:00:00,CELL_006,macro,URLLC,342.35,2.534,0.0011,7,-82.5,-6.68,55.1,11,1
2024-01-02 23:00:00,CELL_006,macro,URLLC,369.63,1.211,0.1446,4,-120.0,-19.46,48.6,15,0
2024-01-03 00:00:00,CELL_006,macro,URLLC,270.82,2.015,0.0205,2,-70.0,-9.22,58.2,10,1
2024-01-03 01:00:00,CELL_006,macro,URLLC,176.77,2.072,0.0383,0,-100.8,-16.25,58.3,8,1
2024-01-03 02:00:00,CELL_006,macro,URLLC,239.58,2.175,0.021,3,-108.8,-11.09,57.7,6,1
2024-01-03 03:00:00,CELL_006,macro,URLLC,118.61,3.08,0.0104,0,-92.0,-10.09,33.1,12,0
2024-01-03 04:00:00,CELL_006,macro,URLLC,265.87,1.298,0.0761,5,-107.8,-12.16,58.7,24,1
2024-01-03 05:00:00,CELL_006,macro,URLLC,162.04,2.1,0.042,2,-85.9,-8.31,64.4,12,1
2024-01-03 06:00:00,CELL_006,macro,URLLC,256.44,0.803,0.0117,3,-113.4,-9.47,52.1,13,1
2024-01-03 07:00:00,CELL_006,macro,URLLC,168.75,1.523,0.0474,6,-78.0,-7.3,60.2,15,1
2024-01-03 08:00:00,CELL_006,macro,URLLC,204.85,1.572,0.0256,4,-100.4,-6.92,50.3,11,1
2024-01-03 09:00:00,CELL_006,macro,URLLC,203.26,1.646,0.0024,2,-92.4,-11.25,58.0,14,1
2024-01-03 10:00:00,CELL_006,macro,URLLC,290.26,2.113,0.0531,4,-102.5,-12.92,56.4,12,1
2024-01-03 11:00:00,CELL_006,macro,URLLC,242.95,2.557,0.083,1,-88.8,-4.78,40.1,7,1
2024-01-03 12:00:00,CELL_006,macro,URLLC,271.57,1.476,0.0386,3,-70.0,-13.69,54.3,7,1
2024-01-03 13:00:00,CELL_006,macro,URLLC,217.7,1.843,0.0211,0,-102.1,-3.0,63.0,12,1
2024-01-03 14:00:00,CELL_006,macro,URLLC,281.34,2.354,0.0251,2,-106.7,-11.06,57.6,11,1
2024-01-03 15:00:00,CELL_006,macro,URLLC,254.48,1.2,0.0371,7,-86.6,-13.91,53.2,12,1
2024-01-03 16:00:00,CELL_006,macro,URLLC,228.46,1.676,0.0505,3,-110.4,-11.28,62.3,14,1
2024-01-03 17:00:00,CELL_006,macro,URLLC,48.07,2.058,0.0033,3,-70.1,-13.11,49.1,8,0
2024-01-03 18:00:00,CELL_006,macro,URLLC,225.92,1.962,0.0533,2,-88.7,-13.08,47.1,11,1
2024-01-03 19:00:00,CELL_006,macro,URLLC,292.52,1.557,0.0073,2,-115.2,-20.0,58.3,15,1
2024-01-03 20:00:00,CELL_006,macro,URLLC,162.74,2.16,0.0409,1,-72.2,-5.46,56.5,14,1
2024-01-03 21:00:00,CELL_006,macro,URLLC,230.12,2.238,0.048,2,-94.7,-14.75,47.5,10,1
2024-01-03 22:00:00,CELL_006,macro,URLLC,170.05,1.802,0.0274,2,-91.2,-9.91,41.8,13,1
2024-01-03 23:00:00,CELL_006,macro,URLLC,353.69,1.634,0.0415,1,-100.1,-11.76,51.9,14,1
2024-01-04 00:00:00,CELL_006,macro,URLLC,286.75,2.631,0.1406,5,-113.0,-11.86,42.8,17,0
2024-01-04 01:00:00,CELL_006,macro,URLLC,214.5,1.239,0.019,2,-78.3,-4.35,60.4,13,1
2024-01-04 02:00:00,CELL_006,macro,URLLC,423.44,1.885,0.0123,3,-80.8,-19.76,70.5,12,1
2024-01-04 03:00:00,CELL_006,macro,URLLC,219.47,1.392,0.0517,1,-120.0,-10.32,43.3,9,1
2024-01-04 04:00:00,CELL_006,macro,URLLC,264.87,2.186,0.0289,4,-84.0,-12.29,62.0,14,1
2024-01-04 05:00:00,CELL_006,macro,URLLC,353.48,1.233,0.0035,3,-91.8,-16.57,61.4,20,1
2024-01-04 06:00:00,CELL_006,macro,URLLC,220.48,2.443,0.0168,1,-120.0,-10.24,43.0,5,1
2024-01-04 07:00:00,CELL_006,macro,URLLC,337.81,2.16,0.0044,3,-108.1,-3.0,48.6,16,1
2024-01-04 08:00:00,CELL_006,macro,URLLC,291.66,1.18,0.108,4,-102.5,-10.07,62.4,12,0
2024-01-04 09:00:00,CELL_006,macro,URLLC,244.43,2.17,0.028,2,-120.0,-14.59,57.3,11,1
2024-01-04 10:00:00,CELL_006,macro,URLLC,313.82,2.064,0.227,5,-119.5,-12.74,56.0,20,0
2024-01-04 11:00:00,CELL_006,macro,URLLC,334.25,1.15,0.047,2,-70.0,-11.05,72.3,17,1
2024-01-04 12:00:00,CELL_006,macro,URLLC,182.5,1.821,0.1352,5,-114.9,-10.98,45.5,9,0
2024-01-04 13:00:00,CELL_006,macro,URLLC,211.77,0.822,0.0188,0,-95.0,-12.31,54.8,18,1
2024-01-04 14:00:00,CELL_006,macro,URLLC,344.91,1.345,0.1001,6,-120.0,-10.2,59.3,12,0
2024-01-04 15:00:00,CELL_006,macro,URLLC,195.82,1.38,0.0786,4,-82.5,-12.54,49.0,9,1
2024-01-04 16:00:00,CELL_006,macro,URLLC,147.18,1.798,0.1125,3,-75.6,-20.0,53.3,12,0
2024-01-04 17:00:00,CELL_006,macro,URLLC,300.02,2.034,0.0086,3,-88.7,-13.15,45.1,11,1
2024-01-04 18:00:00,CELL_006,macro,URLLC,321.29,2.617,0.0342,3,-101.1,-12.32,49.5,12,1
2024-01-04 19:00:00,CELL_006,macro,URLLC,333.99,1.176,0.0732,3,-94.1,-17.94,71.1,19,1
2024-01-04 20:00:00,CELL_006,macro,URLLC,251.14,1.717,0.0061,3,-114.6,-10.62,58.1,9,1
2024-01-04 21:00:00,CELL_006,macro,URLLC,202.79,1.085,0.0793,5,-96.8,-3.0,40.5,11,1
2024-01-04 22:00:00,CELL_006,macro,URLLC,277.01,2.121,0.0044,4,-86.0,-12.06,39.4,14,1
2024-01-04 23:00:00,CELL_006,macro,URLLC,280.94,1.952,0.0646,6,-92.5,-20.0,48.2,12,1
2024-01-05 00:00:00,CELL_006,macro,URLLC,361.52,1.705,0.0106,2,-94.6,-19.56,55.5,10,1
2024-01-05 01:00:00,CELL_006,macro,URLLC,205.55,1.455,0.1534,3,-90.8,-11.62,74.2,18,0
2024-01-05 02:00:00,CELL_006,macro,URLLC,397.44,1.522,0.0024,1,-76.5,-9.44,64.5,12,1
2024-01-05 03:00:00,CELL_006,macro,URLLC,310.67,1.76,0.016,2,-79.3,-10.52,71.9,10,1
2024-01-05 04:00:00,CELL_006,macro,URLLC,286.15,1.975,0.0166,0,-77.5,-11.84,52.3,9,1
2024-01-05 05:00:00,CELL_006,macro,URLLC,170.85,1.501,0.0163,6,-76.9,-10.29,64.8,13,1
2024-01-05 06:00:00,CELL_006,macro,URLLC,271.98,1.916,0.0292,3,-107.7,-6.61,61.3,10,1
2024-01-05 07:00:00,CELL_006,macro,URLLC,197.06,1.697,0.0624,3,-85.1,-15.28,60.1,13,1
2024-01-05 08:00:00,CELL_006,macro,URLLC,408.87,1.269,0.1619,1,-114.4,-12.11,66.1,16,0
2024-01-05 09:00:00,CELL_006,macro,URLLC,174.08,2.199,0.0385,4,-107.1,-10.4,54.8,9,1
2024-01-05 10:00:00,CELL_006,macro,URLLC,196.32,1.964,0.1286,3,-84.9,-12.36,64.7,12,0
2024-01-05 11:00:00,CELL_006,macro,URLLC,352.27,1.432,0.001,2,-91.5,-14.8,62.2,24,1
2024-01-05 12:00:00,CELL_006,macro,URLLC,136.58,2.141,0.001,2,-103.9,-18.57,46.1,18,1
2024-01-05 13:00:00,CELL_006,macro,URLLC,332.34,2.179,0.03,5,-116.1,-5.27,40.9,12,1
2024-01-05 14:00:00,CELL_006,macro,URLLC,165.93,2.65,0.0496,4,-79.6,-8.25,52.4,5,1
2024-01-05 15:00:00,CELL_006,macro,URLLC,158.14,2.026,0.0852,4,-94.3,-13.34,48.4,8,1
2024-01-05 16:00:00,CELL_006,macro,URLLC,237.05,2.33,0.0225,4,-101.7,-12.09,42.7,12,1
2024-01-05 17:00:00,CELL_006,macro,URLLC,127.53,2.449,0.0891,5,-81.4,-4.13,39.0,7,1
2024-01-05 18:00:00,CELL_006,macro,URLLC,191.38,1.453,0.0138,2,-92.0,-3.0,54.6,6,1
2024-01-05 19:00:00,CELL_006,macro,URLLC,162.25,1.872,0.0864,5,-70.0,-15.1,37.9,4,1
2024-01-05 20:00:00,CELL_006,macro,URLLC,219.55,2.456,0.0004,0,-89.6,-12.11,40.0,15,1
2024-01-05 21:00:00,CELL_006,macro,URLLC,198.18,1.364,0.0127,1,-100.5,-10.15,53.3,11,1
2024-01-05 22:00:00,CELL_006,macro,URLLC,217.17,1.842,0.1087,7,-77.8,-10.59,46.4,7,0
2024-01-05 23:00:00,CELL_006,macro,URLLC,224.21,1.682,0.0611,2,-90.2,-7.78,47.0,10,1
2024-01-06 00:00:00,CELL_006,macro,URLLC,227.12,2.543,0.1432,3,-88.7,-9.47,48.5,10,0
2024-01-06 01:00:00,CELL_006,macro,URLLC,252.82,1.797,0.1103,2,-105.3,-6.52,63.7,12,0
2024-01-06 02:00:00,CELL_006,macro,URLLC,157.73,1.926,0.0309,3,-70.0,-19.02,65.3,14,1
2024-01-06 03:00:00,CELL_006,macro,URLLC,157.14,1.872,0.0337,6,-93.2,-15.49,55.4,11,1
2024-01-06 04:00:00,CELL_006,macro,URLLC,219.47,1.854,0.0174,3,-83.2,-11.62,61.4,14,1
2024-01-06 05:00:00,CELL_006,macro,URLLC,320.21,1.076,0.0453,2,-81.7,-17.16,60.1,11,1
2024-01-06 06:00:00,CELL_006,macro,URLLC,376.67,1.33,0.0082,1,-75.7,-15.37,72.1,19,1
2024-01-06 07:00:00,CELL_006,macro,URLLC,335.6,1.877,0.0092,5,-96.4,-9.93,60.0,11,1
2024-01-06 08:00:00,CELL_006,macro,URLLC,399.81,1.093,0.1257,3,-85.8,-18.69,59.9,11,0
2024-01-06 09:00:00,CELL_006,macro,URLLC,166.77,1.833,0.0337,5,-105.7,-10.74,65.1,14,1
2024-01-06 10:00:00,CELL_006,macro,URLLC,132.32,1.499,0.0796,2,-120.0,-11.57,56.5,16,1
2024-01-06 11:00:00,CELL_006,macro,URLLC,359.05,0.74,0.0101,3,-114.4,-17.85,76.1,16,1
2024-01-06 12:00:00,CELL_006,macro,URLLC,316.03,1.212,0.0111,1,-74.2,-14.94,50.0,14,1
2024-01-06 13:00:00,CELL_006,macro,URLLC,219.18,2.412,0.0084,5,-103.9,-20.0,55.0,11,1
2024-01-06 14:00:00,CELL_006,macro,URLLC,250.62,1.455,0.0377,0,-99.7,-20.0,66.2,16,1
2024-01-06 15:00:00,CELL_006,macro,URLLC,381.93,1.971,0.0411,1,-108.8,-20.0,60.0,16,1
2024-01-06 16:00:00,CELL_006,macro,URLLC,221.27,1.98,0.0628,4,-81.4,-9.37,51.5,11,1
2024-01-06 17:00:00,CELL_006,macro,URLLC,204.24,2.982,0.0067,1,-100.2,-12.16,30.2,8,1
2024-01-06 18:00:00,CELL_006,macro,URLLC,31.43,1.711,0.0149,3,-70.0,-6.85,50.2,13,0
2024-01-06 19:00:00,CELL_006,macro,URLLC,214.39,2.237,0.0781,4,-97.0,-18.58,34.0,11,1
2024-01-06 20:00:00,CELL_006,macro,URLLC,205.63,2.033,0.0542,2,-99.4,-8.37,52.3,9,1
2024-01-06 21:00:00,CELL_006,macro,URLLC,274.24,1.809,0.0051,2,-88.3,-9.3,49.0,11,1
2024-01-06 22:00:00,CELL_006,macro,URLLC,220.83,1.684,0.0067,5,-82.8,-17.01,43.9,10,1
2024-01-06 23:00:00,CELL_006,macro,URLLC,282.65,1.911,0.0173,2,-77.4,-6.98,52.6,11,1
2024-01-07 00:00:00,CELL_006,macro,URLLC,306.82,1.366,0.0053,3,-79.4,-10.13,63.6,17,1
2024-01-07 01:00:00,CELL_006,macro,URLLC,303.18,1.551,0.0632,2,-91.8,-19.39,65.6,11,1
2024-01-07 02:00:00,CELL_006,macro,URLLC,272.85,1.657,0.0672,3,-104.2,-7.23,59.2,11,1
2024-01-07 03:00:00,CELL_006,macro,URLLC,223.75,1.166,0.0021,4,-70.3,-7.6,65.3,16,1
2024-01-07 04:00:00,CELL_006,macro,URLLC,183.54,2.265,0.0054,4,-89.1,-20.0,58.1,13,1
2024-01-07 05:00:00,CELL_006,macro,URLLC,283.07,1.959,0.0104,1,-120.0,-18.01,47.1,14,1
2024-01-07 06:00:00,CELL_006,macro,URLLC,313.59,2.028,0.0448,2,-105.0,-10.45,63.0,14,1
2024-01-07 07:00:00,CELL_006,macro,URLLC,324.21,1.709,0.0279,1,-72.0,-10.2,60.3,9,1
2024-01-07 08:00:00,CELL_006,macro,URLLC,78.25,1.807,0.0748,2,-86.1,-12.92,53.7,9,0
2024-01-07 09:00:00,CELL_006,macro,URLLC,156.09,1.424,0.0049,3,-75.3,-9.07,54.3,15,1
2024-01-07 10:00:00,CELL_006,macro,URLLC,352.18,1.343,0.0334,6,-84.1,-4.1,58.3,10,1
2024-01-07 11:00:00,CELL_006,macro,URLLC,307.88,1.462,0.0318,2,-105.2,-14.09,64.4,22,1
2024-01-07 12:00:00,CELL_006,macro,URLLC,228.75,1.518,0.2425,5,-109.0,-13.09,61.5,16,0
2024-01-07 13:00:00,CELL_006,macro,URLLC,354.11,1.073,0.0515,6,-99.3,-9.96,70.5,9,1
2024-01-07 14:00:00,CELL_006,macro,URLLC,328.21,1.555,0.0264,4,-96.5,-5.26,56.8,9,1
2024-01-07 15:00:00,CELL_006,macro,URLLC,193.99,1.679,0.0448,1,-102.7,-10.01,52.8,14,1
2024-01-07 16:00:00,CELL_006,macro,URLLC,381.1,0.919,0.0503,2,-96.3,-10.76,50.4,10,1
2024-01-07 17:00:00,CELL_006,macro,URLLC,114.24,2.313,0.0126,2,-112.8,-10.01,50.7,12,1
2024-01-07 18:00:00,CELL_006,macro,URLLC,242.52,1.922,0.0078,5,-79.5,-9.1,43.1,11,1
2024-01-07 19:00:00,CELL_006,macro,URLLC,198.5,1.947,0.0179,2,-83.8,-18.96,41.3,10,1
2024-01-07 20:00:00,CELL_006,macro,URLLC,348.24,0.883,0.2367,3,-102.3,-9.86,77.8,18,0
2024-01-07 21:00:00,CELL_006,macro,URLLC,268.23,1.826,0.1592,3,-97.8,-13.66,51.3,18,0
2024-01-07 22:00:00,CELL_006,macro,URLLC,232.24,1.321,0.1048,1,-97.9,-7.5,54.7,16,0
2024-01-07 23:00:00,CELL_006,macro,URLLC,342.96,0.976,0.0381,3,-87.8,-16.4,59.9,24,1
2024-01-08 00:00:00,CELL_006,macro,URLLC,228.85,1.741,0.0583,1,-115.0,-7.49,51.0,9,1
2024-01-08 01:00:00,CELL_006,macro,URLLC,276.36,1.54,0.0049,2,-102.6,-3.38,66.9,14,1
2024-01-08 02:00:00,CELL_006,macro,URLLC,287.88,1.545,0.0198,5,-81.0,-13.1,57.7,10,1
2024-01-08 03:00:00,CELL_006,macro,URLLC,335.51,1.586,0.1542,2,-87.9,-12.44,45.1,15,0
2024-01-08 04:00:00,CELL_006,macro,URLLC,204.45,2.098,0.0041,2,-88.5,-3.0,44.4,12,1
2024-01-08 05:00:00,CELL_006,macro,URLLC,387.99,1.599,0.02,1,-96.9,-20.0,62.9,11,1
2024-01-08 06:00:00,CELL_006,macro,URLLC,304.17,1.732,0.0545,2,-108.9,-9.0,58.7,11,1
2024-01-08 07:00:00,CELL_006,macro,URLLC,287.87,1.893,0.0209,1,-104.4,-13.32,46.8,10,1
2024-01-08 08:00:00,CELL_006,macro,URLLC,324.97,2.073,0.1406,5,-91.6,-10.01,54.9,16,0
2024-01-08 09:00:00,CELL_006,macro,URLLC,236.81,0.805,0.1607,1,-91.1,-13.78,64.2,14,0
2024-01-08 10:00:00,CELL_006,macro,URLLC,249.02,2.564,0.0226,2,-100.6,-13.91,62.5,11,1
2024-01-08 11:00:00,CELL_006,macro,URLLC,338.07,1.189,0.0502,2,-98.2,-12.01,57.4,7,1
2024-01-08 12:00:00,CELL_006,macro,URLLC,339.23,2.324,0.0107,3,-82.7,-7.52,53.0,9,1
2024-01-08 13:00:00,CELL_006,macro,URLLC,213.28,1.972,0.0162,0,-84.3,-11.59,54.1,10,1
2024-01-08 14:00:00,CELL_006,macro,URLLC,200.15,1.866,0.0727,2,-103.3,-6.9,45.1,11,1
2024-01-08 15:00:00,CELL_006,macro,URLLC,255.44,2.037,0.0726,3,-99.8,-19.38,73.8,16,1
2024-01-08 16:00:00,CELL_006,macro,URLLC,203.09,2.321,0.0561,4,-108.3,-12.76,38.7,16,1
2024-01-08 17:00:00,CELL_006,macro,URLLC,146.89,2.899,0.0882,2,-74.4,-4.06,58.4,14,1
2024-01-08 18:00:00,CELL_006,macro,URLLC,239.26,2.485,0.0167,4,-81.0,-9.54,45.1,9,1
2024-01-08 19:00:00,CELL_006,macro,URLLC,283.72,1.935,0.0438,7,-90.5,-6.21,52.6,16,1
2024-01-08 20:00:00,CELL_006,macro,URLLC,209.18,1.848,0.0321,2,-106.4,-10.61,49.2,9,1
2024-01-08 21:00:00,CELL_006,macro,URLLC,285.67,2.06,0.0083,0,-85.7,-17.43,56.6,15,1
2024-01-08 22:00:00,CELL_006,macro,URLLC,194.69,1.867,0.2769,2,-118.2,-16.16,51.5,15,0
2024-01-08 23:00:00,CELL_006,macro,URLLC,323.05,1.606,0.0362,2,-111.5,-10.21,65.7,7,1
2024-01-09 00:00:00,CELL_006,macro,URLLC,361.09,1.565,0.0193,0,-81.9,-5.72,63.2,12,1
2024-01-09 01:00:00,CELL_006,macro,URLLC,225.5,1.745,0.0547,1,-102.3,-19.62,49.2,11,1
2024-01-09 02:00:00,CELL_006,macro,URLLC,282.78,2.117,0.0051,2,-120.0,-3.21,67.1,15,1
2024-01-09 03:00:00,CELL_006,macro,URLLC,187.33,1.442,0.0363,3,-104.0,-14.42,58.0,11,1
2024-01-09 04:00:00,CELL_006,macro,URLLC,283.04,1.708,0.0196,6,-93.7,-12.89,67.4,17,1
2024-01-09 05:00:00,CELL_006,macro,URLLC,259.18,1.539,0.0632,1,-120.0,-15.15,58.8,15,1
2024-01-09 06:00:00,CELL_006,macro,URLLC,176.52,1.827,0.0125,1,-104.1,-11.2,43.6,9,1
2024-01-09 07:00:00,CELL_006,macro,URLLC,207.02,1.658,0.0123,1,-80.6,-19.27,59.5,13,1
2024-01-09 08:00:00,CELL_006,macro,URLLC,187.8,2.263,0.0311,8,-81.8,-4.32,28.4,15,1
2024-01-09 09:00:00,CELL_006,macro,URLLC,276.31,1.418,0.0154,6,-102.6,-17.58,46.7,7,1
2024-01-09 10:00:00,CELL_006,macro,URLLC,337.56,1.382,0.0135,5,-109.5,-16.13,51.9,13,1
2024-01-09 11:00:00,CELL_006,macro,URLLC,242.17,2.42,0.0266,3,-111.5,-7.16,40.4,20,1
2024-01-09 12:00:00,CELL_006,macro,URLLC,244.56,2.247,0.031,2,-114.8,-15.82,39.6,10,1
2024-01-09 13:00:00,CELL_006,macro,URLLC,181.65,2.014,0.13,4,-120.0,-11.37,46.0,12,0
2024-01-09 14:00:00,CELL_006,macro,URLLC,301.36,2.451,0.0437,2,-70.4,-10.7,47.9,13,1
2024-01-09 15:00:00,CELL_006,macro,URLLC,195.84,1.774,0.028,4,-109.7,-11.77,32.3,8,1
2024-01-09 16:00:00,CELL_006,macro,URLLC,305.56,1.859,0.0091,1,-95.9,-4.98,63.3,11,1
2024-01-09 17:00:00,CELL_006,macro,URLLC,127.99,1.72,0.15,4,-98.5,-15.03,43.6,11,0
2024-01-09 18:00:00,CELL_006,macro,URLLC,212.43,2.423,0.0268,2,-98.3,-11.36,39.7,7,1
2024-01-09 19:00:00,CELL_006,macro,URLLC,258.4,2.228,0.1025,1,-110.7,-13.0,48.4,11,0
2024-01-09 20:00:00,CELL_006,macro,URLLC,171.62,1.857,0.0005,2,-102.8,-9.26,37.9,5,1
2024-01-09 21:00:00,CELL_006,macro,URLLC,312.45,2.784,0.0,2,-105.9,-13.63,43.5,10,1
2024-01-09 22:00:00,CELL_006,macro,URLLC,160.59,2.65,0.0722,1,-75.7,-10.92,38.7,10,1
2024-01-09 23:00:00,CELL_006,macro,URLLC,336.98,1.598,0.0382,3,-98.6,-12.48,73.1,17,1
2024-01-10 00:00:00,CELL_006,macro,URLLC,255.57,1.757,0.0681,2,-109.4,-6.82,80.2,20,1
2024-01-10 01:00:00,CELL_006,macro,URLLC,202.36,1.514,0.0182,3,-110.5,-18.63,54.9,10,1
2024-01-10 02:00:00,CELL_006,macro,URLLC,284.53,1.617,0.0949,2,-96.3,-12.37,52.3,18,1
2024-01-10 03:00:00,CELL_006,macro,URLLC,207.42,2.019,0.0551,1,-111.8,-13.91,68.9,16,1
2024-01-10 04:00:00,CELL_006,macro,URLLC,235.58,1.762,0.0952,1,-99.9,-8.22,71.3,11,1
2024-01-10 05:00:00,CELL_006,macro,URLLC,302.62,2.779,0.0173,5,-90.4,-17.11,53.1,11,1
2024-01-10 06:00:00,CELL_006,macro,URLLC,166.26,1.566,0.0133,1,-120.0,-11.03,45.4,14,1
2024-01-10 07:00:00,CELL_006,macro,URLLC,278.89,1.213,0.0288,4,-104.4,-9.71,57.3,9,1
2024-01-10 08:00:00,CELL_006,macro,URLLC,190.79,1.355,0.0183,4,-100.2,-14.54,50.6,9,1
2024-01-10 09:00:00,CELL_006,macro,URLLC,294.54,1.079,0.0365,2,-83.4,-8.34,64.8,11,1
2024-01-10 10:00:00,CELL_006,macro,URLLC,212.82,1.589,0.0315,4,-107.9,-8.13,78.2,13,1
2024-01-10 11:00:00,CELL_006,macro,URLLC,224.68,1.281,0.0208,3,-101.3,-12.04,55.4,12,1
2024-01-10 12:00:00,CELL_006,macro,URLLC,187.91,2.226,0.0142,1,-92.7,-19.62,40.7,8,1
2024-01-10 13:00:00,CELL_006,macro,URLLC,250.6,2.475,0.1339,1,-108.8,-12.64,26.1,10,0
2024-01-10 14:00:00,CELL_006,macro,URLLC,307.99,1.278,0.0125,7,-109.0,-7.47,46.1,10,1
2024-01-10 15:00:00,CELL_006,macro,URLLC,242.47,1.515,0.0035,1,-104.6,-13.9,53.0,9,1
2024-01-10 16:00:00,CELL_006,macro,URLLC,326.3,2.574,0.1131,8,-70.0,-14.86,57.0,8,0
2024-01-10 17:00:00,CELL_006,macro,URLLC,169.11,2.02,0.0927,3,-86.5,-12.54,36.7,8,1
2024-01-10 18:00:00,CELL_006,macro,URLLC,215.29,2.373,0.1494,5,-114.2,-20.0,44.5,15,0
2024-01-10 19:00:00,CELL_006,macro,URLLC,208.46,1.399,0.0069,4,-101.5,-13.32,52.5,12,1
2024-01-10 20:00:00,CELL_006,macro,URLLC,285.5,1.888,0.0342,3,-104.4,-17.58,82.1,13,1
2024-01-10 21:00:00,CELL_006,macro,URLLC,277.54,2.472,0.0994,4,-81.4,-13.74,59.1,16,1
2024-01-10 22:00:00,CELL_006,macro,URLLC,193.52,2.104,0.0238,1,-70.0,-16.47,54.3,20,1
2024-01-10 23:00:00,CELL_006,macro,URLLC,197.02,1.032,0.0024,1,-116.0,-15.14,68.3,14,1
2024-01-11 00:00:00,CELL_006,macro,URLLC,241.11,1.357,0.0018,4,-75.6,-8.75,59.9,15,1
2024-01-11 01:00:00,CELL_006,macro,URLLC,178.9,1.582,0.1352,1,-107.0,-12.07,46.8,10,0
2024-01-11 02:00:00,CELL_006,macro,URLLC,246.38,2.209,0.1097,2,-82.4,-16.15,53.7,18,0
2024-01-11 03:00:00,CELL_006,macro,URLLC,258.56,1.306,0.0955,2,-95.9,-8.03,57.4,13,1
2024-01-11 04:00:00,CELL_006,macro,URLLC,295.51,1.577,0.0797,5,-81.9,-12.37,60.1,8,1
2024-01-11 05:00:00,CELL_006,macro,URLLC,387.43,2.195,0.0296,1,-84.8,-12.04,63.4,19,1
2024-01-11 06:00:00,CELL_006,macro,URLLC,246.65,2.052,0.1632,4,-97.0,-14.24,55.4,11,0
2024-01-11 07:00:00,CELL_006,macro,URLLC,315.39,1.408,0.0303,5,-98.3,-12.14,54.0,11,1
2024-01-11 08:00:00,CELL_006,macro,URLLC,241.93,1.352,0.0107,4,-88.0,-8.0,65.8,9,1
2024-01-11 09:00:00,CELL_006,macro,URLLC,203.87,2.086,0.0085,1,-73.0,-8.56,66.9,13,1
2024-01-01 00:00:00,CELL_007,macro,URLLC,319.21,1.965,0.0379,3,-92.5,-15.24,61.4,9,1
2024-01-01 01:00:00,CELL_007,macro,URLLC,285.62,1.444,0.0213,4,-88.1,-5.85,63.2,13,1
2024-01-01 02:00:00,CELL_007,macro,URLLC,254.62,1.206,0.0277,2,-97.4,-20.0,70.6,14,1
2024-01-01 03:00:00,CELL_007,macro,URLLC,284.6,1.59,0.0168,6,-82.4,-15.59,65.7,13,1
2024-01-01 04:00:00,CELL_007,macro,URLLC,296.11,1.294,0.0506,3,-88.4,-11.9,75.7,16,1
2024-01-01 05:00:00,CELL_007,macro,URLLC,170.98,1.234,0.0051,3,-109.5,-3.0,45.4,17,1
2024-01-01 06:00:00,CELL_007,macro,URLLC,214.79,1.111,0.0189,4,-78.7,-15.43,73.2,16,1
2024-01-01 07:00:00,CELL_007,macro,URLLC,329.28,2.311,0.0937,2,-102.8,-9.7,61.1,9,1
2024-01-01 08:00:00,CELL_007,macro,URLLC,149.6,1.812,0.1118,2,-99.8,-10.51,51.1,14,0
2024-01-01 09:00:00,CELL_007,macro,URLLC,334.03,1.698,0.0328,1,-100.0,-7.52,70.5,8,1
2024-01-01 10:00:00,CELL_007,macro,URLLC,316.75,1.339,0.022,3,-106.0,-12.46,51.2,11,1
2024-01-01 11:00:00,CELL_007,macro,URLLC,252.02,2.148,0.0936,4,-85.8,-17.88,53.8,14,1
2024-01-01 12:00:00,CELL_007,macro,URLLC,297.03,1.507,0.0004,4,-80.4,-17.99,54.8,11,1
2024-01-01 13:00:00,CELL_007,macro,URLLC,204.31,1.689,0.0396,1,-120.0,-12.76,59.9,9,1
2024-01-01 14:00:00,CELL_007,macro,URLLC,264.11,1.2,0.0362,2,-100.4,-17.37,72.3,23,1
2024-01-01 15:00:00,CELL_007,macro,URLLC,256.78,1.745,0.0145,1,-92.8,-17.95,62.0,20,1
2024-01-01 16:00:00,CELL_007,macro,URLLC,307.18,2.371,0.0255,4,-103.4,-18.01,56.1,13,1
2024-01-01 17:00:00,CELL_007,macro,URLLC,369.75,1.834,0.0691,2,-106.3,-14.68,51.2,12,1
2024-01-01 18:00:00,CELL_007,macro,URLLC,351.59,1.952,0.0344,0,-79.8,-9.36,74.1,15,1
2024-01-01 19:00:00,CELL_007,macro,URLLC,246.68,2.545,0.0457,3,-74.5,-13.75,35.8,12,1
2024-01-01 20:00:00,CELL_007,macro,URLLC,342.16,2.236,0.0652,2,-87.9,-5.66,62.9,12,1
2024-01-01 21:00:00,CELL_007,macro,URLLC,289.76,1.976,0.0379,1,-88.4,-12.32,55.8,17,1
2024-01-01 22:00:00,CELL_007,macro,URLLC,241.95,1.529,0.1493,3,-99.7,-11.29,64.6,16,0
2024-01-01 23:00:00,CELL_007,macro,URLLC,215.8,1.497,0.1563,3,-92.2,-13.62,60.6,9,0
2024-01-02 00:00:00,CELL_007,macro,URLLC,288.14,1.053,0.0211,3,-100.1,-14.02,63.7,19,1
2024-01-02 01:00:00,CELL_007,macro,URLLC,184.36,1.573,0.0537,3,-92.5,-13.49,67.3,10,1
2024-01-02 02:00:00,CELL_007,macro,URLLC,369.91,1.642,0.0012,3,-70.0,-12.11,76.7,13,1
2024-01-02 03:00:00,CELL_007,macro,URLLC,150.49,2.208,0.0127,4,-108.4,-20.0,51.8,13,1
2024-01-02 04:00:00,CELL_007,macro,URLLC,188.59,2.238,0.0187,4,-84.2,-12.06,65.5,10,1
2024-01-02 05:00:00,CELL_007,macro,URLLC,260.95,1.68,0.0385,6,-77.7,-17.52,48.3,14,1
2024-01-02 06:00:00,CELL_007,macro,URLLC,227.15,1.944,0.048,4,-115.1,-12.06,45.0,16,1
2024-01-02 07:00:00,CELL_007,macro,URLLC,245.99,1.565,0.047,1,-73.9,-6.53,61.3,13,1
2024-01-02 08:00:00,CELL_007,macro,URLLC,128.39,1.881,0.0362,2,-117.1,-12.43,60.2,10,1
2024-01-02 09:00:00,CELL_007,macro,URLLC,225.14,1.783,0.0052,1,-104.6,-7.2,49.0,11,1
2024-01-02 10:00:00,CELL_007,macro,URLLC,251.32,1.671,0.0697,6,-82.0,-3.0,42.1,14,1
2024-01-02 11:00:00,CELL_007,macro,URLLC,354.91,1.247,0.0274,4,-115.4,-15.77,62.6,22,1
2024-01-02 12:00:00,CELL_007,macro,URLLC,360.67,1.846,0.013,2,-100.1,-10.26,65.2,14,1
2024-01-02 13:00:00,CELL_007,macro,URLLC,28.94,2.165,0.0161,4,-108.6,-19.74,60.1,11,0
2024-01-02 14:00:00,CELL_007,macro,URLLC,330.14,1.892,0.105,6,-88.4,-14.66,50.9,14,0
2024-01-02 15:00:00,CELL_007,macro,URLLC,382.51,1.847,0.1127,4,-98.2,-12.69,47.9,8,0
2024-01-02 16:00:00,CELL_007,macro,URLLC,335.9,1.441,0.0102,2,-92.4,-16.39,69.9,8,1
2024-01-02 17:00:00,CELL_007,macro,URLLC,241.96,2.267,0.0147,2,-120.0,-9.06,52.3,13,1
2024-01-02 18:00:00,CELL_007,macro,URLLC,245.44,1.083,0.0663,3,-86.5,-13.79,36.8,13,1
2024-01-02 19:00:00,CELL_007,macro,URLLC,429.56,1.993,0.1107,6,-94.6,-17.03,60.4,12,0
2024-01-02 20:00:00,CELL_007,macro,URLLC,197.44,2.615,0.0431,6,-97.3,-16.88,38.6,12,1
2024-01-02 21:00:00,CELL_007,macro,URLLC,205.19,1.443,0.1085,3,-97.5,-4.4,49.8,10,0
2024-01-02 22:00:00,CELL_007,macro,URLLC,271.24,1.684,0.071,4,-120.0,-17.36,70.9,15,1
2024-01-02 23:00:00,CELL_007,macro,URLLC,250.74,1.781,0.0383,5,-94.8,-20.0,43.0,11,1
2024-01-03 00:00:00,CELL_007,macro,URLLC,345.24,1.655,0.0122,6,-114.4,-17.11,70.3,15,1
2024-01-03 01:00:00,CELL_007,macro,URLLC,191.96,1.298,0.0113,3,-79.7,-18.37,60.7,8,1
2024-01-03 02:00:00,CELL_007,macro,URLLC,258.1,1.701,0.0062,0,-119.4,-15.14,62.7,16,1
2024-01-03 03:00:00,CELL_007,macro,URLLC,172.17,1.237,0.0279,5,-103.0,-11.67,51.0,11,1
2024-01-03 04:00:00,CELL_007,macro,URLLC,307.46,0.3,0.0534,5,-95.5,-15.51,72.7,22,1
2024-01-03 05:00:00,CELL_007,macro,URLLC,354.21,1.967,0.0259,6,-90.8,-9.77,64.0,8,1
2024-01-03 06:00:00,CELL_007,macro,URLLC,419.27,1.084,0.0161,5,-70.0,-16.55,70.3,12,1
2024-01-03 07:00:00,CELL_007,macro,URLLC,237.67,2.679,0.019,3,-93.1,-15.95,51.7,10,1
2024-01-03 08:00:00,CELL_007,macro,URLLC,269.15,1.709,0.0302,3,-85.1,-18.68,53.2,10,1
2024-01-03 09:00:00,CELL_007,macro,URLLC,261.23,1.982,0.1186,6,-109.7,-15.31,49.4,15,0
2024-01-03 10:00:00,CELL_007,macro,URLLC,398.44,1.804,0.0681,1,-101.0,-3.0,60.8,15,1
2024-01-03 11:00:00,CELL_007,macro,URLLC,288.37,2.654,0.0609,3,-77.2,-20.0,31.6,12,1
2024-01-03 12:00:00,CELL_007,macro,URLLC,362.47,1.978,0.0435,2,-96.4,-14.89,61.6,22,1
2024-01-03 13:00:00,CELL_007,macro,URLLC,157.65,2.21,0.0984,5,-83.6,-11.57,45.7,7,1
2024-01-03 14:00:00,CELL_007,macro,URLLC,246.26,1.689,0.0414,5,-92.8,-6.59,46.6,13,1
2024-01-03 15:00:00,CELL_007,macro,URLLC,213.48,2.226,0.0101,5,-100.3,-13.64,47.1,17,1
2024-01-03 16:00:00,CELL_007,macro,URLLC,163.62,1.825,0.0085,1,-74.1,-9.61,57.5,8,1
2024-01-03 17:00:00,CELL_007,macro,URLLC,228.16,2.436,0.0348,3,-86.9,-12.73,33.5,10,1
2024-01-03 18:00:00,CELL_007,macro,URLLC,273.03,2.105,0.103,2,-118.5,-8.6,47.0,13,0
2024-01-03 19:00:00,CELL_007,macro,URLLC,217.81,1.829,0.1351,2,-73.3,-15.17,48.6,12,0
2024-01-03 20:00:00,CELL_007,macro,URLLC,322.7,1.804,0.1289,1,-98.0,-14.7,31.1,13,0
2024-01-03 21:00:00,CELL_007,macro,URLLC,310.15,0.878,0.0735,3,-112.4,-20.0,69.8,15,1
2024-01-03 22:00:00,CELL_007,macro,URLLC,289.84,1.915,0.0076,1,-115.7,-20.0,56.5,14,1
2024-01-03 23:00:00,CELL_007,macro,URLLC,245.11,1.99,0.0616,5,-85.2,-6.53,46.9,10,1
2024-01-04 00:00:00,CELL_007,macro,URLLC,327.87,1.883,0.0315,1,-89.6,-8.71,53.6,9,1
2024-01-04 01:00:00,CELL_007,macro,URLLC,237.13,1.418,0.0172,3,-96.8,-11.54,68.3,17,1
2024-01-04 02:00:00,CELL_007,macro,URLLC,301.26,1.465,0.0119,4,-91.8,-12.86,60.3,13,1
2024-01-04 03:00:00,CELL_007,macro,URLLC,382.72,1.758,0.0006,6,-114.3,-5.8,85.0,15,1
2024-01-04 04:00:00,CELL_007,macro,URLLC,248.11,0.896,0.0397,0,-92.1,-9.23,63.4,17,1
2024-01-04 05:00:00,CELL_007,macro,URLLC,298.46,1.21,0.0534,2,-91.8,-13.62,62.9,13,1
2024-01-04 06:00:00,CELL_007,macro,URLLC,287.17,1.196,0.0612,5,-86.8,-11.28,32.0,15,1
2024-01-04 07:00:00,CELL_007,macro,URLLC,144.84,1.715,0.019,5,-92.5,-4.4,60.1,18,1
2024-01-04 08:00:00,CELL_007,macro,URLLC,327.62,1.827,0.1463,3,-97.6,-12.83,72.7,8,0
2024-01-04 09:00:00,CELL_007,macro,URLLC,281.16,1.706,0.0651,3,-102.7,-8.02,52.9,9,1
2024-01-04 10:00:00,CELL_007,macro,URLLC,249.65,1.559,0.0149,4,-70.0,-12.95,65.6,16,1
2024-01-04 11:00:00,CELL_007,macro,URLLC,338.59,1.561,0.0107,3,-83.9,-12.29,55.6,16,1
2024-01-04 12:00:00,CELL_007,macro,URLLC,229.14,1.801,0.0507,2,-109.1,-19.24,54.5,22,1
2024-01-04 13:00:00,CELL_007,macro,URLLC,250.55,2.435,0.0331,1,-101.8,-5.27,68.9,20,1
2024-01-04 14:00:00,CELL_007,macro,URLLC,254.1,2.002,0.0282,2,-76.9,-11.84,45.2,22,1
2024-01-04 15:00:00,CELL_007,macro,URLLC,239.84,2.302,0.0145,6,-93.1,-16.71,47.8,6,1
2024-01-04 16:00:00,CELL_007,macro,URLLC,221.11,1.884,0.0058,2,-77.1,-3.0,54.2,17,1
2024-01-04 17:00:00,CELL_007,macro,URLLC,306.2,1.854,0.06,3,-99.3,-12.88,59.1,15,1
2024-01-04 18:00:00,CELL_007,macro,URLLC,236.29,2.423,0.0291,1,-120.0,-17.1,39.6,8,1
2024-01-04 19:00:00,CELL_007,macro,URLLC,279.87,2.392,0.0763,5,-111.6,-13.47,46.0,12,1
2024-01-04 20:00:00,CELL_007,macro,URLLC,209.79,2.39,0.2467,4,-94.2,-19.52,56.5,11,0
2024-01-04 21:00:00,CELL_007,macro,URLLC,190.98,2.584,0.0903,3,-99.9,-10.88,55.6,11,1
2024-01-04 22:00:00,CELL_007,macro,URLLC,294.18,1.182,0.0045,2,-103.1,-9.98,56.2,12,1
2024-01-04 23:00:00,CELL_007,macro,URLLC,220.31,0.666,0.049,4,-106.2,-9.68,69.4,11,1
2024-01-05 00:00:00,CELL_007,macro,URLLC,251.97,2.108,0.0086,3,-96.4,-13.29,66.4,11,1
2024-01-05 01:00:00,CELL_007,macro,URLLC,238.88,1.026,0.0471,1,-71.2,-11.66,65.1,9,1
2024-01-05 02:00:00,CELL_007,macro,URLLC,394.79,1.389,0.0213,1,-93.3,-16.35,77.6,19,1
2024-01-05 03:00:00,CELL_007,macro,URLLC,225.6,2.002,0.0125,3,-96.0,-17.75,56.4,12,1
2024-01-05 04:00:00,CELL_007,macro,URLLC,344.5,1.054,0.168,2,-86.3,-3.0,74.2,17,0
2024-01-05 05:00:00,CELL_007,macro,URLLC,178.16,2.23,0.0402,3,-79.8,-19.84,47.3,8,1
2024-01-05 06:00:00,CELL_007,macro,URLLC,191.16,1.428,0.0996,4,-87.3,-8.33,67.6,13,1
2024-01-05 07:00:00,CELL_007,macro,URLLC,349.66,0.857,0.0626,4,-111.6,-17.03,70.9,15,1
2024-01-05 08:00:00,CELL_007,macro,URLLC,294.94,1.287,0.1796,3,-100.6,-7.37,70.0,19,0
2024-01-05 09:00:00,CELL_007,macro,URLLC,320.23,0.992,0.0198,5,-98.5,-6.41,62.2,13,1
2024-01-05 10:00:00,CELL_007,macro,URLLC,244.99,1.619,0.009,4,-90.1,-3.0,64.4,11,1
2024-01-05 11:00:00,CELL_007,macro,URLLC,286.96,2.228,0.0475,8,-82.8,-19.74,62.9,14,1
2024-01-05 12:00:00,CELL_007,macro,URLLC,285.77,1.178,0.03,6,-108.5,-9.45,66.5,16,1
2024-01-05 13:00:00,CELL_007,macro,URLLC,274.07,2.341,0.1099,5,-120.0,-6.63,53.1,10,0
2024-01-05 14:00:00,CELL_007,macro,URLLC,297.29,1.711,0.0419,4,-120.0,-19.45,48.0,10,1
2024-01-05 15:00:00,CELL_007,macro,URLLC,230.09,1.954,0.0001,3,-81.7,-14.34,47.4,12,1
2024-01-05 16:00:00,CELL_007,macro,URLLC,299.04,1.366,0.115,3,-73.9,-16.53,57.6,13,0
2024-01-05 17:00:00,CELL_007,macro,URLLC,211.49,1.937,0.0838,2,-89.1,-11.89,45.9,8,1
2024-01-05 18:00:00,CELL_007,macro,URLLC,237.99,2.025,0.0199,4,-88.9,-6.83,53.7,14,1
2024-01-05 19:00:00,CELL_007,macro,URLLC,174.21,2.148,0.0382,4,-77.3,-15.51,44.6,11,1
2024-01-05 20:00:00,CELL_007,macro,URLLC,308.53,1.77,0.2317,3,-91.2,-15.82,54.0,14,0
2024-01-05 21:00:00,CELL_007,macro,URLLC,208.09,1.509,0.0334,1,-108.9,-11.67,61.9,6,1
2024-01-05 22:00:00,CELL_007,macro,URLLC,245.39,1.275,0.0048,2,-105.1,-6.97,70.6,20,1
2024-01-05 23:00:00,CELL_007,macro,URLLC,208.09,1.293,0.0105,3,-115.4,-6.21,59.9,14,1
2024-01-06 00:00:00,CELL_007,macro,URLLC,176.79,1.685,0.0312,2,-88.8,-8.23,54.9,9,1
2024-01-06 01:00:00,CELL_007,macro,URLLC,268.0,1.726,0.1085,4,-95.3,-15.12,58.8,6,0
2024-01-06 02:00:00,CELL_007,macro,URLLC,275.62,1.389,0.0104,2,-70.0,-20.0,50.7,12,1
2024-01-06 03:00:00,CELL_007,macro,URLLC,320.09,1.407,0.0665,2,-97.4,-20.0,69.0,9,1
2024-01-06 04:00:00,CELL_007,macro,URLLC,305.27,1.432,0.0137,2,-105.3,-11.52,69.5,13,1
2024-01-06 05:00:00,CELL_007,macro,URLLC,258.82,1.558,0.0364,6,-97.9,-3.71,62.8,18,1
2024-01-06 06:00:00,CELL_007,macro,URLLC,220.46,1.66,0.0901,2,-91.2,-16.07,53.6,10,1
2024-01-06 07:00:00,CELL_007,macro,URLLC,339.67,2.49,0.1754,4,-106.9,-15.99,48.0,6,0
2024-01-06 08:00:00,CELL_007,macro,URLLC,319.07,0.611,0.0031,7,-94.2,-7.35,80.3,13,1
2024-01-06 09:00:00,CELL_007,macro,URLLC,261.08,0.351,0.1284,1,-102.6,-8.46,75.1,12,0
2024-01-06 10:00:00,CELL_007,macro,URLLC,318.44,1.456,0.0086,1,-105.2,-14.49,58.3,13,1
2024-01-06 11:00:00,CELL_007,macro,URLLC,273.8,1.103,0.075,6,-111.7,-10.3,65.4,14,1
2024-01-06 12:00:00,CELL_007,macro,URLLC,247.87,2.358,0.0318,3,-105.9,-16.76,41.6,8,1
2024-01-06 13:00:00,CELL_007,macro,URLLC,189.79,2.137,0.0217,0,-105.6,-19.67,70.0,15,1
2024-01-06 14:00:00,CELL_007,macro,URLLC,258.76,1.955,0.0329,4,-106.8,-11.96,61.2,8,1
2024-01-06 15:00:00,CELL_007,macro,URLLC,320.74,1.261,0.129,0,-107.4,-10.02,69.3,18,0
2024-01-06 16:00:00,CELL_007,macro,URLLC,274.8,1.793,0.0064,0,-89.9,-7.62,59.1,15,1
2024-01-06 17:00:00,CELL_007,macro,URLLC,223.37,1.585,0.0181,3,-98.0,-4.86,51.5,13,1
2024-01-06 18:00:00,CELL_007,macro,URLLC,321.42,1.553,0.0199,5,-83.3,-13.22,59.9,10,1
2024-01-06 19:00:00,CELL_007,macro,URLLC,170.62,1.991,0.0077,2,-75.1,-15.95,44.2,15,1
2024-01-06 20:00:00,CELL_007,macro,URLLC,358.53,1.649,0.0104,4,-83.0,-17.26,85.0,16,1
2024-01-06 21:00:00,CELL_007,macro,URLLC,234.23,2.035,0.1013,2,-91.1,-7.67,47.3,13,0
2024-01-06 22:00:00,CELL_007,macro,URLLC,266.43,1.333,0.0013,4,-70.0,-9.62,70.0,10,1
2024-01-06 23:00:00,CELL_007,macro,URLLC,221.29,1.05,0.051,2,-73.0,-12.4,71.4,14,1
2024-01-07 00:00:00,CELL_007,macro,URLLC,314.86,1.504,0.0287,1,-109.0,-20.0,49.7,10,1
2024-01-07 01:00:00,CELL_007,macro,URLLC,308.85,1.832,0.0653,2,-89.7,-13.43,52.9,13,1
2024-01-07 02:00:00,CELL_007,macro,URLLC,260.73,1.717,0.0357,4,-98.7,-9.23,55.2,10,1
2024-01-07 03:00:00,CELL_007,macro,URLLC,73.17,1.512,0.0172,2,-98.0,-12.8,60.5,15,0
2024-01-07 04:00:00,CELL_007,macro,URLLC,370.15,2.051,0.0755,0,-84.5,-20.0,83.3,13,1
2024-01-07 05:00:00,CELL_007,macro,URLLC,319.05,2.138,0.0487,5,-80.2,-8.06,57.9,12,1
2024-01-07 06:00:00,CELL_007,macro,URLLC,270.88,1.274,0.0192,1,-77.0,-7.72,56.1,11,1
2024-01-07 07:00:00,CELL_007,macro,URLLC,335.52,1.278,0.0176,2,-120.0,-8.3,59.4,15,1
2024-01-07 08:00:00,CELL_007,macro,URLLC,238.42,1.502,0.0581,0,-90.5,-6.01,75.9,14,1
2024-01-07 09:00:00,CELL_007,macro,URLLC,331.07,1.31,0.0222,2,-114.6,-13.06,49.2,15,1
2024-01-07 10:00:00,CELL_007,macro,URLLC,260.9,1.255,0.0526,4,-105.8,-15.11,49.0,12,1
2024-01-07 11:00:00,CELL_007,macro,URLLC,271.05,1.511,0.041,3,-112.5,-8.98,61.4,14,1
2024-01-07 12:00:00,CELL_007,macro,URLLC,311.81,1.694,0.0388,6,-104.0,-11.77,44.0,11,1
2024-01-07 13:00:00,CELL_007,macro,URLLC,335.13,0.879,0.1062,5,-96.5,-14.39,73.4,16,0
2024-01-07 14:00:00,CELL_007,macro,URLLC,248.07,1.79,0.049,5,-82.3,-16.75,57.5,15,1
2024-01-07 15:00:00,CELL_007,macro,URLLC,221.91,1.942,0.0225,4,-90.7,-9.76,44.2,4,1
2024-01-07 16:00:00,CELL_007,macro,URLLC,320.0,1.225,0.0108,5,-94.7,-19.17,66.2,16,1
2024-01-07 17:00:00,CELL_007,macro,URLLC,275.46,1.343,0.0034,4,-96.7,-11.34,50.5,13,1
2024-01-07 18:00:00,CELL_007,macro,URLLC,232.45,2.478,0.0709,4,-91.0,-18.14,41.3,8,1
2024-01-07 19:00:00,CELL_007,macro,URLLC,323.23,1.882,0.0261,1,-116.8,-19.85,60.8,10,1
2024-01-07 20:00:00,CELL_007,macro,URLLC,258.21,1.834,0.2928,1,-80.2,-7.77,46.1,12,0
2024-01-07 21:00:00,CELL_007,macro,URLLC,163.39,2.019,0.0016,3,-84.4,-15.98,45.1,13,1
2024-01-07 22:00:00,CELL_007,macro,URLLC,252.64,1.232,0.031,1,-79.7,-12.16,67.1,18,1
2024-01-07 23:00:00,CELL_007,macro,URLLC,273.76,1.849,0.035,2,-95.5,-15.49,47.5,16,1
2024-01-08 00:00:00,CELL_007,macro,URLLC,262.07,1.872,0.0387,2,-79.7,-9.51,50.2,8,1
2024-01-08 01:00:00,CELL_007,macro,URLLC,189.25,1.75,0.0099,2,-97.6,-11.71,57.5,7,1
2024-01-08 02:00:00,CELL_007,macro,URLLC,310.55,1.176,0.0041,4,-109.6,-13.39,82.7,16,1
2024-01-08 03:00:00,CELL_007,macro,URLLC,261.22,0.833,0.0014,5,-111.1,-12.82,65.6,14,1
2024-01-08 04:00:00,CELL_007,macro,URLLC,311.29,2.06,0.0485,2,-99.8,-18.49,75.0,19,1
2024-01-08 05:00:00,CELL_007,macro,URLLC,348.54,1.823,0.0735,3,-109.9,-12.77,54.3,9,1
2024-01-08 06:00:00,CELL_007,macro,URLLC,253.4,1.035,0.0017,2,-70.0,-13.4,58.4,14,1
2024-01-08 07:00:00,CELL_007,macro,URLLC,298.68,0.862,0.0491,3,-120.0,-11.38,54.0,15,1
2024-01-08 08:00:00,CELL_007,macro,URLLC,223.67,1.582,0.0174,2,-91.8,-11.8,50.4,9,1
2024-01-08 09:00:00,CELL_007,macro,URLLC,288.09,1.96,0.0918,3,-106.7,-17.87,51.8,17,1
2024-01-08 10:00:00,CELL_007,macro,URLLC,186.13,2.155,0.0139,1,-103.0,-15.63,63.2,12,1
2024-01-08 11:00:00,CELL_007,macro,URLLC,225.94,2.164,0.0208,5,-102.3,-18.9,61.4,15,1
2024-01-08 12:00:00,CELL_007,macro,URLLC,202.61,1.711,0.0176,3,-99.1,-3.75,72.6,17,1
2024-01-08 13:00:00,CELL_007,macro,URLLC,295.93,1.434,0.0146,3,-88.1,-8.89,78.4,13,1
2024-01-08 14:00:00,CELL_007,macro,URLLC,238.76,1.962,0.0105,2,-99.6,-4.12,59.6,12,1
2024-01-08 15:00:00,CELL_007,macro,URLLC,302.58,1.072,0.0689,2,-111.4,-9.7,74.2,18,1
2024-01-08 16:00:00,CELL_007,macro,URLLC,240.63,1.66,0.0189,5,-77.5,-5.3,49.0,17,1
2024-01-08 17:00:00,CELL_007,macro,URLLC,157.66,1.26,0.0191,4,-118.9,-13.79,56.3,15,1
2024-01-08 18:00:00,CELL_007,macro,URLLC,294.19,1.821,0.0067,1,-86.8,-10.69,51.7,8,1
2024-01-08 19:00:00,CELL_007,macro,URLLC,235.56,2.127,0.0547,1,-88.6,-15.84,45.8,6,1
2024-01-08 20:00:00,CELL_007,macro,URLLC,266.87,1.784,0.0076,4,-106.0,-10.12,65.6,15,1
2024-01-08 21:00:00,CELL_007,macro,URLLC,99.81,1.613,0.0541,2,-89.8,-14.5,63.3,11,0
2024-01-08 22:00:00,CELL_007,macro,URLLC,147.19,2.032,0.0274,3,-97.2,-19.29,39.1,4,1
2024-01-08 23:00:00,CELL_007,macro,URLLC,244.37,1.416,0.1296,2,-94.9,-11.79,60.0,9,0
2024-01-09 00:00:00,CELL_007,macro,URLLC,341.31,1.284,0.0329,6,-70.0,-14.99,70.0,20,1
2024-01-09 01:00:00,CELL_007,macro,URLLC,188.84,2.814,0.0584,2,-99.8,-12.27,52.6,15,1
2024-01-09 02:00:00,CELL_007,macro,URLLC,231.1,1.555,0.0467,2,-77.5,-15.42,53.7,15,1
2024-01-09 03:00:00,CELL_007,macro,URLLC,294.24,1.763,0.0035,1,-116.5,-3.4,45.9,16,1
2024-01-09 04:00:00,CELL_007,macro,URLLC,277.55,1.183,0.107,4,-74.0,-10.37,60.1,14,0
2024-01-09 05:00:00,CELL_007,macro,URLLC,268.01,1.57,0.0359,3,-71.8,-6.88,63.1,17,1
2024-01-09 06:00:00,CELL_007,macro,URLLC,251.97,2.126,0.0814,0,-89.2,-14.77,62.6,16,1
2024-01-09 07:00:00,CELL_007,macro,URLLC,260.68,1.433,0.1137,4,-74.9,-17.27,73.2,14,0
2024-01-09 08:00:00,CELL_007,macro,URLLC,275.78,1.549,0.0315,0,-70.0,-15.07,73.0,6,1
2024-01-09 09:00:00,CELL_007,macro,URLLC,252.95,1.137,0.2864,5,-96.2,-15.24,69.0,13,0
2024-01-09 10:00:00,CELL_007,macro,URLLC,247.41,1.681,0.004,6,-85.4,-12.13,63.3,11,1
2024-01-09 11:00:00,CELL_007,macro,URLLC,367.78,1.012,0.0059,5,-70.0,-15.46,66.3,16,1
2024-01-09 12:00:00,CELL_007,macro,URLLC,246.7,0.965,0.0581,2,-117.4,-15.85,63.9,8,1
2024-01-09 13:00:00,CELL_007,macro,URLLC,171.57,2.001,0.0646,3,-86.6,-12.81,49.6,8,1
2024-01-09 14:00:00,CELL_007,macro,URLLC,254.74,0.827,0.0137,4,-93.1,-13.28,64.0,18,1
2024-01-09 15:00:00,CELL_007,macro,URLLC,230.79,2.335,0.0009,6,-88.5,-11.4,54.4,15,1
2024-01-09 16:00:00,CELL_007,macro,URLLC,213.1,2.279,0.0037,1,-102.5,-7.1,56.1,11,1
2024-01-09 17:00:00,CELL_007,macro,URLLC,184.74,2.49,0.0096,3,-120.0,-12.18,29.0,9,1
2024-01-09 18:00:00,CELL_007,macro,URLLC,336.67,1.786,0.0121,4,-83.6,-9.14,56.2,13,1
2024-01-09 19:00:00,CELL_007,macro,URLLC,224.07,2.635,0.0379,2,-88.6,-10.6,48.3,10,1
2024-01-09 20:00:00,CELL_007,macro,URLLC,187.1,1.586,0.0356,3,-114.7,-15.42,51.1,9,1
2024-01-09 21:00:00,CELL_007,macro,URLLC,177.36,1.626,0.0152,5,-88.4,-19.06,54.0,14,1
2024-01-09 22:00:00,CELL_007,macro,URLLC,10.65,1.731,0.0067,3,-102.3,-17.39,41.7,6,0
2024-01-09 23:00:00,CELL_007,macro,URLLC,307.21,1.459,0.0241,1,-103.0,-10.51,55.0,12,1
2024-01-10 00:00:00,CELL_007,macro,URLLC,367.78,0.913,0.0027,5,-73.6,-5.3,76.9,19,1
2024-01-10 01:00:00,CELL_007,macro,URLLC,302.86,0.357,0.0173,5,-106.0,-10.11,68.3,18,1
2024-01-10 02:00:00,CELL_007,macro,URLLC,242.52,1.709,0.0001,1,-82.9,-13.84,62.0,23,1
2024-01-10 03:00:00,CELL_007,macro,URLLC,235.48,1.386,0.0493,0,-105.7,-11.67,66.4,16,1
2024-01-10 04:00:00,CELL_007,macro,URLLC,291.07,1.754,0.0542,2,-109.5,-16.13,53.9,18,1
2024-01-10 05:00:00,CELL_007,macro,URLLC,181.35,2.011,0.0535,4,-84.4,-11.38,60.9,13,1
2024-01-10 06:00:00,CELL_007,macro,URLLC,212.29,1.02,0.035,4,-120.0,-10.96,68.3,14,1
2024-01-10 07:00:00,CELL_007,macro,URLLC,310.98,1.312,0.0114,1,-97.6,-19.25,76.0,14,1
2024-01-10 08:00:00,CELL_007,macro,URLLC,237.81,2.253,0.0102,4,-77.2,-10.29,55.4,16,1
2024-01-10 09:00:00,CELL_007,macro,URLLC,299.3,1.92,0.0044,3,-91.4,-16.92,59.4,17,1
2024-01-10 10:00:00,CELL_007,macro,URLLC,228.52,1.139,0.0069,2,-70.0,-11.29,64.0,15,1
2024-01-10 11:00:00,CELL_007,macro,URLLC,281.18,1.511,0.069,3,-70.0,-6.24,70.8,20,1
2024-01-10 12:00:00,CELL_007,macro,URLLC,256.43,1.867,0.0857,4,-83.7,-9.65,64.6,19,1
2024-01-10 13:00:00,CELL_007,macro,URLLC,308.98,1.842,0.0084,1,-82.6,-13.84,64.4,14,1
2024-01-10 14:00:00,CELL_007,macro,URLLC,328.1,2.055,0.0732,2,-87.2,-6.67,46.0,16,1
2024-01-10 15:00:00,CELL_007,macro,URLLC,312.39,1.404,0.0293,6,-70.0,-9.33,36.4,12,1
2024-01-10 16:00:00,CELL_007,macro,URLLC,240.09,1.524,0.0161,3,-94.2,-18.85,38.4,11,1
2024-01-10 17:00:00,CELL_007,macro,URLLC,296.76,1.915,0.0266,1,-83.3,-7.8,70.1,13,1
2024-01-10 18:00:00,CELL_007,macro,URLLC,328.52,1.105,0.0223,2,-80.5,-10.96,63.2,13,1
2024-01-10 19:00:00,CELL_007,macro,URLLC,125.93,1.808,0.0013,1,-120.0,-10.51,52.4,9,1
2024-01-10 20:00:00,CELL_007,macro,URLLC,293.02,1.152,0.0043,1,-95.2,-10.1,61.5,9,1
2024-01-10 21:00:00,CELL_007,macro,URLLC,251.11,1.847,0.0028,4,-84.1,-4.8,66.1,6,1
2024-01-10 22:00:00,CELL_007,macro,URLLC,282.51,1.491,0.0405,4,-80.1,-3.87,58.7,19,1
2024-01-10 23:00:00,CELL_007,macro,URLLC,118.76,1.524,0.0264,2,-88.2,-15.94,55.2,18,1
2024-01-11 00:00:00,CELL_007,macro,URLLC,278.95,0.956,0.0486,2,-118.9,-4.15,89.2,18,1
2024-01-11 01:00:00,CELL_007,macro,URLLC,261.35,1.662,0.0345,3,-94.2,-11.56,42.6,14,1
2024-01-11 02:00:00,CELL_007,macro,URLLC,185.22,1.641,0.0707,7,-75.6,-15.22,59.2,19,1
2024-01-11 03:00:00,CELL_007,macro,URLLC,245.12,1.874,0.1103,2,-108.5,-7.67,69.6,7,0
2024-01-11 04:00:00,CELL_007,macro,URLLC,299.84,1.213,0.0989,1,-98.8,-16.96,80.4,11,1
2024-01-11 05:00:00,CELL_007,macro,URLLC,194.12,2.185,0.2361,4,-92.5,-12.89,54.6,9,0
2024-01-11 06:00:00,CELL_007,macro,URLLC,273.75,0.902,0.0433,3,-93.8,-11.16,52.8,22,1
2024-01-11 07:00:00,CELL_007,macro,URLLC,411.36,1.012,0.0452,7,-81.1,-3.0,76.2,13,1
2024-01-11 08:00:00,CELL_007,macro,URLLC,326.51,1.687,0.0136,2,-100.7,-12.79,57.6,20,1
2024-01-11 09:00:00,CELL_007,macro,URLLC,279.23,1.236,0.0453,1,-95.7,-20.0,71.3,17,1
2024-01-01 00:00:00,CELL_008,macro,URLLC,182.57,1.461,0.156,3,-92.7,-3.0,49.5,10,0
2024-01-01 01:00:00,CELL_008,macro,URLLC,197.4,1.903,0.0115,8,-103.8,-15.26,48.7,9,1
2024-01-01 02:00:00,CELL_008,macro,URLLC,284.6,2.484,0.0667,2,-99.3,-16.4,49.7,13,1
2024-01-01 03:00:00,CELL_008,macro,URLLC,243.03,1.498,0.0661,1,-84.4,-14.74,40.7,14,1
2024-01-01 04:00:00,CELL_008,macro,URLLC,224.89,1.688,0.0478,4,-93.5,-20.0,67.5,16,1
2024-01-01 05:00:00,CELL_008,macro,URLLC,201.78,1.514,0.0064,3,-87.2,-3.0,50.5,8,1
2024-01-01 06:00:00,CELL_008,macro,URLLC,95.56,2.298,0.0108,1,-85.7,-11.57,34.4,12,0
2024-01-01 07:00:00,CELL_008,macro,URLLC,331.5,1.373,0.158,8,-81.2,-5.35,66.6,12,0
2024-01-01 08:00:00,CELL_008,macro,URLLC,248.76,1.697,0.0006,3,-93.9,-15.12,38.6,8,1
2024-01-01 09:00:00,CELL_008,macro,URLLC,232.89,2.033,0.0408,2,-86.9,-13.45,61.2,13,1
2024-01-01 10:00:00,CELL_008,macro,URLLC,268.21,1.517,0.0098,3,-102.1,-7.71,62.9,8,1
2024-01-01 11:00:00,CELL_008,macro,URLLC,281.97,1.832,0.0879,2,-75.9,-3.0,66.3,11,1
2024-01-01 12:00:00,CELL_008,macro,URLLC,348.73,1.738,0.324,3,-119.2,-20.0,41.3,15,0
2024-01-01 13:00:00,CELL_008,macro,URLLC,316.21,2.224,0.027,7,-106.4,-9.1,52.0,11,1
2024-01-01 14:00:00,CELL_008,macro,URLLC,99.72,2.221,0.0056,4,-98.4,-9.17,36.9,5,0
2024-01-01 15:00:00,CELL_008,macro,URLLC,212.33,2.14,0.0173,9,-108.5,-16.34,48.8,7,1
2024-01-01 16:00:00,CELL_008,macro,URLLC,252.0,2.875,0.1504,3,-84.2,-14.56,44.2,7,0
2024-01-01 17:00:00,CELL_008,macro,URLLC,249.17,2.346,0.0145,3,-85.1,-20.0,20.5,8,1
2024-01-01 18:00:00,CELL_008,macro,URLLC,187.4,2.823,0.0482,4,-120.0,-3.0,51.1,4,1
2024-01-01 19:00:00,CELL_008,macro,URLLC,214.35,1.82,0.0406,2,-91.2,-11.47,43.9,4,1
2024-01-01 20:00:00,CELL_008,macro,URLLC,147.64,1.797,0.0114,2,-120.0,-11.36,52.7,12,1
2024-01-01 21:00:00,CELL_008,macro,URLLC,178.95,2.295,0.1567,2,-93.5,-12.35,43.4,15,0
2024-01-01 22:00:00,CELL_008,macro,URLLC,191.55,1.773,0.0008,4,-92.6,-20.0,56.1,8,1
2024-01-01 23:00:00,CELL_008,macro,URLLC,106.89,2.158,0.0458,3,-92.6,-18.1,52.4,9,1
2024-01-02 00:00:00,CELL_008,macro,URLLC,229.53,1.72,0.031,3,-92.9,-9.86,54.4,8,1
2024-01-02 01:00:00,CELL_008,macro,URLLC,344.99,0.573,0.0232,3,-92.7,-9.13,78.2,16,1
2024-01-02 02:00:00,CELL_008,macro,URLLC,205.95,2.178,0.0152,4,-83.6,-16.44,44.0,14,1
2024-01-02 03:00:00,CELL_008,macro,URLLC,119.3,1.139,0.0334,3,-92.1,-11.38,67.2,13,1
2024-01-02 04:00:00,CELL_008,macro,URLLC,90.65,2.182,0.0728,5,-73.1,-8.2,54.9,12,0
2024-01-02 05:00:00,CELL_008,macro,URLLC,335.04,2.146,0.0257,1,-86.5,-3.0,60.0,9,1
2024-01-02 06:00:00,CELL_008,macro,URLLC,109.55,2.4,0.0157,8,-86.9,-14.65,42.9,10,1
2024-01-02 07:00:00,CELL_008,macro,URLLC,293.58,1.839,0.0289,2,-95.2,-13.47,52.8,11,1
2024-01-02 08:00:00,CELL_008,macro,URLLC,232.76,2.615,0.0016,2,-82.2,-14.85,47.1,9,1
2024-01-02 09:00:00,CELL_008,macro,URLLC,230.21,1.119,0.1093,4,-79.8,-9.92,53.3,14,0
2024-01-02 10:00:00,CELL_008,macro,URLLC,333.44,1.061,0.1603,7,-88.2,-11.02,64.9,5,0
2024-01-02 11:00:00,CELL_008,macro,URLLC,212.89,2.502,0.0142,3,-95.3,-11.67,41.9,10,1
2024-01-02 12:00:00,CELL_008,macro,URLLC,352.92,2.988,0.0108,3,-91.5,-18.95,51.6,4,1
2024-01-02 13:00:00,CELL_008,macro,URLLC,264.52,1.084,0.0109,1,-94.8,-12.24,73.0,20,1
2024-01-02 14:00:00,CELL_008,macro,URLLC,283.3,1.532,0.002,3,-94.5,-8.99,57.2,13,1
2024-01-02 15:00:00,CELL_008,macro,URLLC,199.78,2.422,0.0711,2,-85.5,-15.11,45.7,12,1
2024-01-02 16:00:00,CELL_008,macro,URLLC,308.11,2.109,0.0079,4,-86.1,-14.0,45.5,6,1
2024-01-02 17:00:00,CELL_008,macro,URLLC,231.0,2.289,0.0497,5,-90.0,-7.51,82.6,13,1
2024-01-02 18:00:00,CELL_008,macro,URLLC,221.29,1.948,0.0327,2,-100.8,-7.07,70.5,13,1
2024-01-02 19:00:00,CELL_008,macro,URLLC,245.38,2.408,0.0946,2,-101.0,-5.45,35.8,11,1
2024-01-02 20:00:00,CELL_008,macro,URLLC,247.61,2.956,0.2424,3,-70.0,-9.14,56.8,12,0
2024-01-02 21:00:00,CELL_008,macro,URLLC,201.87,1.661,0.0511,3,-99.9,-13.61,53.6,10,1
2024-01-02 22:00:00,CELL_008,macro,URLLC,138.23,1.592,0.0455,3,-104.8,-16.08,44.4,9,1
2024-01-02 23:00:00,CELL_008,macro,URLLC,151.94,1.015,0.0408,4,-95.0,-7.09,49.4,9,1
2024-01-03 00:00:00,CELL_008,macro,URLLC,370.77,1.386,0.07,6,-105.6,-19.68,46.0,9,1
2024-01-03 01:00:00,CELL_008,macro,URLLC,359.56,1.61,0.02,2,-77.7,-7.84,64.6,16,1
2024-01-03 02:00:00,CELL_008,macro,URLLC,340.41,1.445,0.0095,3,-117.5,-11.67,57.7,11,1
2024-01-03 03:00:00,CELL_008,macro,URLLC,313.62,1.685,0.0118,3,-98.2,-18.0,57.8,12,1
2024-01-03 04:00:00,CELL_008,macro,URLLC,304.1,1.743,0.0707,0,-113.3,-13.35,63.0,19,1
2024-01-03 05:00:00,CELL_008,macro,URLLC,236.39,1.776,0.1075,1,-93.3,-16.93,57.6,6,0
2024-01-03 06:00:00,CELL_008,macro,URLLC,190.51,2.24,0.0441,5,-102.2,-16.71,42.0,13,1
2024-01-03 07:00:00,CELL_008,macro,URLLC,307.74,1.303,0.137,4,-117.8,-12.34,53.9,8,0
2024-01-03 08:00:00,CELL_008,macro,URLLC,214.71,2.716,0.0412,1,-98.6,-15.09,33.6,3,1
2024-01-03 09:00:00,CELL_008,macro,URLLC,282.8,1.448,0.0211,3,-101.5,-20.0,65.8,13,1
2024-01-03 10:00:00,CELL_008,macro,URLLC,257.28,1.185,0.1934,4,-77.5,-3.0,56.3,11,0
2024-01-03 11:00:00,CELL_008,macro,URLLC,128.21,2.026,0.0088,4,-102.9,-10.35,52.7,8,1
2024-01-03 12:00:00,CELL_008,macro,URLLC,233.58,2.628,0.1136,3,-77.7,-12.92,59.8,9,0
2024-01-03 13:00:00,CELL_008,macro,URLLC,131.96,1.91,0.0104,5,-80.2,-16.71,40.4,7,1
2024-01-03 14:00:00,CELL_008,macro,URLLC,158.12,2.023,0.042,3,-106.5,-6.44,48.6,8,1
2024-01-03 15:00:00,CELL_008,macro,URLLC,158.95,0.715,0.0449,2,-70.6,-8.93,60.4,10,1
2024-01-03 16:00:00,CELL_008,macro,URLLC,137.85,1.773,0.0133,6,-70.0,-13.1,42.5,8,1
2024-01-03 17:00:00,CELL_008,macro,URLLC,226.02,2.425,0.0062,1,-95.7,-11.8,50.7,12,1
2024-01-03 18:00:00,CELL_008,macro,URLLC,131.88,1.698,0.0378,2,-76.3,-11.44,52.3,12,1
2024-01-03 19:00:00,CELL_008,macro,URLLC,172.21,2.734,0.0043,8,-70.0,-12.89,37.1,6,1
2024-01-03 20:00:00,CELL_008,macro,URLLC,127.78,2.227,0.0052,5,-96.3,-10.34,46.8,3,1
2024-01-03 21:00:00,CELL_008,macro,URLLC,195.09,1.969,0.0199,6,-87.9,-10.73,57.5,17,1
2024-01-03 22:00:00,CELL_008,macro,URLLC,137.6,2.387,0.0695,7,-94.6,-11.6,43.8,7,1
2024-01-03 23:00:00,CELL_008,macro,URLLC,230.16,2.116,0.0339,3,-96.8,-10.82,53.2,11,1
2024-01-04 00:00:00,CELL_008,macro,URLLC,232.69,1.611,0.0105,4,-120.0,-14.09,59.9,19,1
2024-01-04 01:00:00,CELL_008,macro,URLLC,321.74,1.457,0.0067,1,-120.0,-17.99,49.6,7,1
2024-01-04 02:00:00,CELL_008,macro,URLLC,280.97,2.237,0.0259,5,-104.9,-15.68,64.3,14,1
2024-01-04 03:00:00,CELL_008,macro,URLLC,241.66,1.964,0.0061,4,-112.0,-6.55,43.4,11,1
2024-01-04 04:00:00,CELL_008,macro,URLLC,246.37,1.292,0.0207,3,-90.4,-15.04,61.9,16,1
2024-01-04 05:00:00,CELL_008,macro,URLLC,254.24,1.979,0.0027,4,-120.0,-3.0,64.8,7,1
2024-01-04 06:00:00,CELL_008,macro,URLLC,249.85,2.348,0.0589,2,-96.2,-18.51,63.7,7,1
2024-01-04 07:00:00,CELL_008,macro,URLLC,226.78,1.926,0.0451,3,-104.0,-15.08,69.1,7,1
2024-01-04 08:00:00,CELL_008,macro,URLLC,350.66,1.53,0.0289,2,-74.8,-9.13,58.4,10,1
2024-01-04 09:00:00,CELL_008,macro,URLLC,212.28,2.958,0.0976,1,-105.7,-16.06,40.7,10,1
2024-01-04 10:00:00,CELL_008,macro,URLLC,247.79,2.009,0.0819,1,-88.1,-15.47,65.0,13,1
2024-01-04 11:00:00,CELL_008,macro,URLLC,291.35,1.847,0.0619,1,-107.2,-14.75,48.2,12,1
2024-01-04 12:00:00,CELL_008,macro,URLLC,211.32,1.893,0.0271,5,-93.4,-10.1,50.3,13,1
2024-01-04 13:00:00,CELL_008,macro,URLLC,208.82,2.602,0.0614,2,-102.6,-8.5,52.4,7,1
2024-01-04 14:00:00,CELL_008,macro,URLLC,282.08,1.9,0.1128,5,-93.7,-4.33,40.6,11,0
2024-01-04 15:00:00,CELL_008,macro,URLLC,223.33,0.944,0.0447,4,-92.4,-12.56,59.3,17,1
2024-01-04 16:00:00,CELL_008,macro,URLLC,274.88,2.191,0.0066,0,-111.3,-16.1,55.4,10,1
2024-01-04 17:00:00,CELL_008,macro,URLLC,338.5,1.932,0.0056,2,-96.8,-20.0,61.8,11,1
2024-01-04 18:00:00,CELL_008,macro,URLLC,331.83,1.795,0.0706,5,-88.9,-9.54,67.0,18,1
2024-01-04 19:00:00,CELL_008,macro,URLLC,255.8,1.39,0.0036,2,-110.0,-16.78,68.4,7,1
2024-01-04 20:00:00,CELL_008,macro,URLLC,184.89,2.634,0.021,2,-95.5,-20.0,30.7,14,1
2024-01-04 21:00:00,CELL_008,macro,URLLC,166.86,2.709,0.0112,7,-82.4,-3.0,49.9,10,1
2024-01-04 22:00:00,CELL_008,macro,URLLC,236.98,1.686,0.0107,1,-107.0,-9.91,60.0,8,1
2024-01-04 23:00:00,CELL_008,macro,URLLC,117.89,1.715,0.0419,5,-77.6,-15.35,49.7,11,1
2024-01-05 00:00:00,CELL_008,macro,URLLC,285.73,1.744,0.0139,3,-103.0,-12.93,71.7,15,1
2024-01-05 01:00:00,CELL_008,macro,URLLC,308.22,2.271,0.0331,2,-94.6,-11.3,75.3,17,1
2024-01-05 02:00:00,CELL_008,macro,URLLC,172.68,2.06,0.0485,4,-90.7,-10.94,37.1,7,1
2024-01-05 03:00:00,CELL_008,macro,URLLC,425.17,2.295,0.0034,2,-111.7,-17.29,68.1,16,1
2024-01-05 04:00:00,CELL_008,macro,URLLC,270.4,1.783,0.0482,3,-88.2,-16.25,50.9,9,1
2024-01-05 05:00:00,CELL_008,macro,URLLC,275.35,1.784,0.0356,1,-96.4,-7.11,57.9,16,1
2024-01-05 06:00:00,CELL_008,macro,URLLC,266.35,1.381,0.0218,3,-98.6,-11.69,50.4,13,1
2024-01-05 07:00:00,CELL_008,macro,URLLC,219.13,2.496,0.0204,1,-91.1,-3.0,69.2,15,1
2024-01-05 08:00:00,CELL_008,macro,URLLC,275.38,1.207,0.0446,3,-110.0,-20.0,67.8,16,1
2024-01-05 09:00:00,CELL_008,macro,URLLC,211.39,1.797,0.0674,3,-120.0,-8.14,52.2,9,1
2024-01-05 10:00:00,CELL_008,macro,URLLC,348.74,1.912,0.0598,0,-114.9,-12.97,59.7,16,1
2024-01-05 11:00:00,CELL_008,macro,URLLC,262.38,1.168,0.0068,4,-86.2,-7.53,60.5,11,1
2024-01-05 12:00:00,CELL_008,macro,URLLC,323.66,1.276,0.0219,6,-70.0,-8.59,69.6,14,1
2024-01-05 13:00:00,CELL_008,macro,URLLC,127.74,1.943,0.0727,5,-110.0,-18.55,53.1,10,1
2024-01-05 14:00:00,CELL_008,macro,URLLC,225.56,3.144,0.0842,5,-105.2,-19.56,51.6,10,0
2024-01-05 15:00:00,CELL_008,macro,URLLC,257.95,1.911,0.0058,3,-104.4,-3.79,48.7,13,1
2024-01-05 16:00:00,CELL_008,macro,URLLC,260.96,1.738,0.0202,1,-70.3,-12.22,65.6,12,1
2024-01-05 17:00:00,CELL_008,macro,URLLC,214.05,1.842,0.0035,3,-93.2,-10.45,44.7,10,1
2024-01-05 18:00:00,CELL_008,macro,URLLC,199.92,2.557,0.0538,1,-76.8,-9.13,48.5,11,1
2024-01-05 19:00:00,CELL_008,macro,URLLC,187.86,2.43,0.0627,5,-94.9,-15.06,54.4,15,1
2024-01-05 20:00:00,CELL_008,macro,URLLC,253.16,1.912,0.0402,1,-100.5,-14.27,49.7,7,1
2024-01-05 21:00:00,CELL_008,macro,URLLC,203.58,2.649,0.019,6,-90.0,-19.63,47.4,14,1
2024-01-05 22:00:00,CELL_008,macro,URLLC,160.67,2.062,0.0207,2,-93.4,-15.63,43.2,15,1
2024-01-05 23:00:00,CELL_008,macro,URLLC,278.62,1.921,0.0084,1,-101.2,-20.0,47.5,8,1
2024-01-06 00:00:00,CELL_008,macro,URLLC,312.22,1.898,0.0087,5,-108.5,-6.73,71.0,20,1
2024-01-06 01:00:00,CELL_008,macro,URLLC,224.54,1.545,0.0003,4,-84.5,-12.49,63.8,8,1
2024-01-06 02:00:00,CELL_008,macro,URLLC,251.97,1.689,0.028,0,-82.1,-16.39,41.1,7,1
2024-01-06 03:00:00,CELL_008,macro,URLLC,100.98,2.509,0.0088,6,-105.9,-5.1,32.6,7,1
2024-01-06 04:00:00,CELL_008,macro,URLLC,225.04,1.661,0.0262,1,-94.8,-9.71,49.8,10,1
2024-01-06 05:00:00,CELL_008,macro,URLLC,180.0,2.055,0.0259,2,-70.3,-10.87,56.5,7,1
2024-01-06 06:00:00,CELL_008,macro,URLLC,448.76,1.258,0.0854,5,-119.8,-17.31,84.0,17,1
2024-01-06 07:00:00,CELL_008,macro,URLLC,193.85,2.074,0.0044,3,-120.0,-8.63,48.2,13,1
2024-01-06 08:00:00,CELL_008,macro,URLLC,277.09,2.036,0.0083,3,-100.4,-3.45,68.0,11,1
2024-01-06 09:00:00,CELL_008,macro,URLLC,196.66,1.537,0.0306,2,-107.0,-9.29,65.3,13,1
2024-01-06 10:00:00,CELL_008,macro,URLLC,167.32,1.865,0.0043,4,-83.8,-17.34,56.6,20,1
2024-01-06 11:00:00,CELL_008,macro,URLLC,265.55,1.344,0.0577,2,-91.4,-13.36,72.6,13,1
2024-01-06 12:00:00,CELL_008,macro,URLLC,112.76,1.352,0.0303,8,-88.8,-13.73,54.4,4,1
2024-01-06 13:00:00,CELL_008,macro,URLLC,262.81,1.794,0.0489,3,-82.5,-11.5,51.9,9,1
2024-01-06 14:00:00,CELL_008,macro,URLLC,239.79,2.373,0.0097,3,-88.6,-9.22,51.4,11,1
2024-01-06 15:00:00,CELL_008,macro,URLLC,233.66,0.794,0.0067,3,-120.0,-7.38,52.0,9,1
2024-01-06 16:00:00,CELL_008,macro,URLLC,241.87,1.438,0.0368,3,-81.9,-3.28,55.2,10,1
2024-01-06 17:00:00,CELL_008,macro,URLLC,83.64,2.242,0.1062,2,-86.4,-12.67,49.5,11,0
2024-01-06 18:00:00,CELL_008,macro,URLLC,146.36,2.655,0.0485,1,-120.0,-10.77,35.2,7,1
2024-01-06 19:00:00,CELL_008,macro,URLLC,221.48,2.401,0.1157,1,-84.6,-20.0,53.0,9,0
2024-01-06 20:00:00,CELL_008,macro,URLLC,203.08,1.804,0.0603,4,-74.0,-5.74,36.8,12,1
2024-01-06 21:00:00,CELL_008,macro,URLLC,275.86,1.426,0.0226,6,-93.6,-12.06,61.2,6,1
2024-01-06 22:00:00,CELL_008,macro,URLLC,239.24,1.269,0.1258,4,-97.1,-17.19,73.4,15,0
2024-01-06 23:00:00,CELL_008,macro,URLLC,176.02,1.601,0.012,6,-100.0,-11.18,53.1,13,1
2024-01-07 00:00:00,CELL_008,macro,URLLC,223.62,1.933,0.0179,1,-83.8,-10.33,64.0,11,1
2024-01-07 01:00:00,CELL_008,macro,URLLC,230.08,1.598,0.0058,4,-77.4,-11.26,53.6,11,1
2024-01-07 02:00:00,CELL_008,macro,URLLC,244.71,1.874,0.0266,9,-108.5,-11.42,56.4,11,1
2024-01-07 03:00:00,CELL_008,macro,URLLC,130.44,2.8,0.0836,5,-99.8,-14.66,59.6,7,1
2024-01-07 04:00:00,CELL_008,macro,URLLC,234.61,1.463,0.0437,4,-101.0,-10.61,58.3,21,1
2024-01-07 05:00:00,CELL_008,macro,URLLC,182.41,1.416,0.0013,2,-86.2,-11.57,57.4,13,1
2024-01-07 06:00:00,CELL_008,macro,URLLC,207.58,1.505,0.017,2,-79.9,-20.0,54.8,12,1
2024-01-07 07:00:00,CELL_008,macro,URLLC,307.11,2.82,0.0266,3,-88.7,-3.64,40.1,12,1
2024-01-07 08:00:00,CELL_008,macro,URLLC,197.49,2.15,0.0745,1,-83.4,-14.9,61.4,14,1
2024-01-07 09:00:00,CELL_008,macro,URLLC,296.43,2.42,0.0016,5,-104.6,-14.71,63.0,8,1
2024-01-07 10:00:00,CELL_008,macro,URLLC,177.73,1.948,0.0809,3,-94.8,-3.09,41.0,13,1
2024-01-07 11:00:00,CELL_008,macro,URLLC,205.44,1.836,0.0074,2,-109.7,-9.82,37.2,7,1
2024-01-07 12:00:00,CELL_008,macro,URLLC,194.87,1.77,0.0842,5,-87.4,-6.21,56.5,14,1
2024-01-07 13:00:00,CELL_008,macro,URLLC,264.09,1.22,0.0075,3,-90.2,-16.44,43.2,14,1
2024-01-07 14:00:00,CELL_008,macro,URLLC,290.22,2.265,0.0279,1,-120.0,-20.0,35.1,8,1
2024-01-07 15:00:00,CELL_008,macro,URLLC,308.33,2.156,0.0487,5,-106.2,-17.78,46.6,12,1
2024-01-07 16:00:00,CELL_008,macro,URLLC,286.02,1.632,0.017,4,-83.3,-14.19,72.2,10,1
2024-01-07 17:00:00,CELL_008,macro,URLLC,268.79,1.789,0.0007,2,-103.4,-15.57,66.3,12,1
2024-01-07 18:00:00,CELL_008,macro,URLLC,156.64,1.606,0.0401,8,-107.8,-9.43,40.0,6,1
2024-01-07 19:00:00,CELL_008,macro,URLLC,106.11,2.51,0.053,1,-70.0,-12.61,55.2,13,1
2024-01-07 20:00:00,CELL_008,macro,URLLC,119.87,2.197,0.0038,6,-102.3,-5.74,46.5,6,1
2024-01-07 21:00:00,CELL_008,macro,URLLC,347.51,1.61,0.0516,2,-77.2,-10.83,48.9,5,1
2024-01-07 22:00:00,CELL_008,macro,URLLC,202.03,1.795,0.0434,5,-105.1,-11.75,56.9,14,1
2024-01-07 23:00:00,CELL_008,macro,URLLC,180.98,1.469,0.0165,4,-94.0,-11.81,62.6,19,1
2024-01-08 00:00:00,CELL_008,macro,URLLC,199.41,1.279,0.0045,2,-101.2,-20.0,66.7,11,1
2024-01-08 01:00:00,CELL_008,macro,URLLC,214.75,1.856,0.0058,2,-99.9,-20.0,55.7,8,1
2024-01-08 02:00:00,CELL_008,macro,URLLC,254.19,1.918,0.0218,3,-75.1,-15.87,55.4,16,1
2024-01-08 03:00:00,CELL_008,macro,URLLC,238.16,1.779,0.074,3,-113.6,-16.72,69.7,13,1
2024-01-08 04:00:00,CELL_008,macro,URLLC,247.44,1.643,0.0261,1,-107.1,-11.32,59.2,15,1
2024-01-08 05:00:00,CELL_008,macro,URLLC,221.78,1.514,0.0225,4,-98.6,-17.54,38.2,11,1
2024-01-08 06:00:00,CELL_008,macro,URLLC,281.11,1.735,0.1076,4,-84.9,-7.35,43.3,11,0
2024-01-08 07:00:00,CELL_008,macro,URLLC,347.76,2.237,0.1774,5,-79.5,-7.37,35.2,12,0
2024-01-08 08:00:00,CELL_008,macro,URLLC,274.74,1.678,0.034,4,-100.5,-5.55,80.4,13,1
2024-01-08 09:00:00,CELL_008,macro,URLLC,291.98,0.683,0.0285,2,-85.7,-11.72,62.0,16,1
2024-01-08 10:00:00,CELL_008,macro,URLLC,175.79,1.357,0.0523,2,-90.2,-10.84,51.5,9,1
2024-01-08 11:00:00,CELL_008,macro,URLLC,281.94,0.586,0.0035,4,-98.2,-5.86,69.9,13,1
2024-01-08 12:00:00,CELL_008,macro,URLLC,253.41,1.895,0.0121,7,-107.3,-3.49,59.9,10,1
2024-01-08 13:00:00,CELL_008,macro,URLLC,340.44,2.171,0.0113,2,-93.1,-18.54,44.9,6,1
2024-01-08 14:00:00,CELL_008,macro,URLLC,266.98,1.645,0.0271,2,-106.0,-14.74,55.8,13,1
2024-01-08 15:00:00,CELL_008,macro,URLLC,265.7,1.457,0.0064,1,-81.3,-19.96,49.2,10,1
2024-01-08 16:00:00,CELL_008,macro,URLLC,279.57,2.097,0.0024,2,-91.2,-9.55,49.1,15,1
2024-01-08 17:00:00,CELL_008,macro,URLLC,203.54,2.71,0.0394,7,-70.0,-8.04,35.2,9,1
2024-01-08 18:00:00,CELL_008,macro,URLLC,210.1,1.516,0.1362,3,-97.4,-3.8,58.9,12,0
2024-01-08 19:00:00,CELL_008,macro,URLLC,268.56,2.334,0.0173,2,-106.9,-14.64,43.8,9,1
2024-01-08 20:00:00,CELL_008,macro,URLLC,250.55,1.836,0.0366,2,-120.0,-12.35,38.3,9,1
2024-01-08 21:00:00,CELL_008,macro,URLLC,107.55,1.982,0.0892,0,-89.2,-11.98,49.4,12,1
2024-01-08 22:00:00,CELL_008,macro,URLLC,178.88,2.486,0.0054,1,-70.1,-15.21,29.5,10,1
2024-01-08 23:00:00,CELL_008,macro,URLLC,191.24,1.972,0.0118,4,-104.9,-10.31,59.2,17,1
2024-01-09 00:00:00,CELL_008,macro,URLLC,282.96,2.035,0.0187,4,-106.1,-13.98,49.1,14,1
2024-01-09 01:00:00,CELL_008,macro,URLLC,293.86,2.03,0.0265,2,-83.0,-13.19,72.4,13,1
2024-01-09 02:00:00,CELL_008,macro,URLLC,336.13,2.267,0.0088,4,-110.6,-3.0,51.2,7,1
2024-01-09 03:00:00,CELL_008,macro,URLLC,375.41,1.02,0.0803,7,-112.6,-3.0,67.9,20,1
2024-01-09 04:00:00,CELL_008,macro,URLLC,204.19,1.858,0.1212,1,-81.1,-19.74,55.4,9,0
2024-01-09 05:00:00,CELL_008,macro,URLLC,309.71,2.126,0.0012,2,-80.5,-20.0,59.4,15,1
2024-01-09 06:00:00,CELL_008,macro,URLLC,90.21,1.784,0.0186,4,-104.1,-5.15,56.6,19,0
2024-01-09 07:00:00,CELL_008,macro,URLLC,412.6,1.506,0.2935,3,-108.7,-6.9,87.9,13,0
2024-01-09 08:00:00,CELL_008,macro,URLLC,255.05,2.645,0.0344,2,-78.0,-5.29,47.5,10,1
2024-01-09 09:00:00,CELL_008,macro,URLLC,296.37,2.2,0.0753,2,-120.0,-9.37,49.6,9,1
2024-01-09 10:00:00,CELL_008,macro,URLLC,202.37,1.124,0.085,4,-105.6,-18.43,45.7,12,1
2024-01-09 11:00:00,CELL_008,macro,URLLC,297.41,1.802,0.0872,4,-70.0,-14.81,57.6,16,1
2024-01-09 12:00:00,CELL_008,macro,URLLC,209.36,1.876,0.0387,3,-96.8,-13.17,54.0,6,1
2024-01-09 13:00:00,CELL_008,macro,URLLC,268.62,0.977,0.1738,3,-83.8,-17.68,53.8,9,0
2024-01-09 14:00:00,CELL_008,macro,URLLC,155.41,2.274,0.0567,4,-81.4,-10.09,41.8,8,1
2024-01-09 15:00:00,CELL_008,macro,URLLC,178.91,2.895,0.0358,4,-101.8,-15.09,45.2,7,1
2024-01-09 16:00:00,CELL_008,macro,URLLC,268.36,1.428,0.0315,0,-102.8,-10.02,36.5,8,1
2024-01-09 17:00:00,CELL_008,macro,URLLC,266.39,2.689,0.0538,4,-116.6,-18.26,42.9,9,1
2024-01-09 18:00:00,CELL_008,macro,URLLC,108.08,2.202,0.0116,7,-84.2,-19.3,38.9,10,1
2024-01-09 19:00:00,CELL_008,macro,URLLC,121.16,2.775,0.0035,5,-77.5,-13.21,26.3,9,1
2024-01-09 20:00:00,CELL_008,macro,URLLC,116.53,2.47,0.0422,3,-93.9,-17.66,39.4,11,1
2024-01-09 21:00:00,CELL_008,macro,URLLC,242.63,2.275,0.0186,4,-101.7,-16.54,58.0,12,1
2024-01-09 22:00:00,CELL_008,macro,URLLC,275.21,2.213,0.0081,1,-98.8,-16.15,48.0,10,1
2024-01-09 23:00:00,CELL_008,macro,URLLC,278.46,1.717,0.013,2,-75.4,-12.15,64.4,13,1
2024-01-10 00:00:00,CELL_008,macro,URLLC,140.18,0.963,0.1233,3,-72.6,-10.01,65.8,10,0
2024-01-10 01:00:00,CELL_008,macro,URLLC,405.11,1.385,0.0869,2,-98.9,-12.18,78.9,9,1
2024-01-10 02:00:00,CELL_008,macro,URLLC,354.63,1.294,0.0082,4,-71.4,-18.64,56.5,11,1
2024-01-10 03:00:00,CELL_008,macro,URLLC,310.13,1.427,0.0193,5,-101.4,-12.74,52.2,14,1
2024-01-10 04:00:00,CELL_008,macro,URLLC,377.19,1.572,0.0976,2,-120.0,-14.76,61.5,10,1
2024-01-10 05:00:00,CELL_008,macro,URLLC,166.01,1.341,0.0142,3,-85.0,-13.87,44.8,12,1
2024-01-10 06:00:00,CELL_008,macro,URLLC,217.03,2.331,0.0124,1,-92.6,-3.52,53.6,12,1
2024-01-10 07:00:00,CELL_008,macro,URLLC,408.37,0.743,0.0011,2,-120.0,-9.76,85.5,14,1
2024-01-10 08:00:00,CELL_008,macro,URLLC,426.55,1.558,0.0323,1,-83.8,-20.0,54.2,7,1
2024-01-10 09:00:00,CELL_008,macro,URLLC,265.04,1.13,0.0419,5,-108.4,-14.68,57.5,11,1
2024-01-10 10:00:00,CELL_008,macro,URLLC,367.19,1.522,0.0187,0,-109.1,-8.67,64.7,12,1
2024-01-10 11:00:00,CELL_008,macro,URLLC,237.68,1.776,0.0739,2,-92.6,-9.52,62.8,18,1
2024-01-10 12:00:00,CELL_008,macro,URLLC,360.46,1.235,0.0538,2,-103.3,-20.0,48.1,17,1
2024-01-10 13:00:00,CELL_008,macro,URLLC,293.07,1.156,0.0399,3,-90.0,-8.39,56.7,16,1
2024-01-10 14:00:00,CELL_008,macro,URLLC,315.14,1.16,0.0824,4,-72.6,-3.41,61.6,20,1
2024-01-10 15:00:00,CELL_008,macro,URLLC,156.04,1.194,0.0553,8,-82.6,-14.89,59.3,16,1
2024-01-10 16:00:00,CELL_008,macro,URLLC,339.41,2.182,0.0277,3,-75.0,-3.76,60.5,15,1
2024-01-10 17:00:00,CELL_008,macro,URLLC,144.2,2.72,0.021,4,-74.2,-12.84,38.0,12,1
2024-01-10 18:00:00,CELL_008,macro,URLLC,266.15,2.876,0.0406,6,-79.1,-14.5,28.6,8,1
2024-01-10 19:00:00,CELL_008,macro,URLLC,118.8,2.448,0.1416,2,-120.0,-4.1,47.7,7,0
2024-01-10 20:00:00,CELL_008,macro,URLLC,282.94,1.519,0.0681,3,-88.5,-11.5,56.1,11,1
2024-01-10 21:00:00,CELL_008,macro,URLLC,169.65,2.562,0.0531,4,-102.8,-17.46,14.4,5,1
2024-01-10 22:00:00,CELL_008,macro,URLLC,297.11,2.033,0.0103,4,-70.0,-5.42,54.2,12,1
2024-01-10 23:00:00,CELL_008,macro,URLLC,244.48,1.879,0.0286,6,-91.7,-9.96,51.7,12,1
2024-01-11 00:00:00,CELL_008,macro,URLLC,204.07,1.441,0.0499,0,-104.1,-14.7,48.4,13,1
2024-01-11 01:00:00,CELL_008,macro,URLLC,282.78,1.168,0.0263,5,-70.0,-4.21,55.8,9,1
2024-01-11 02:00:00,CELL_008,macro,URLLC,250.04,1.786,0.042,0,-116.3,-10.34,56.5,9,1
2024-01-11 03:00:00,CELL_008,macro,URLLC,240.66,1.636,0.0277,9,-76.2,-16.36,66.5,19,1
2024-01-11 04:00:00,CELL_008,macro,URLLC,149.91,2.327,0.0737,4,-87.9,-13.77,40.9,6,1
2024-01-11 05:00:00,CELL_008,macro,URLLC,167.65,1.733,0.0298,6,-90.7,-17.34,34.2,7,1
2024-01-11 06:00:00,CELL_008,macro,URLLC,241.86,2.441,0.005,1,-81.8,-5.86,57.3,16,1
2024-01-11 07:00:00,CELL_008,macro,URLLC,319.33,1.259,0.0389,3,-113.8,-15.33,65.7,19,1
2024-01-11 08:00:00,CELL_008,macro,URLLC,199.06,2.22,0.0241,3,-70.5,-15.61,46.9,5,1
2024-01-11 09:00:00,CELL_008,macro,URLLC,237.01,1.836,0.0024,2,-78.5,-13.7,40.5,5,1
2024-01-01 00:00:00,CELL_009,macro,URLLC,310.51,1.68,0.0102,0,-100.2,-9.63,64.3,13,1
2024-01-01 01:00:00,CELL_009,macro,URLLC,313.28,2.304,0.0309,4,-86.9,-14.16,57.0,7,1
2024-01-01 02:00:00,CELL_009,macro,URLLC,270.34,1.921,0.06,6,-120.0,-6.01,44.8,11,1
2024-01-01 03:00:00,CELL_009,macro,URLLC,224.46,1.514,0.0044,5,-120.0,-12.26,65.4,6,1
2024-01-01 04:00:00,CELL_009,macro,URLLC,304.69,1.698,0.0092,2,-85.1,-4.87,59.7,13,1
2024-01-01 05:00:00,CELL_009,macro,URLLC,236.16,1.704,0.0593,2,-91.1,-13.15,67.0,15,1
2024-01-01 06:00:00,CELL_009,macro,URLLC,194.93,2.089,0.0331,3,-70.0,-12.62,50.9,10,1
2024-01-01 07:00:00,CELL_009,macro,URLLC,176.04,1.812,0.0082,1,-87.5,-6.46,49.9,19,1
2024-01-01 08:00:00,CELL_009,macro,URLLC,299.9,0.991,0.0128,2,-99.6,-8.36,67.2,11,1
2024-01-01 09:00:00,CELL_009,macro,URLLC,213.63,1.842,0.0732,1,-115.0,-12.22,69.0,17,1
2024-01-01 10:00:00,CELL_009,macro,URLLC,171.16,2.065,0.0019,0,-120.0,-7.94,57.2,15,1
2024-01-01 11:00:00,CELL_009,macro,URLLC,377.3,2.798,0.028,1,-70.0,-10.9,57.6,15,1
2024-01-01 12:00:00,CELL_009,macro,URLLC,322.38,1.851,0.1362,3,-80.8,-9.86,59.9,13,0
2024-01-01 13:00:00,CELL_009,macro,URLLC,231.83,2.311,0.0394,4,-89.5,-18.85,60.4,11,1
2024-01-01 14:00:00,CELL_009,macro,URLLC,252.43,2.284,0.0189,3,-81.6,-15.14,52.4,13,1
2024-01-01 15:00:00,CELL_009,macro,URLLC,223.17,1.934,0.0109,4,-96.1,-14.12,58.6,9,1
2024-01-01 16:00:00,CELL_009,macro,URLLC,309.38,2.149,0.0206,1,-81.7,-8.34,62.6,9,1
2024-01-01 17:00:00,CELL_009,macro,URLLC,256.43,2.555,0.0132,1,-75.1,-15.4,53.4,9,1
2024-01-01 18:00:00,CELL_009,macro,URLLC,204.13,1.619,0.0105,2,-83.9,-11.81,49.2,16,1
2024-01-01 19:00:00,CELL_009,macro,URLLC,294.56,0.822,0.0833,6,-85.4,-11.11,34.8,7,1
2024-01-01 20:00:00,CELL_009,macro,URLLC,274.75,2.58,0.4152,3,-103.2,-3.92,59.0,18,0
2024-01-01 21:00:00,CELL_009,macro,URLLC,188.13,2.486,0.1174,4,-94.7,-9.11,46.6,6,0
2024-01-01 22:00:00,CELL_009,macro,URLLC,223.43,1.302,0.0105,5,-107.0,-16.47,45.2,6,1
2024-01-01 23:00:00,CELL_009,macro,URLLC,285.25,1.472,0.0109,2,-97.0,-11.79,72.5,16,1
2024-01-02 00:00:00,CELL_009,macro,URLLC,285.05,1.629,0.0728,2,-120.0,-18.24,58.6,15,1
2024-01-02 01:00:00,CELL_009,macro,URLLC,325.2,1.979,0.0812,3,-103.7,-14.09,49.0,11,1
2024-01-02 02:00:00,CELL_009,macro,URLLC,302.75,2.778,0.0142,3,-112.7,-18.74,51.6,17,1
2024-01-02 03:00:00,CELL_009,macro,URLLC,378.92,1.0,0.0125,3,-92.8,-12.05,56.6,14,1
2024-01-02 04:00:00,CELL_009,macro,URLLC,320.54,0.433,0.0363,6,-78.5,-12.05,89.7,27,1
2024-01-02 05:00:00,CELL_009,macro,URLLC,260.38,1.487,0.0092,5,-93.1,-8.22,73.8,8,1
2024-01-02 06:00:00,CELL_009,macro,URLLC,347.56,1.462,0.0122,4,-88.7,-12.03,66.2,13,1
2024-01-02 07:00:00,CELL_009,macro,URLLC,301.62,1.546,0.0446,4,-101.6,-5.79,55.3,14,1
2024-01-02 08:00:00,CELL_009,macro,URLLC,326.84,1.701,0.0148,2,-82.2,-14.13,54.9,16,1
2024-01-02 09:00:00,CELL_009,macro,URLLC,128.77,1.622,0.0302,4,-97.1,-16.55,51.1,10,1
2024-01-02 10:00:00,CELL_009,macro,URLLC,313.52,1.453,0.013,3,-103.5,-8.11,57.4,13,1
2024-01-02 11:00:00,CELL_009,macro,URLLC,146.03,2.385,0.0053,1,-89.9,-12.71,53.0,14,1
2024-01-02 12:00:00,CELL_009,macro,URLLC,158.32,2.372,0.015,5,-104.0,-11.31,51.0,11,1
2024-01-02 13:00:00,CELL_009,macro,URLLC,233.9,2.057,0.0229,3,-89.5,-9.86,39.0,6,1
2024-01-02 14:00:00,CELL_009,macro,URLLC,281.81,1.138,0.0249,2,-89.3,-14.46,57.5,12,1
2024-01-02 15:00:00,CELL_009,macro,URLLC,225.87,1.175,0.0127,1,-120.0,-9.53,48.5,14,1
2024-01-02 16:00:00,CELL_009,macro,URLLC,224.8,2.627,0.0375,4,-103.2,-5.3,40.3,14,1
2024-01-02 17:00:00,CELL_009,macro,URLLC,101.58,1.845,0.0489,2,-78.7,-7.47,50.0,13,1
2024-01-02 18:00:00,CELL_009,macro,URLLC,174.78,1.19,0.0621,0,-99.5,-6.02,56.3,22,1
2024-01-02 19:00:00,CELL_009,macro,URLLC,267.27,1.434,0.0051,5,-85.9,-17.68,58.7,10,1
2024-01-02 20:00:00,CELL_009,macro,URLLC,301.08,1.412,0.0006,4,-115.1,-18.16,58.8,13,1
2024-01-02 21:00:00,CELL_009,macro,URLLC,238.07,1.727,0.0368,2,-96.9,-17.38,62.4,12,1
2024-01-02 22:00:00,CELL_009,macro,URLLC,239.08,1.764,0.0223,2,-116.3,-7.74,60.6,16,1
2024-01-02 23:00:00,CELL_009,macro,URLLC,129.83,1.904,0.0848,4,-70.9,-9.3,62.8,7,1
2024-01-03 00:00:00,CELL_009,macro,URLLC,234.31,1.779,0.0081,0,-89.2,-14.15,73.8,6,1
2024-01-03 01:00:00,CELL_009,macro,URLLC,209.66,1.757,0.025,3,-76.0,-11.47,47.2,13,1
2024-01-03 02:00:00,CELL_009,macro,URLLC,287.22,1.432,0.0041,4,-85.8,-3.0,64.2,24,1
2024-01-03 03:00:00,CELL_009,macro,URLLC,223.87,1.652,0.0037,4,-89.6,-6.19,57.0,15,1
2024-01-03 04:00:00,CELL_009,macro,URLLC,353.46,1.114,0.0155,4,-97.0,-3.97,81.4,18,1
2024-01-03 05:00:00,CELL_009,macro,URLLC,259.18,1.405,0.0029,2,-96.7,-6.26,57.2,24,1
2024-01-03 06:00:00,CELL_009,macro,URLLC,379.06,1.132,0.0315,1,-82.7,-11.96,74.9,16,1
2024-01-03 07:00:00,CELL_009,macro,URLLC,269.64,1.31,0.0328,5,-109.9,-17.34,63.5,13,1
2024-01-03 08:00:00,CELL_009,macro,URLLC,344.81,1.703,0.0193,0,-119.8,-12.45,64.4,9,1
2024-01-03 09:00:00,CELL_009,macro,URLLC,229.99,1.1,0.0111,0,-93.6,-18.61,60.3,17,1
2024-01-03 10:00:00,CELL_009,macro,URLLC,266.36,2.964,0.0121,4,-105.7,-7.3,55.9,11,1
2024-01-03 11:00:00,CELL_009,macro,URLLC,161.63,1.092,0.0294,4,-88.4,-10.5,50.0,14,1
2024-01-03 12:00:00,CELL_009,macro,URLLC,245.27,0.906,0.0136,5,-109.5,-14.22,75.0,16,1
2024-01-03 13:00:00,CELL_009,macro,URLLC,343.67,2.09,0.0475,4,-115.9,-15.24,48.1,19,1
2024-01-03 14:00:00,CELL_009,macro,URLLC,241.07,1.883,0.0214,1,-99.1,-15.5,44.8,19,1
2024-01-03 15:00:00,CELL_009,macro,URLLC,330.4,1.311,0.042,2,-96.6,-10.78,75.3,19,1
2024-01-03 16:00:00,CELL_009,macro,URLLC,267.21,1.614,0.2303,2,-81.4,-14.59,55.3,13,0
2024-01-03 17:00:00,CELL_009,macro,URLLC,253.07,2.375,0.0173,2,-120.0,-14.3,32.2,9,1
2024-01-03 18:00:00,CELL_009,macro,URLLC,209.7,2.102,0.0376,2,-112.2,-13.57,47.4,11,1
2024-01-03 19:00:00,CELL_009,macro,URLLC,133.36,2.207,0.0447,6,-94.0,-10.56,64.5,12,1
2024-01-03 20:00:00,CELL_009,macro,URLLC,224.38,3.162,0.0208,3,-70.0,-11.93,30.5,9,0
2024-01-03 21:00:00,CELL_009,macro,URLLC,212.54,2.111,0.0241,3,-87.5,-10.39,54.7,16,1
2024-01-03 22:00:00,CELL_009,macro,URLLC,371.97,2.225,0.0439,4,-96.7,-13.02,66.3,10,1
2024-01-03 23:00:00,CELL_009,macro,URLLC,263.66,1.777,0.0655,6,-97.6,-3.0,51.3,16,1
2024-01-04 00:00:00,CELL_009,macro,URLLC,217.27,1.416,0.1181,3,-99.5,-13.68,79.6,17,0
2024-01-04 01:00:00,CELL_009,macro,URLLC,383.76,1.625,0.0114,4,-82.2,-12.69,67.4,20,1
2024-01-04 02:00:00,CELL_009,macro,URLLC,340.85,2.168,0.0119,5,-120.0,-16.44,68.4,18,1
2024-01-04 03:00:00,CELL_009,macro,URLLC,424.96,1.327,0.1724,5,-94.2,-15.92,75.5,9,0
2024-01-04 04:00:00,CELL_009,macro,URLLC,350.52,1.206,0.1012,3,-112.2,-12.26,58.6,17,0
2024-01-04 05:00:00,CELL_009,macro,URLLC,159.21,1.926,0.018,2,-106.2,-14.17,43.3,13,1
2024-01-04 06:00:00,CELL_009,macro,URLLC,264.52,1.517,0.0214,4,-120.0,-7.7,63.9,9,1
2024-01-04 07:00:00,CELL_009,macro,URLLC,266.35,1.201,0.0294,2,-83.4,-14.0,56.7,19,1
2024-01-04 08:00:00,CELL_009,macro,URLLC,345.06,1.533,0.0558,4,-72.6,-15.13,64.0,16,1
2024-01-04 09:00:00,CELL_009,macro,URLLC,252.14,1.671,0.0066,3,-120.0,-10.26,51.8,15,1
2024-01-04 10:00:00,CELL_009,macro,URLLC,265.69,2.083,0.1269,5,-120.0,-9.78,65.8,12,0
2024-01-04 11:00:00,CELL_009,macro,URLLC,361.13,0.654,0.0196,1,-114.3,-7.01,92.6,16,1
2024-01-04 12:00:00,CELL_009,macro,URLLC,292.84,1.178,0.0019,7,-80.1,-7.78,56.9,13,1
2024-01-04 13:00:00,CELL_009,macro,URLLC,456.23,1.807,0.1333,2,-90.6,-16.21,69.8,17,0
2024-01-04 14:00:00,CELL_009,macro,URLLC,274.78,1.677,0.0807,1,-70.0,-9.48,65.4,12,1
2024-01-04 15:00:00,CELL_009,macro,URLLC,174.9,2.704,0.0038,2,-84.0,-3.0,54.4,15,1
2024-01-04 16:00:00,CELL_009,macro,URLLC,238.93,2.087,0.0568,3,-97.7,-5.64,66.3,10,1
2024-01-04 17:00:00,CELL_009,macro,URLLC,138.37,1.872,0.0313,6,-90.9,-20.0,44.3,8,1
2024-01-04 18:00:00,CELL_009,macro,URLLC,273.43,1.267,0.0024,2,-110.3,-20.0,48.3,11,1
2024-01-04 19:00:00,CELL_009,macro,URLLC,388.05,1.367,0.0053,1,-70.0,-4.32,71.7,9,1
2024-01-04 20:00:00,CELL_009,macro,URLLC,306.55,2.011,0.0927,3,-103.6,-13.0,55.5,12,1
2024-01-04 21:00:00,CELL_009,macro,URLLC,234.09,1.887,0.0056,3,-81.8,-14.6,45.7,14,1
2024-01-04 22:00:00,CELL_009,macro,URLLC,181.37,0.771,0.0091,2,-82.2,-14.32,79.8,13,1
2024-01-04 23:00:00,CELL_009,macro,URLLC,225.42,2.274,0.012,4,-90.5,-19.43,51.1,6,1
2024-01-05 00:00:00,CELL_009,macro,URLLC,369.82,0.81,0.0461,4,-81.8,-8.45,74.2,17,1
2024-01-05 01:00:00,CELL_009,macro,URLLC,266.04,1.858,0.0946,3,-70.0,-15.8,67.9,17,1
2024-01-05 02:00:00,CELL_009,macro,URLLC,213.66,1.786,0.0033,1,-111.9,-16.02,52.7,6,1
2024-01-05 03:00:00,CELL_009,macro,URLLC,244.24,1.368,0.0288,2,-77.0,-18.09,51.3,7,1
2024-01-05 04:00:00,CELL_009,macro,URLLC,257.47,1.551,0.1044,6,-117.4,-18.68,66.8,18,0
2024-01-05 05:00:00,CELL_009,macro,URLLC,274.54,2.158,0.0305,4,-92.5,-20.0,51.2,11,1
2024-01-05 06:00:00,CELL_009,macro,URLLC,302.41,0.71,0.0146,3,-99.8,-7.56,59.0,15,1
2024-01-05 07:00:00,CELL_009,macro,URLLC,240.14,2.097,0.0091,2,-70.9,-17.28,55.3,10,1
2024-01-05 08:00:00,CELL_009,macro,URLLC,270.13,1.258,0.0669,5,-111.5,-14.46,59.5,20,1
2024-01-05 09:00:00,CELL_009,macro,URLLC,302.36,2.121,0.0881,5,-98.9,-10.04,52.4,19,1
2024-01-05 10:00:00,CELL_009,macro,URLLC,281.78,1.503,0.0233,1,-70.4,-5.39,73.2,15,1
2024-01-05 11:00:00,CELL_009,macro,URLLC,271.02,1.727,0.0101,2,-120.0,-16.49,63.0,11,1
2024-01-05 12:00:00,CELL_009,macro,URLLC,244.1,1.395,0.0445,1,-107.5,-3.0,59.5,7,1
2024-01-05 13:00:00,CELL_009,macro,URLLC,236.32,2.535,0.0298,5,-84.4,-6.32,53.4,10,1
2024-01-05 14:00:00,CELL_009,macro,URLLC,361.6,1.764,0.0009,2,-110.6,-17.11,54.9,12,1
2024-01-05 15:00:00,CELL_009,macro,URLLC,328.94,1.748,0.0285,3,-118.2,-12.89,63.7,13,1
2024-01-05 16:00:00,CELL_009,macro,URLLC,144.98,2.139,0.0237,2,-86.7,-9.72,43.0,4,1
2024-01-05 17:00:00,CELL_009,macro,URLLC,244.18,1.859,0.0098,6,-95.4,-16.84,51.9,17,1
2024-01-05 18:00:00,CELL_009,macro,URLLC,211.94,2.544,0.0627,3,-87.0,-5.95,63.3,7,1
2024-01-05 19:00:00,CELL_009,macro,URLLC,173.01,2.166,0.1261,1,-92.7,-11.12,65.7,6,0
2024-01-05 20:00:00,CELL_009,macro,URLLC,305.18,1.374,0.0034,2,-116.4,-20.0,49.0,9,1
2024-01-05 21:00:00,CELL_009,macro,URLLC,231.48,2.093,0.1074,8,-86.6,-12.41,52.3,10,0
2024-01-05 22:00:00,CELL_009,macro,URLLC,184.0,2.178,0.0002,8,-87.5,-13.09,33.4,12,1
2024-01-05 23:00:00,CELL_009,macro,URLLC,215.79,1.192,0.0694,2,-107.5,-15.65,62.0,16,1
2024-01-06 00:00:00,CELL_009,macro,URLLC,371.8,1.9,0.0084,1,-70.0,-11.99,68.0,10,1
2024-01-06 01:00:00,CELL_009,macro,URLLC,204.88,1.677,0.1659,2,-100.1,-11.16,57.9,16,0
2024-01-06 02:00:00,CELL_009,macro,URLLC,242.22,1.901,0.0314,3,-70.0,-9.77,55.2,10,1
2024-01-06 03:00:00,CELL_009,macro,URLLC,256.06,1.651,0.0482,1,-70.0,-16.62,58.2,15,1
2024-01-06 04:00:00,CELL_009,macro,URLLC,300.64,1.29,0.0633,1,-87.3,-11.48,70.5,13,1
2024-01-06 05:00:00,CELL_009,macro,URLLC,251.98,1.601,0.0418,7,-102.8,-10.09,50.4,14,1
2024-01-06 06:00:00,CELL_009,macro,URLLC,268.47,0.942,0.0613,1,-84.3,-9.5,67.6,17,1
2024-01-06 07:00:00,CELL_009,macro,URLLC,393.65,1.481,0.0757,5,-96.2,-14.65,67.3,14,1
2024-01-06 08:00:00,CELL_009,macro,URLLC,304.74,1.74,0.0086,5,-112.3,-10.7,61.2,17,1
2024-01-06 09:00:00,CELL_009,macro,URLLC,326.32,1.564,0.0578,2,-85.5,-12.79,62.8,9,1
2024-01-06 10:00:00,CELL_009,macro,URLLC,253.43,2.005,0.0305,2,-120.0,-4.14,51.1,20,1
2024-01-06 11:00:00,CELL_009,macro,URLLC,196.13,1.428,0.0636,4,-120.0,-8.88,56.1,16,1
2024-01-06 12:00:00,CELL_009,macro,URLLC,139.95,2.005,0.1014,1,-90.6,-6.59,61.3,4,0
2024-01-06 13:00:00,CELL_009,macro,URLLC,249.96,2.059,0.0341,2,-113.5,-14.55,48.5,15,1
2024-01-06 14:00:00,CELL_009,macro,URLLC,196.77,1.123,0.2348,1,-73.7,-20.0,63.3,16,0
2024-01-06 15:00:00,CELL_009,macro,URLLC,203.56,1.782,0.1437,2,-96.4,-6.37,60.7,13,0
2024-01-06 16:00:00,CELL_009,macro,URLLC,276.58,1.431,0.0262,4,-95.8,-12.3,60.0,19,1
2024-01-06 17:00:00,CELL_009,macro,URLLC,334.0,2.151,0.1901,2,-105.9,-18.98,59.9,10,0
2024-01-06 18:00:00,CELL_009,macro,URLLC,193.41,1.771,0.0083,0,-89.9,-13.24,53.3,15,1
2024-01-06 19:00:00,CELL_009,macro,URLLC,289.95,1.87,0.0083,1,-87.2,-10.21,42.6,7,1
2024-01-06 20:00:00,CELL_009,macro,URLLC,276.07,2.403,0.0114,2,-107.6,-4.41,51.9,12,1
2024-01-06 21:00:00,CELL_009,macro,URLLC,129.07,2.514,0.0128,4,-87.9,-12.2,56.4,15,1
2024-01-06 22:00:00,CELL_009,macro,URLLC,277.06,1.921,0.0115,4,-85.6,-7.02,70.8,8,1
2024-01-06 23:00:00,CELL_009,macro,URLLC,212.56,2.258,0.007,7,-93.6,-13.25,67.2,8,1
2024-01-07 00:00:00,CELL_009,macro,URLLC,183.67,2.438,0.0419,5,-107.6,-8.0,61.8,11,1
2024-01-07 01:00:00,CELL_009,macro,URLLC,289.92,1.876,0.0605,5,-70.0,-18.7,75.9,20,1
2024-01-07 02:00:00,CELL_009,macro,URLLC,263.12,1.533,0.0041,2,-75.0,-16.6,51.1,13,1
2024-01-07 03:00:00,CELL_009,macro,URLLC,199.57,1.812,0.0803,1,-95.1,-5.57,56.9,7,1
2024-01-07 04:00:00,CELL_009,macro,URLLC,284.23,1.916,0.0377,0,-98.8,-7.75,46.0,16,1
2024-01-07 05:00:00,CELL_009,macro,URLLC,280.08,1.906,0.037,2,-89.1,-3.0,64.9,20,1
2024-01-07 06:00:00,CELL_009,macro,URLLC,209.21,1.403,0.022,3,-90.1,-3.0,70.1,12,1
2024-01-07 07:00:00,CELL_009,macro,URLLC,300.27,2.199,0.1018,5,-80.2,-11.88,55.6,13,0
2024-01-07 08:00:00,CELL_009,macro,URLLC,209.4,2.086,0.097,4,-92.9,-13.01,47.4,11,1
2024-01-07 09:00:00,CELL_009,macro,URLLC,146.14,2.695,0.0841,4,-96.9,-14.99,72.7,14,1
2024-01-07 10:00:00,CELL_009,macro,URLLC,306.33,2.01,0.0162,2,-96.3,-14.03,51.4,9,1
2024-01-07 11:00:00,CELL_009,macro,URLLC,291.95,0.749,0.0346,4,-92.9,-10.29,63.5,23,1
2024-01-07 12:00:00,CELL_009,macro,URLLC,307.94,1.251,0.0534,0,-88.8,-7.43,54.4,14,1
2024-01-07 13:00:00,CELL_009,macro,URLLC,124.48,1.674,0.0025,4,-102.4,-3.73,59.9,14,1
2024-01-07 14:00:00,CELL_009,macro,URLLC,300.94,1.916,0.0061,4,-92.7,-3.0,55.2,19,1
2024-01-07 15:00:00,CELL_009,macro,URLLC,363.14,0.993,0.016,2,-95.8,-7.82,75.2,20,1
2024-01-07 16:00:00,CELL_009,macro,URLLC,210.02,2.377,0.0245,4,-71.6,-20.0,49.4,7,1
2024-01-07 17:00:00,CELL_009,macro,URLLC,255.75,2.427,0.0731,1,-99.8,-14.28,56.2,12,1
2024-01-07 18:00:00,CELL_009,macro,URLLC,225.29,1.429,0.0667,2,-115.9,-12.77,65.8,18,1
2024-01-07 19:00:00,CELL_009,macro,URLLC,161.99,1.767,0.0095,2,-114.9,-4.21,68.2,9,1
2024-01-07 20:00:00,CELL_009,macro,URLLC,323.61,1.183,0.0463,4,-109.9,-7.2,65.8,17,1
2024-01-07 21:00:00,CELL_009,macro,URLLC,299.54,1.4,0.078,3,-95.7,-17.6,55.3,10,1
2024-01-07 22:00:00,CELL_009,macro,URLLC,223.69,1.889,0.0137,3,-80.8,-10.2,53.7,13,1
2024-01-07 23:00:00,CELL_009,macro,URLLC,286.13,2.026,0.0019,2,-88.5,-10.17,55.3,8,1
2024-01-08 00:00:00,CELL_009,macro,URLLC,427.27,1.063,0.0537,1,-107.1,-15.57,78.5,11,1
2024-01-08 01:00:00,CELL_009,macro,URLLC,205.23,2.205,0.0502,3,-100.9,-16.55,50.8,12,1
2024-01-08 02:00:00,CELL_009,macro,URLLC,150.17,0.814,0.0684,3,-87.6,-11.04,42.6,9,1
2024-01-08 03:00:00,CELL_009,macro,URLLC,315.33,1.875,0.0027,3,-76.7,-20.0,43.7,9,1
2024-01-08 04:00:00,CELL_009,macro,URLLC,160.91,1.627,0.1722,2,-106.0,-7.43,50.5,13,0
2024-01-08 05:00:00,CELL_009,macro,URLLC,257.85,1.568,0.0898,3,-86.9,-10.73,55.7,13,1
2024-01-08 06:00:00,CELL_009,macro,URLLC,272.97,2.111,0.0084,3,-98.4,-12.61,61.4,11,1
2024-01-08 07:00:00,CELL_009,macro,URLLC,283.93,1.926,0.0343,4,-103.2,-9.58,68.3,8,1
2024-01-08 08:00:00,CELL_009,macro,URLLC,216.93,2.766,0.0427,3,-93.9,-9.77,60.1,16,1
2024-01-08 09:00:00,CELL_009,macro,URLLC,248.62,1.112,0.0122,2,-120.0,-11.98,76.0,16,1
2024-01-08 10:00:00,CELL_009,macro,URLLC,202.53,1.376,0.1637,2,-94.7,-11.17,65.3,17,0
2024-01-08 11:00:00,CELL_009,macro,URLLC,387.65,0.673,0.0001,4,-120.0,-14.67,68.0,17,1
2024-01-08 12:00:00,CELL_009,macro,URLLC,259.26,1.67,0.0142,4,-113.2,-7.41,52.7,16,1
2024-01-08 13:00:00,CELL_009,macro,URLLC,311.63,1.75,0.0102,3,-79.0,-11.73,41.9,14,1
2024-01-08 14:00:00,CELL_009,macro,URLLC,348.95,1.629,0.0269,3,-70.3,-13.85,73.3,14,1
2024-01-08 15:00:00,CELL_009,macro,URLLC,412.73,1.34,0.0136,3,-70.0,-3.02,40.9,9,1
2024-01-08 16:00:00,CELL_009,macro,URLLC,188.92,1.624,0.005,2,-88.7,-6.3,55.5,15,1
2024-01-08 17:00:00,CELL_009,macro,URLLC,242.45,2.092,0.073,1,-89.2,-11.53,35.9,20,1
2024-01-08 18:00:00,CELL_009,macro,URLLC,137.47,1.988,0.0469,3,-83.0,-10.65,60.2,12,1
2024-01-08 19:00:00,CELL_009,macro,URLLC,232.58,1.976,0.0021,5,-101.3,-12.08,53.2,13,1
2024-01-08 20:00:00,CELL_009,macro,URLLC,257.47,1.638,0.1022,2,-115.9,-15.91,43.9,13,0
2024-01-08 21:00:00,CELL_009,macro,URLLC,303.73,1.208,0.2958,4,-80.9,-10.05,52.4,20,0
2024-01-08 22:00:00,CELL_009,macro,URLLC,282.82,2.473,0.051,8,-70.0,-10.36,67.9,14,1
2024-01-08 23:00:00,CELL_009,macro,URLLC,284.37,2.337,0.0308,1,-86.4,-9.8,43.9,12,1
2024-01-09 00:00:00,CELL_009,macro,URLLC,340.87,0.962,0.0375,3,-110.4,-15.67,55.7,12,1
2024-01-09 01:00:00,CELL_009,macro,URLLC,188.09,1.825,0.031,1,-116.5,-20.0,60.3,10,1
2024-01-09 02:00:00,CELL_009,macro,URLLC,109.32,2.379,0.0146,4,-109.3,-15.26,35.2,9,1
2024-01-09 03:00:00,CELL_009,macro,URLLC,396.27,1.708,0.018,0,-102.0,-11.85,58.8,19,1
2024-01-09 04:00:00,CELL_009,macro,URLLC,260.02,2.279,0.0018,1,-85.5,-3.0,44.6,10,1
2024-01-09 05:00:00,CELL_009,macro,URLLC,279.63,1.544,0.0105,1,-104.4,-15.97,67.5,14,1
2024-01-09 06:00:00,CELL_009,macro,URLLC,276.55,1.845,0.0215,4,-92.8,-16.05,57.2,13,1
2024-01-09 07:00:00,CELL_009,macro,URLLC,359.01,1.49,0.0068,4,-105.3,-9.93,54.8,12,1
2024-01-09 08:00:00,CELL_009,macro,URLLC,392.55,1.321,0.0384,2,-81.3,-13.7,51.9,9,1
2024-01-09 09:00:00,CELL_009,macro,URLLC,265.2,1.381,0.0622,2,-102.8,-17.02,48.2,13,1
2024-01-09 10:00:00,CELL_009,macro,URLLC,266.24,1.954,0.025,2,-70.0,-3.76,43.5,21,1
2024-01-09 11:00:00,CELL_009,macro,URLLC,171.62,1.552,0.0129,2,-87.2,-14.53,63.6,7,1
2024-01-09 12:00:00,CELL_009,macro,URLLC,257.47,1.792,0.0083,2,-111.0,-9.84,49.5,9,1
2024-01-09 13:00:00,CELL_009,macro,URLLC,313.45,1.024,0.0721,5,-75.4,-9.94,60.7,20,1
2024-01-09 14:00:00,CELL_009,macro,URLLC,289.02,1.369,0.1396,7,-81.1,-3.0,51.0,8,0
2024-01-09 15:00:00,CELL_009,macro,URLLC,393.09,1.369,0.0953,3,-99.4,-14.02,53.0,8,1
2024-01-09 16:00:00,CELL_009,macro,URLLC,272.04,1.004,0.0095,6,-85.5,-4.01,58.3,11,1
2024-01-09 17:00:00,CELL_009,macro,URLLC,217.67,2.483,0.0023,3,-97.7,-10.79,53.2,16,1
2024-01-09 18:00:00,CELL_009,macro,URLLC,168.32,2.438,0.0612,3,-92.0,-11.18,58.9,9,1
2024-01-09 19:00:00,CELL_009,macro,URLLC,199.18,1.097,0.02,3,-120.0,-15.21,43.4,13,1
2024-01-09 20:00:00,CELL_009,macro,URLLC,188.04,2.259,0.0082,4,-111.4,-15.13,44.4,11,1
2024-01-09 21:00:00,CELL_009,macro,URLLC,267.58,1.246,0.006,0,-106.9,-5.74,54.8,12,1
2024-01-09 22:00:00,CELL_009,macro,URLLC,304.6,1.813,0.0048,5,-70.0,-12.11,52.0,14,1
2024-01-09 23:00:00,CELL_009,macro,URLLC,275.09,0.382,0.0074,1,-106.8,-3.35,65.6,14,1
2024-01-10 00:00:00,CELL_009,macro,URLLC,293.16,2.073,0.0068,2,-113.1,-4.12,62.6,7,1
2024-01-10 01:00:00,CELL_009,macro,URLLC,321.37,1.629,0.0805,4,-101.9,-13.55,62.9,11,1
2024-01-10 02:00:00,CELL_009,macro,URLLC,305.3,1.282,0.1225,3,-120.0,-15.26,71.4,17,0
2024-01-10 03:00:00,CELL_009,macro,URLLC,251.33,1.349,0.1398,3,-98.3,-16.84,56.6,12,0
2024-01-10 04:00:00,CELL_009,macro,URLLC,375.27,1.599,0.0156,2,-119.8,-12.89,65.7,16,1
2024-01-10 05:00:00,CELL_009,macro,URLLC,297.8,0.75,0.0027,2,-99.2,-10.3,67.4,12,1
2024-01-10 06:00:00,CELL_009,macro,URLLC,306.99,1.941,0.0057,3,-95.7,-7.79,71.7,11,1
2024-01-10 07:00:00,CELL_009,macro,URLLC,340.23,1.738,0.0188,4,-94.8,-7.37,65.2,17,1
2024-01-10 08:00:00,CELL_009,macro,URLLC,256.22,1.187,0.0496,3,-114.2,-13.46,59.1,11,1
2024-01-10 09:00:00,CELL_009,macro,URLLC,209.17,1.684,0.02,4,-89.3,-5.24,54.9,11,1
2024-01-10 10:00:00,CELL_009,macro,URLLC,208.73,2.248,0.0304,2,-81.0,-12.73,78.3,10,1
2024-01-10 11:00:00,CELL_009,macro,URLLC,170.97,1.089,0.0089,1,-96.7,-9.4,51.3,14,1
2024-01-10 12:00:00,CELL_009,macro,URLLC,352.16,1.686,0.0914,2,-80.0,-18.08,58.9,17,1
2024-01-10 13:00:00,CELL_009,macro,URLLC,160.17,1.83,0.0482,2,-86.1,-7.28,69.2,20,1
2024-01-10 14:00:00,CELL_009,macro,URLLC,302.03,1.521,0.0096,1,-74.5,-9.79,43.9,6,1
2024-01-10 15:00:00,CELL_009,macro,URLLC,128.08,2.753,0.1759,3,-91.3,-8.33,43.6,3,0
2024-01-10 16:00:00,CELL_009,macro,URLLC,237.27,2.537,0.054,4,-86.6,-18.32,56.9,16,1
2024-01-10 17:00:00,CELL_009,macro,URLLC,279.72,2.156,0.0428,7,-70.0,-10.36,49.5,11,1
2024-01-10 18:00:00,CELL_009,macro,URLLC,182.99,1.403,0.0068,4,-77.5,-10.96,64.1,18,1
2024-01-10 19:00:00,CELL_009,macro,URLLC,241.82,1.986,0.0327,6,-79.9,-9.95,56.2,17,1
2024-01-10 20:00:00,CELL_009,macro,URLLC,230.4,1.923,0.0334,5,-107.7,-16.46,54.1,14,1
2024-01-10 21:00:00,CELL_009,macro,URLLC,213.87,1.643,0.0306,7,-103.8,-15.32,71.4,11,1
2024-01-10 22:00:00,CELL_009,macro,URLLC,145.42,2.24,0.0235,4,-95.6,-10.82,54.0,6,1
2024-01-10 23:00:00,CELL_009,macro,URLLC,251.65,1.288,0.0943,6,-120.0,-15.43,50.4,15,1
2024-01-11 00:00:00,CELL_009,macro,URLLC,283.87,1.231,0.0,3,-91.4,-9.53,59.0,16,1
2024-01-11 01:00:00,CELL_009,macro,URLLC,211.47,2.035,0.0031,3,-71.2,-15.47,52.1,15,1
2024-01-11 02:00:00,CELL_009,macro,URLLC,193.47,1.885,0.0336,4,-88.7,-16.51,67.0,27,1
2024-01-11 03:00:00,CELL_009,macro,URLLC,371.03,0.956,0.087,6,-90.5,-14.16,66.7,26,1
2024-01-11 04:00:00,CELL_009,macro,URLLC,270.83,1.48,0.0666,4,-113.7,-17.32,63.6,14,1
2024-01-11 05:00:00,CELL_009,macro,URLLC,172.83,1.009,0.0016,4,-99.9,-9.88,50.4,16,1
2024-01-11 06:00:00,CELL_009,macro,URLLC,351.11,1.932,0.014,4,-102.9,-17.83,54.2,9,1
2024-01-11 07:00:00,CELL_009,macro,URLLC,347.37,2.323,0.0249,1,-120.0,-4.54,51.4,17,1
2024-01-11 08:00:00,CELL_009,macro,URLLC,351.17,2.139,0.0113,5,-98.5,-3.5,64.2,12,1
2024-01-11 09:00:00,CELL_009,macro,URLLC,257.67,2.187,0.0348,3,-118.9,-17.72,63.0,14,1
2024-01-01 00:00:00,CELL_010,macro,URLLC,323.34,1.773,0.0256,3,-86.7,-11.43,64.3,10,1
2024-01-01 01:00:00,CELL_010,macro,URLLC,280.85,1.523,0.0029,2,-97.3,-11.12,54.7,7,1
2024-01-01 02:00:00,CELL_010,macro,URLLC,235.95,2.794,0.0073,5,-93.8,-7.7,52.5,15,1
2024-01-01 03:00:00,CELL_010,macro,URLLC,315.84,2.267,0.0154,7,-89.2,-14.74,54.1,11,1
2024-01-01 04:00:00,CELL_010,macro,URLLC,221.33,2.449,0.0037,0,-103.4,-13.75,56.4,14,1
2024-01-01 05:00:00,CELL_010,macro,URLLC,322.78,2.01,0.0792,2,-112.5,-13.88,45.7,10,1
2024-01-01 06:00:00,CELL_010,macro,URLLC,159.08,2.501,0.0489,0,-118.9,-10.63,48.2,6,1
2024-01-01 07:00:00,CELL_010,macro,URLLC,201.17,1.66,0.0024,0,-111.0,-8.94,57.9,9,1
2024-01-01 08:00:00,CELL_010,macro,URLLC,159.35,1.998,0.0529,1,-119.6,-12.96,58.9,11,1
2024-01-01 09:00:00,CELL_010,macro,URLLC,126.0,1.918,0.0154,5,-96.7,-8.41,60.0,11,1
2024-01-01 10:00:00,CELL_010,macro,URLLC,129.39,2.248,0.0508,6,-87.9,-11.89,26.8,15,1
2024-01-01 11:00:00,CELL_010,macro,URLLC,325.46,2.067,0.0266,5,-95.0,-13.9,59.0,14,1
2024-01-01 12:00:00,CELL_010,macro,URLLC,356.75,1.894,0.0463,3,-87.7,-4.35,52.1,7,1
2024-01-01 13:00:00,CELL_010,macro,URLLC,294.18,0.794,0.0148,2,-109.5,-9.27,54.3,8,1
2024-01-01 14:00:00,CELL_010,macro,URLLC,175.57,1.907,0.0174,3,-87.8,-20.0,60.2,8,1
2024-01-01 15:00:00,CELL_010,macro,URLLC,321.36,0.979,0.1251,4,-78.6,-6.09,55.8,13,0
2024-01-01 16:00:00,CELL_010,macro,URLLC,306.68,2.063,0.0774,2,-81.8,-12.53,62.4,8,1
2024-01-01 17:00:00,CELL_010,macro,URLLC,309.3,1.416,0.0223,3,-118.8,-18.32,59.9,12,1
2024-01-01 18:00:00,CELL_010,macro,URLLC,292.47,2.078,0.1564,2,-115.9,-8.14,56.7,16,0
2024-01-01 19:00:00,CELL_010,macro,URLLC,224.36,1.885,0.0655,1,-97.0,-12.76,49.4,8,1
2024-01-01 20:00:00,CELL_010,macro,URLLC,184.78,1.873,0.1696,2,-76.5,-4.77,40.3,15,0
2024-01-01 21:00:00,CELL_010,macro,URLLC,215.06,1.71,0.015,7,-92.2,-16.2,49.2,12,1
2024-01-01 22:00:00,CELL_010,macro,URLLC,141.85,2.094,0.051,3,-89.9,-18.6,47.8,6,1
2024-01-01 23:00:00,CELL_010,macro,URLLC,235.54,1.687,0.1088,1,-120.0,-4.72,27.4,8,0
2024-01-02 00:00:00,CELL_010,macro,URLLC,309.95,1.87,0.0403,3,-89.6,-12.13,66.8,17,1
2024-01-02 01:00:00,CELL_010,macro,URLLC,93.38,1.047,0.0169,4,-106.5,-13.29,60.4,15,0
2024-01-02 02:00:00,CELL_010,macro,URLLC,342.45,1.673,0.0451,4,-91.8,-9.39,57.7,11,1
2024-01-02 03:00:00,CELL_010,macro,URLLC,190.48,2.448,0.0045,4,-96.2,-11.76,44.2,12,1
2024-01-02 04:00:00,CELL_010,macro,URLLC,193.28,1.543,0.0334,3,-82.9,-3.0,67.0,10,1
2024-01-02 05:00:00,CELL_010,macro,URLLC,263.88,1.829,0.162,3,-106.7,-17.9,67.1,7,0
2024-01-02 06:00:00,CELL_010,macro,URLLC,231.98,2.318,0.0367,3,-70.0,-15.11,46.8,15,1
2024-01-02 07:00:00,CELL_010,macro,URLLC,263.07,2.174,0.0342,3,-83.3,-12.82,58.2,10,1
2024-01-02 08:00:00,CELL_010,macro,URLLC,242.33,1.99,0.0097,3,-109.3,-15.68,49.4,13,1
2024-01-02 09:00:00,CELL_010,macro,URLLC,216.7,0.94,0.2599,3,-103.9,-9.75,62.9,11,0
2024-01-02 10:00:00,CELL_010,macro,URLLC,344.01,0.903,0.0632,4,-92.5,-3.0,50.4,15,1
2024-01-02 11:00:00,CELL_010,macro,URLLC,193.1,1.715,0.0738,3,-88.4,-17.88,59.7,7,1
2024-01-02 12:00:00,CELL_010,macro,URLLC,206.4,2.084,0.1135,2,-96.1,-3.0,47.7,14,0
2024-01-02 13:00:00,CELL_010,macro,URLLC,305.98,2.211,0.1921,3,-101.9,-6.05,54.6,14,0
2024-01-02 14:00:00,CELL_010,macro,URLLC,199.07,2.514,0.0356,3,-99.4,-9.72,35.0,4,1
2024-01-02 15:00:00,CELL_010,macro,URLLC,288.63,2.093,0.2979,2,-70.0,-11.85,63.8,10,0
2024-01-02 16:00:00,CELL_010,macro,URLLC,225.52,0.998,0.3119,1,-103.7,-17.84,70.1,13,0
2024-01-02 17:00:00,CELL_010,macro,URLLC,199.15,1.786,0.0041,7,-88.1,-9.16,56.1,11,1
2024-01-02 18:00:00,CELL_010,macro,URLLC,172.85,2.179,0.0276,6,-91.5,-11.03,51.1,6,1
2024-01-02 19:00:00,CELL_010,macro,URLLC,206.17,2.032,0.0101,4,-97.4,-14.72,56.8,10,1
2024-01-02 20:00:00,CELL_010,macro,URLLC,201.53,2.482,0.0341,1,-90.6,-6.27,28.3,5,1
2024-01-02 21:00:00,CELL_010,macro,URLLC,278.34,1.678,0.0534,1,-101.6,-15.58,62.4,17,1
2024-01-02 22:00:00,CELL_010,macro,URLLC,252.79,1.84,0.0076,2,-71.5,-7.58,53.0,11,1
2024-01-02 23:00:00,CELL_010,macro,URLLC,253.48,2.376,0.0929,6,-100.9,-17.08,42.1,11,1
2024-01-03 00:00:00,CELL_010,macro,URLLC,165.78,1.96,0.1387,4,-107.8,-9.95,63.4,20,0
2024-01-03 01:00:00,CELL_010,macro,URLLC,182.7,1.862,0.0345,2,-87.2,-5.34,67.4,13,1
2024-01-03 02:00:00,CELL_010,macro,URLLC,212.06,1.139,0.0711,3,-113.7,-8.23,42.0,10,1
2024-01-03 03:00:00,CELL_010,macro,URLLC,271.28,1.584,0.0236,3,-85.0,-12.26,46.0,13,1
2024-01-03 04:00:00,CELL_010,macro,URLLC,322.9,1.22,0.1739,1,-90.9,-9.58,79.9,17,0
2024-01-03 05:00:00,CELL_010,macro,URLLC,225.23,2.029,0.0732,2,-102.5,-14.43,65.8,13,1
2024-01-03 06:00:00,CELL_010,macro,URLLC,130.11,2.875,0.0099,2,-98.1,-18.91,52.4,11,1
2024-01-03 07:00:00,CELL_010,macro,URLLC,195.88,2.113,0.0475,5,-109.9,-15.57,48.8,10,1
2024-01-03 08:00:00,CELL_010,macro,URLLC,362.46,1.017,0.0562,3,-89.9,-6.89,56.2,14,1
2024-01-03 09:00:00,CELL_010,macro,URLLC,199.16,1.899,0.0138,3,-75.0,-11.21,56.4,15,1
2024-01-03 10:00:00,CELL_010,macro,URLLC,190.9,1.373,0.0397,0,-104.4,-8.24,48.3,14,1
2024-01-03 11:00:00,CELL_010,macro,URLLC,240.59,1.342,0.053,4,-120.0,-18.84,40.9,8,1
2024-01-03 12:00:00,CELL_010,macro,URLLC,296.93,1.533,0.0474,2,-86.2,-9.9,49.1,16,1
2024-01-03 13:00:00,CELL_010,macro,URLLC,206.28,1.193,0.0273,2,-120.0,-15.59,69.2,13,1
2024-01-03 14:00:00,CELL_010,macro,URLLC,215.33,1.68,0.0231,3,-104.7,-5.29,53.7,12,1
2024-01-03 15:00:00,CELL_010,macro,URLLC,285.74,1.995,0.1127,5,-120.0,-11.59,42.3,10,0
2024-01-03 16:00:00,CELL_010,macro,URLLC,287.32,2.696,0.2455,3,-91.3,-14.34,32.1,12,0
2024-01-03 17:00:00,CELL_010,macro,URLLC,178.66,1.885,0.0337,7,-70.0,-10.24,52.8,14,1
2024-01-03 18:00:00,CELL_010,macro,URLLC,101.11,2.738,0.0335,1,-96.9,-6.52,34.7,12,1
2024-01-03 19:00:00,CELL_010,macro,URLLC,285.33,1.401,0.0449,3,-99.7,-14.59,64.7,7,1
2024-01-03 20:00:00,CELL_010,macro,URLLC,252.85,2.477,0.019,3,-105.7,-18.08,35.1,5,1
2024-01-03 21:00:00,CELL_010,macro,URLLC,232.74,2.652,0.0163,4,-107.2,-20.0,45.6,9,1
2024-01-03 22:00:00,CELL_010,macro,URLLC,229.26,1.391,0.0114,1,-94.4,-13.52,50.3,15,1
2024-01-03 23:00:00,CELL_010,macro,URLLC,335.71,1.586,0.0746,3,-83.2,-11.85,59.9,13,1
2024-01-04 00:00:00,CELL_010,macro,URLLC,319.83,1.885,0.0028,8,-119.6,-7.81,61.3,7,1
2024-01-04 01:00:00,CELL_010,macro,URLLC,231.63,1.643,0.0707,3,-99.3,-3.0,35.8,10,1
2024-01-04 02:00:00,CELL_010,macro,URLLC,237.56,2.264,0.0421,3,-93.8,-20.0,45.3,13,1
2024-01-04 03:00:00,CELL_010,macro,URLLC,369.31,1.458,0.0857,4,-82.6,-9.0,60.8,11,1
2024-01-04 04:00:00,CELL_010,macro,URLLC,210.91,2.498,0.0056,3,-118.0,-12.04,34.1,18,1
2024-01-04 05:00:00,CELL_010,macro,URLLC,283.42,1.098,0.1507,1,-85.0,-8.07,78.4,22,0
2024-01-04 06:00:00,CELL_010,macro,URLLC,262.1,2.233,0.065,3,-116.4,-6.55,56.7,10,1
2024-01-04 07:00:00,CELL_010,macro,URLLC,347.93,1.328,0.0008,3,-83.0,-9.25,73.7,17,1
2024-01-04 08:00:00,CELL_010,macro,URLLC,239.12,2.326,0.0245,3,-106.1,-4.92,50.4,9,1
2024-01-04 09:00:00,CELL_010,macro,URLLC,237.15,0.994,0.0134,3,-73.1,-9.31,66.8,11,1
2024-01-04 10:00:00,CELL_010,macro,URLLC,279.54,1.151,0.021,3,-112.3,-15.07,80.4,9,1
2024-01-04 11:00:00,CELL_010,macro,URLLC,256.73,1.887,0.0573,5,-114.7,-11.26,67.0,14,1
2024-01-04 12:00:00,CELL_010,macro,URLLC,308.49,1.597,0.0172,3,-96.7,-14.15,53.2,12,1
2024-01-04 13:00:00,CELL_010,macro,URLLC,214.05,1.587,0.0336,2,-109.8,-12.47,54.8,14,1
2024-01-04 14:00:00,CELL_010,macro,URLLC,147.0,2.821,0.0565,3,-88.9,-9.54,43.3,7,1
2024-01-04 15:00:00,CELL_010,macro,URLLC,251.48,3.45,0.0603,0,-101.7,-7.18,45.3,7,0
2024-01-04 16:00:00,CELL_010,macro,URLLC,206.13,2.324,0.0394,1,-92.1,-17.56,35.8,14,1
2024-01-04 17:00:00,CELL_010,macro,URLLC,201.76,1.99,0.0881,5,-77.0,-17.41,46.1,15,1
2024-01-04 18:00:00,CELL_010,macro,URLLC,273.94,2.434,0.0064,2,-105.2,-8.46,38.2,8,1
2024-01-04 19:00:00,CELL_010,macro,URLLC,184.68,2.662,0.1602,2,-89.4,-16.06,47.6,4,0
2024-01-04 20:00:00,CELL_010,macro,URLLC,316.42,1.434,0.0547,4,-115.3,-15.37,51.8,20,1
2024-01-04 21:00:00,CELL_010,macro,URLLC,34.37,2.985,0.0218,1,-86.0,-11.37,50.8,12,0
2024-01-04 22:00:00,CELL_010,macro,URLLC,329.61,1.706,0.077,4,-99.3,-10.66,59.8,7,1
2024-01-04 23:00:00,CELL_010,macro,URLLC,255.29,1.988,0.0302,1,-83.1,-6.83,55.1,15,1
2024-01-05 00:00:00,CELL_010,macro,URLLC,255.08,1.638,0.0482,0,-92.4,-9.3,45.8,16,1
2024-01-05 01:00:00,CELL_010,macro,URLLC,251.26,0.886,0.0428,3,-104.2,-8.33,64.4,9,1
2024-01-05 02:00:00,CELL_010,macro,URLLC,310.26,1.902,0.0597,1,-89.0,-14.15,55.5,15,1
2024-01-05 03:00:00,CELL_010,macro,URLLC,334.0,0.924,0.0108,3,-108.6,-11.83,60.2,10,1
2024-01-05 04:00:00,CELL_010,macro,URLLC,224.31,2.044,0.0625,4,-98.0,-14.51,44.9,10,1
2024-01-05 05:00:00,CELL_010,macro,URLLC,342.78,1.858,0.09,3,-101.2,-11.85,67.8,10,1
2024-01-05 06:00:00,CELL_010,macro,URLLC,233.86,1.631,0.0031,4,-88.7,-13.11,56.1,14,1
2024-01-05 07:00:00,CELL_010,macro,URLLC,244.08,2.031,0.1088,1,-109.6,-8.88,66.2,12,0
2024-01-05 08:00:00,CELL_010,macro,URLLC,97.81,1.862,0.0043,5,-88.8,-13.32,50.6,12,0
2024-01-05 09:00:00,CELL_010,macro,URLLC,344.05,1.493,0.0014,2,-70.1,-9.69,58.6,11,1
2024-01-05 10:00:00,CELL_010,macro,URLLC,416.18,0.826,0.0085,5,-95.8,-13.69,57.1,11,1
2024-01-05 11:00:00,CELL_010,macro,URLLC,236.02,1.911,0.0052,4,-100.3,-10.96,57.1,7,1
2024-01-05 12:00:00,CELL_010,macro,URLLC,266.69,1.274,0.036,3,-100.2,-11.79,60.0,13,1
2024-01-05 13:00:00,CELL_010,macro,URLLC,313.43,1.854,0.0012,4,-115.0,-11.68,41.7,14,1
2024-01-05 14:00:00,CELL_010,macro,URLLC,252.11,1.827,0.0157,5,-95.4,-8.55,49.5,9,1
2024-01-05 15:00:00,CELL_010,macro,URLLC,190.96,1.979,0.0774,7,-110.5,-9.2,52.8,8,1
2024-01-05 16:00:00,CELL_010,macro,URLLC,241.29,2.21,0.0251,3,-91.0,-11.98,64.6,14,1
2024-01-05 17:00:00,CELL_010,macro,URLLC,246.21,1.66,0.0114,4,-88.7,-5.3,40.2,8,1
2024-01-05 18:00:00,CELL_010,macro,URLLC,170.38,2.151,0.0196,3,-103.8,-8.01,53.0,8,1
2024-01-05 19:00:00,CELL_010,macro,URLLC,337.61,2.188,0.033,2,-84.9,-15.44,43.6,6,1
2024-01-05 20:00:00,CELL_010,macro,URLLC,180.43,1.599,0.0377,2,-79.2,-12.23,34.4,8,1
2024-01-05 21:00:00,CELL_010,macro,URLLC,255.21,2.646,0.0479,2,-78.2,-10.82,52.2,13,1
2024-01-05 22:00:00,CELL_010,macro,URLLC,404.07,1.616,0.0458,4,-110.6,-12.42,61.0,17,1
2024-01-05 23:00:00,CELL_010,macro,URLLC,164.98,1.731,0.0151,2,-81.9,-5.04,38.1,9,1
2024-01-06 00:00:00,CELL_010,macro,URLLC,158.06,2.053,0.0395,2,-70.0,-10.49,40.9,11,1
2024-01-06 01:00:00,CELL_010,macro,URLLC,285.79,2.128,0.004,3,-79.5,-6.28,59.4,12,1
2024-01-06 02:00:00,CELL_010,macro,URLLC,259.74,2.362,0.1003,3,-120.0,-11.11,63.5,11,0
2024-01-06 03:00:00,CELL_010,macro,URLLC,170.71,1.041,0.2007,1,-120.0,-9.97,55.9,13,0
2024-01-06 04:00:00,CELL_010,macro,URLLC,279.5,2.16,0.0253,3,-91.9,-6.89,46.9,15,1
2024-01-06 05:00:00,CELL_010,macro,URLLC,210.63,1.726,0.0956,1,-78.6,-10.09,56.1,13,1
2024-01-06 06:00:00,CELL_010,macro,URLLC,271.74,1.946,0.0039,2,-86.1,-15.95,54.4,3,1
2024-01-06 07:00:00,CELL_010,macro,URLLC,308.15,1.358,0.0127,6,-86.3,-3.23,70.1,9,1
2024-01-06 08:00:00,CELL_010,macro,URLLC,211.1,1.968,0.0094,3,-100.5,-10.82,61.8,18,1
2024-01-06 09:00:00,CELL_010,macro,URLLC,203.44,2.022,0.0607,4,-84.6,-15.64,58.1,16,1
2024-01-06 10:00:00,CELL_010,macro,URLLC,170.18,1.69,0.1082,2,-105.4,-10.04,49.4,16,0
2024-01-06 11:00:00,CELL_010,macro,URLLC,267.01,1.859,0.0036,2,-90.7,-16.38,61.2,13,1
2024-01-06 12:00:00,CELL_010,macro,URLLC,268.12,1.152,0.0405,0,-70.0,-11.95,64.6,18,1
2024-01-06 13:00:00,CELL_010,macro,URLLC,255.69,1.375,0.0068,3,-96.3,-15.1,50.9,6,1
2024-01-06 14:00:00,CELL_010,macro,URLLC,229.04,2.058,0.0059,4,-96.6,-17.04,50.5,11,1
2024-01-06 15:00:00,CELL_010,macro,URLLC,237.19,1.758,0.1046,4,-91.7,-13.21,50.7,10,0
2024-01-06 16:00:00,CELL_010,macro,URLLC,233.44,1.58,0.0062,1,-97.5,-8.57,49.8,7,1
2024-01-06 17:00:00,CELL_010,macro,URLLC,133.18,1.616,0.129,2,-109.2,-8.41,50.9,6,0
2024-01-06 18:00:00,CELL_010,macro,URLLC,194.0,1.915,0.1035,1,-105.6,-16.44,45.3,13,0
2024-01-06 19:00:00,CELL_010,macro,URLLC,158.74,2.442,0.0482,2,-107.0,-13.85,37.8,8,1
2024-01-06 20:00:00,CELL_010,macro,URLLC,168.28,1.837,0.0204,7,-117.7,-9.11,49.8,16,1
2024-01-06 21:00:00,CELL_010,macro,URLLC,294.76,1.474,0.02,1,-94.8,-8.93,44.0,11,1
2024-01-06 22:00:00,CELL_010,macro,URLLC,157.47,3.077,0.0401,4,-77.0,-17.16,41.6,10,0
2024-01-06 23:00:00,CELL_010,macro,URLLC,313.28,2.176,0.221,3,-70.0,-11.92,54.7,7,0
2024-01-07 00:00:00,CELL_010,macro,URLLC,167.97,1.405,0.0961,7,-105.2,-3.0,47.3,10,1
2024-01-07 01:00:00,CELL_010,macro,URLLC,263.75,2.118,0.0396,4,-93.1,-9.11,50.8,11,1
2024-01-07 02:00:00,CELL_010,macro,URLLC,255.6,1.418,0.008,1,-86.4,-20.0,46.8,13,1
2024-01-07 03:00:00,CELL_010,macro,URLLC,292.67,1.743,0.0097,3,-106.0,-5.51,52.2,11,1
2024-01-07 04:00:00,CELL_010,macro,URLLC,108.3,1.849,0.0348,5,-70.0,-15.74,57.4,13,1
2024-01-07 05:00:00,CELL_010,macro,URLLC,230.23,1.919,0.011,3,-119.8,-16.96,57.5,13,1
2024-01-07 06:00:00,CELL_010,macro,URLLC,206.72,1.859,0.0585,2,-81.3,-13.28,43.0,12,1
2024-01-07 07:00:00,CELL_010,macro,URLLC,270.36,1.53,0.0779,2,-91.7,-9.83,55.0,17,1
2024-01-07 08:00:00,CELL_010,macro,URLLC,285.65,2.15,0.0072,5,-107.8,-4.68,59.1,12,1
2024-01-07 09:00:00,CELL_010,macro,URLLC,325.53,1.297,0.0202,5,-70.0,-12.94,52.7,12,1
2024-01-07 10:00:00,CELL_010,macro,URLLC,278.7,2.13,0.1243,1,-99.1,-18.6,55.8,18,0
2024-01-07 11:00:00,CELL_010,macro,URLLC,296.63,1.555,0.094,6,-94.9,-9.58,71.0,15,1
2024-01-07 12:00:00,CELL_010,macro,URLLC,236.75,2.15,0.0402,4,-71.1,-5.02,53.0,17,1
2024-01-07 13:00:00,CELL_010,macro,URLLC,179.55,2.15,0.0836,2,-96.6,-3.0,50.6,14,1
2024-01-07 14:00:00,CELL_010,macro,URLLC,209.14,1.823,0.0373,1,-105.5,-5.62,22.5,8,1
2024-01-07 15:00:00,CELL_010,macro,URLLC,188.63,2.623,0.0273,1,-94.2,-10.8,33.0,6,1
2024-01-07 16:00:00,CELL_010,macro,URLLC,182.36,2.084,0.0492,4,-82.6,-5.41,36.5,7,1
2024-01-07 17:00:00,CELL_010,macro,URLLC,247.3,1.321,0.0215,3,-105.2,-13.88,42.4,12,1
2024-01-07 18:00:00,CELL_010,macro,URLLC,217.71,2.054,0.032,2,-96.8,-12.89,52.6,13,1
2024-01-07 19:00:00,CELL_010,macro,URLLC,164.49,2.837,0.0208,2,-86.3,-15.45,28.6,7,1
2024-01-07 20:00:00,CELL_010,macro,URLLC,221.48,2.34,0.1058,3,-97.4,-12.94,40.9,10,0
2024-01-07 21:00:00,CELL_010,macro,URLLC,144.9,2.779,0.0133,0,-96.7,-11.65,40.8,11,1
2024-01-07 22:00:00,CELL_010,macro,URLLC,211.59,1.237,0.0763,1,-109.5,-10.5,54.8,18,1
2024-01-07 23:00:00,CELL_010,macro,URLLC,229.46,1.591,0.0028,2,-91.9,-18.99,42.0,9,1
2024-01-08 00:00:00,CELL_010,macro,URLLC,222.04,2.219,0.0201,0,-85.7,-6.38,50.3,15,1
2024-01-08 01:00:00,CELL_010,macro,URLLC,126.42,1.664,0.1252,3,-95.3,-8.33,53.0,9,0
2024-01-08 02:00:00,CELL_010,macro,URLLC,234.79,0.856,0.0031,1,-85.8,-12.86,66.1,20,1
2024-01-08 03:00:00,CELL_010,macro,URLLC,304.65,1.689,0.1309,4,-98.8,-15.36,44.0,13,0
2024-01-08 04:00:00,CELL_010,macro,URLLC,368.25,1.772,0.0189,4,-80.2,-12.27,55.8,10,1
2024-01-08 05:00:00,CELL_010,macro,URLLC,288.67,1.755,0.0433,5,-115.0,-15.42,65.7,11,1
2024-01-08 06:00:00,CELL_010,macro,URLLC,235.76,2.118,0.1536,1,-106.1,-10.1,62.2,15,0
2024-01-08 07:00:00,CELL_010,macro,URLLC,223.6,1.876,0.0657,2,-120.0,-18.22,50.3,10,1
2024-01-08 08:00:00,CELL_010,macro,URLLC,202.03,2.167,0.0545,4,-70.0,-6.41,63.5,7,1
2024-01-08 09:00:00,CELL_010,macro,URLLC,255.11,0.747,0.0212,2,-91.9,-13.0,64.6,13,1
2024-01-08 10:00:00,CELL_010,macro,URLLC,258.86,1.536,0.0756,3,-82.4,-15.65,66.3,10,1
2024-01-08 11:00:00,CELL_010,macro,URLLC,244.02,1.871,0.0032,2,-88.3,-10.87,68.6,14,1
2024-01-08 12:00:00,CELL_010,macro,URLLC,251.33,2.051,0.0118,0,-70.0,-12.57,47.7,14,1
2024-01-08 13:00:00,CELL_010,macro,URLLC,242.9,1.595,0.0204,5,-93.0,-11.3,66.6,12,1
2024-01-08 14:00:00,CELL_010,macro,URLLC,216.4,1.687,0.0293,5,-114.1,-17.62,47.1,14,1
2024-01-08 15:00:00,CELL_010,macro,URLLC,308.39,1.081,0.0354,3,-99.6,-6.87,57.8,12,1
2024-01-08 16:00:00,CELL_010,macro,URLLC,277.16,1.35,0.0033,2,-89.4,-13.81,57.5,10,1
2024-01-08 17:00:00,CELL_010,macro,URLLC,192.0,1.566,0.0427,7,-90.6,-15.86,58.7,14,1
2024-01-08 18:00:00,CELL_010,macro,URLLC,196.47,1.93,0.0113,4,-119.7,-5.98,50.0,13,1
2024-01-08 19:00:00,CELL_010,macro,URLLC,245.99,1.642,0.0211,1,-113.5,-14.93,32.3,12,1
2024-01-08 20:00:00,CELL_010,macro,URLLC,308.15,1.458,0.0881,1,-115.9,-12.49,59.2,9,1
2024-01-08 21:00:00,CELL_010,macro,URLLC,253.36,1.621,0.0126,3,-112.5,-9.03,68.6,12,1
2024-01-08 22:00:00,CELL_010,macro,URLLC,217.53,1.826,0.017,4,-84.3,-14.69,53.7,14,1
2024-01-08 23:00:00,CELL_010,macro,URLLC,234.23,1.953,0.0654,0,-105.7,-18.07,46.8,8,1
2024-01-09 00:00:00,CELL_010,macro,URLLC,246.46,2.325,0.0066,7,-102.1,-6.72,43.5,11,1
2024-01-09 01:00:00,CELL_010,macro,URLLC,269.15,2.1,0.1123,5,-94.7,-18.44,55.8,12,0
2024-01-09 02:00:00,CELL_010,macro,URLLC,328.52,1.904,0.1005,3,-72.9,-12.43,78.8,12,0
2024-01-09 03:00:00,CELL_010,macro,URLLC,171.14,2.138,0.061,0,-82.4,-15.03,48.7,9,1
2024-01-09 04:00:00,CELL_010,macro,URLLC,193.75,2.396,0.0747,3,-88.9,-20.0,51.2,10,1
2024-01-09 05:00:00,CELL_010,macro,URLLC,121.33,1.333,0.0231,3,-100.0,-13.37,55.4,7,1
2024-01-09 06:00:00,CELL_010,macro,URLLC,267.44,2.365,0.0497,4,-91.8,-4.46,39.5,8,1
2024-01-09 07:00:00,CELL_010,macro,URLLC,226.08,1.679,0.0772,4,-120.0,-10.7,62.1,17,1
2024-01-09 08:00:00,CELL_010,macro,URLLC,168.73,2.176,0.0023,2,-89.1,-14.37,48.0,6,1
2024-01-09 09:00:00,CELL_010,macro,URLLC,323.71,1.581,0.003,3,-72.7,-15.98,70.8,11,1
2024-01-09 10:00:00,CELL_010,macro,URLLC,255.9,1.452,0.0148,3,-109.2,-10.41,58.3,14,1
2024-01-09 11:00:00,CELL_010,macro,URLLC,177.44,1.485,0.0532,3,-72.4,-11.57,46.4,12,1
2024-01-09 12:00:00,CELL_010,macro,URLLC,311.84,2.161,0.0062,4,-100.1,-8.56,47.8,5,1
2024-01-09 13:00:00,CELL_010,macro,URLLC,283.1,2.234,0.0758,3,-95.5,-14.71,57.3,8,1
2024-01-09 14:00:00,CELL_010,macro,URLLC,121.71,2.165,0.0004,2,-116.5,-14.67,49.2,15,1
2024-01-09 15:00:00,CELL_010,macro,URLLC,417.06,1.103,0.1335,3,-82.8,-20.0,60.4,10,0
2024-01-09 16:00:00,CELL_010,macro,URLLC,228.49,1.417,0.0003,2,-86.1,-13.78,50.1,12,1
2024-01-09 17:00:00,CELL_010,macro,URLLC,221.8,1.162,0.1369,1,-109.8,-5.99,49.5,10,0
2024-01-09 18:00:00,CELL_010,macro,URLLC,244.22,1.1,0.0148,2,-90.2,-5.13,50.0,15,1
2024-01-09 19:00:00,CELL_010,macro,URLLC,178.48,1.519,0.0186,2,-79.4,-15.18,53.8,13,1
2024-01-09 20:00:00,CELL_010,macro,URLLC,167.95,1.894,0.0031,2,-118.5,-6.67,46.8,7,1
2024-01-09 21:00:00,CELL_010,macro,URLLC,212.82,2.24,0.0111,2,-105.9,-6.64,45.8,9,1
2024-01-09 22:00:00,CELL_010,macro,URLLC,157.05,1.923,0.0551,1,-108.7,-16.01,45.8,3,1
2024-01-09 23:00:00,CELL_010,macro,URLLC,293.65,1.792,0.0346,4,-118.5,-15.37,54.6,15,1
2024-01-10 00:00:00,CELL_010,macro,URLLC,182.89,1.549,0.0228,3,-82.8,-12.2,34.4,11,1
2024-01-10 01:00:00,CELL_010,macro,URLLC,243.45,2.322,0.0984,5,-108.4,-19.38,33.9,4,1
2024-01-10 02:00:00,CELL_010,macro,URLLC,281.1,2.469,0.0186,1,-108.7,-8.05,47.8,11,1
2024-01-10 03:00:00,CELL_010,macro,URLLC,280.06,1.532,0.0042,1,-85.1,-14.22,59.1,20,1
2024-01-10 04:00:00,CELL_010,macro,URLLC,388.42,1.358,0.0565,6,-112.8,-7.51,56.0,12,1
2024-01-10 05:00:00,CELL_010,macro,URLLC,283.75,2.47,0.0183,4,-100.8,-11.46,52.6,14,1
2024-01-10 06:00:00,CELL_010,macro,URLLC,260.37,1.993,0.0255,2,-78.8,-3.82,61.4,15,1
2024-01-10 07:00:00,CELL_010,macro,URLLC,223.0,2.079,0.0394,2,-120.0,-12.52,53.0,10,1
2024-01-10 08:00:00,CELL_010,macro,URLLC,269.23,1.439,0.0549,1,-76.3,-12.62,58.3,16,1
2024-01-10 09:00:00,CELL_010,macro,URLLC,270.17,2.097,0.0676,2,-92.0,-20.0,53.8,8,1
2024-01-10 10:00:00,CELL_010,macro,URLLC,262.19,2.143,0.0124,8,-91.2,-14.31,65.8,13,1
2024-01-10 11:00:00,CELL_010,macro,URLLC,256.17,1.427,0.0006,5,-97.6,-16.67,73.9,9,1
2024-01-10 12:00:00,CELL_010,macro,URLLC,230.31,1.931,0.0219,2,-82.7,-3.0,39.9,12,1
2024-01-10 13:00:00,CELL_010,macro,URLLC,217.84,1.964,0.0179,0,-101.8,-14.61,56.8,9,1
2024-01-10 14:00:00,CELL_010,macro,URLLC,266.33,1.145,0.1825,2,-84.5,-17.29,60.8,5,0
2024-01-10 15:00:00,CELL_010,macro,URLLC,257.61,1.495,0.0034,3,-89.3,-12.06,43.7,4,1
2024-01-10 16:00:00,CELL_010,macro,URLLC,257.76,2.317,0.1136,3,-85.4,-16.77,64.4,9,0
2024-01-10 17:00:00,CELL_010,macro,URLLC,226.61,1.419,0.0188,4,-89.5,-8.7,45.8,10,1
2024-01-10 18:00:00,CELL_010,macro,URLLC,168.63,2.775,0.0935,4,-110.1,-9.33,47.1,6,1
2024-01-10 19:00:00,CELL_010,macro,URLLC,223.88,1.882,0.0247,5,-97.0,-18.75,50.7,5,1
2024-01-10 20:00:00,CELL_010,macro,URLLC,186.04,1.781,0.0305,2,-88.6,-9.13,46.3,4,1
2024-01-10 21:00:00,CELL_010,macro,URLLC,108.33,2.992,0.0326,2,-91.2,-6.54,41.8,11,1
2024-01-10 22:00:00,CELL_010,macro,URLLC,284.16,2.115,0.0006,2,-105.9,-17.52,72.8,10,1
2024-01-10 23:00:00,CELL_010,macro,URLLC,155.83,2.081,0.0176,4,-75.9,-3.0,32.8,9,1
2024-01-11 00:00:00,CELL_010,macro,URLLC,295.89,1.719,0.0205,4,-99.0,-9.75,60.6,14,1
2024-01-11 01:00:00,CELL_010,macro,URLLC,201.28,1.92,0.0108,5,-113.2,-13.21,50.2,8,1
2024-01-11 02:00:00,CELL_010,macro,URLLC,288.76,1.58,0.0469,4,-114.8,-16.88,54.3,14,1
2024-01-11 03:00:00,CELL_010,macro,URLLC,400.7,1.259,0.0366,1,-119.0,-15.32,51.4,18,1
2024-01-11 04:00:00,CELL_010,macro,URLLC,178.92,2.162,0.0032,1,-105.1,-18.13,46.6,11,1
2024-01-11 05:00:00,CELL_010,macro,URLLC,283.54,1.628,0.1176,1,-120.0,-12.48,54.6,17,0
2024-01-11 06:00:00,CELL_010,macro,URLLC,355.17,1.405,0.0177,2,-76.8,-12.66,65.3,18,1
2024-01-11 07:00:00,CELL_010,macro,URLLC,301.74,1.97,0.008,5,-76.8,-11.5,65.5,14,1
2024-01-11 08:00:00,CELL_010,macro,URLLC,116.47,2.674,0.0015,3,-101.8,-14.89,51.5,7,1
2024-01-11 09:00:00,CELL_010,macro,URLLC,175.9,1.595,0.0634,1,-77.7,-9.66,57.8,13,1
2024-01-01 00:00:00,CELL_011,micro,mMTC,35.11,20.646,1.176,3,-88.3,-14.29,37.1,194,1
2024-01-01 01:00:00,CELL_011,micro,mMTC,44.29,25.189,0.5511,1,-90.1,-12.71,40.0,196,1
2024-01-01 02:00:00,CELL_011,micro,mMTC,78.46,8.882,1.8766,3,-86.7,-15.75,53.9,238,1
2024-01-01 03:00:00,CELL_011,micro,mMTC,56.88,25.841,0.0042,4,-120.0,-8.1,44.8,229,1
2024-01-01 04:00:00,CELL_011,micro,mMTC,36.93,35.707,1.0021,5,-120.0,-14.06,23.0,179,1
2024-01-01 05:00:00,CELL_011,micro,mMTC,60.34,7.931,2.1509,3,-87.9,-10.93,35.3,256,1
2024-01-01 06:00:00,CELL_011,micro,mMTC,48.86,16.635,0.2687,4,-99.6,-16.86,26.3,190,1
2024-01-01 07:00:00,CELL_011,micro,mMTC,32.58,21.51,1.4506,1,-103.6,-15.39,25.2,196,1
2024-01-01 08:00:00,CELL_011,micro,mMTC,48.19,23.109,0.7566,3,-110.7,-15.66,36.2,196,1
2024-01-01 09:00:00,CELL_011,micro,mMTC,33.16,18.055,0.5675,2,-80.6,-10.74,34.8,187,1
2024-01-01 10:00:00,CELL_011,micro,mMTC,5.0,13.797,2.1096,3,-103.3,-7.18,11.3,189,1
2024-01-01 11:00:00,CELL_011,micro,mMTC,44.82,25.62,0.1047,2,-83.0,-20.0,38.4,228,1
2024-01-01 12:00:00,CELL_011,micro,mMTC,54.13,25.992,0.0922,3,-100.0,-18.34,44.0,247,1
2024-01-01 13:00:00,CELL_011,micro,mMTC,28.59,14.811,0.3116,2,-102.7,-15.4,44.1,216,1
2024-01-01 14:00:00,CELL_011,micro,mMTC,26.14,22.76,0.8052,2,-113.1,-20.0,23.7,193,1
2024-01-01 15:00:00,CELL_011,micro,mMTC,34.78,37.23,0.6605,2,-113.2,-3.78,43.7,232,1
2024-01-01 16:00:00,CELL_011,micro,mMTC,69.24,16.505,0.4488,2,-101.1,-3.94,21.7,189,1
2024-01-01 17:00:00,CELL_011,micro,mMTC,35.69,21.241,0.6269,5,-78.3,-20.0,31.6,156,1
2024-01-01 18:00:00,CELL_011,micro,mMTC,53.78,17.939,1.4679,0,-107.8,-20.0,39.1,170,1
2024-01-01 19:00:00,CELL_011,micro,mMTC,64.21,16.914,0.3876,6,-103.0,-18.18,25.4,211,1
2024-01-01 20:00:00,CELL_011,micro,mMTC,36.52,22.424,0.1853,4,-99.0,-9.51,31.5,187,1
2024-01-01 21:00:00,CELL_011,micro,mMTC,64.23,28.528,3.8141,1,-102.7,-3.0,46.0,194,1
2024-01-01 22:00:00,CELL_011,micro,mMTC,54.28,33.745,0.9222,6,-93.3,-18.0,24.8,201,1
2024-01-01 23:00:00,CELL_011,micro,mMTC,35.64,26.025,1.7343,1,-90.4,-16.43,48.5,215,1
2024-01-02 00:00:00,CELL_011,micro,mMTC,62.22,19.748,0.4973,4,-101.0,-16.39,38.1,262,1
2024-01-02 01:00:00,CELL_011,micro,mMTC,40.72,32.763,0.5391,3,-89.7,-14.96,41.0,207,1
2024-01-02 02:00:00,CELL_011,micro,mMTC,68.42,30.357,4.4418,2,-101.8,-14.9,33.4,230,1
2024-01-02 03:00:00,CELL_011,micro,mMTC,43.19,18.809,0.1903,1,-120.0,-15.62,36.9,216,1
2024-01-02 04:00:00,CELL_011,micro,mMTC,52.81,15.057,0.1115,1,-112.5,-14.61,36.5,184,1
2024-01-02 05:00:00,CELL_011,micro,mMTC,31.08,26.747,1.9085,4,-89.9,-20.0,44.0,213,1
2024-01-02 06:00:00,CELL_011,micro,mMTC,37.75,27.211,1.0713,4,-72.2,-12.13,43.0,218,1
2024-01-02 07:00:00,CELL_011,micro,mMTC,49.77,37.278,0.007,6,-120.0,-4.83,36.6,186,1
2024-01-02 08:00:00,CELL_011,micro,mMTC,28.86,34.8,0.1592,2,-103.4,-18.86,46.3,185,1
2024-01-02 09:00:00,CELL_011,micro,mMTC,18.37,30.33,0.7365,3,-106.7,-6.83,47.5,212,1
2024-01-02 10:00:00,CELL_011,micro,mMTC,56.89,37.094,1.8492,7,-84.3,-10.64,47.7,247,1
2024-01-02 11:00:00,CELL_011,micro,mMTC,85.71,18.32,0.2053,3,-83.2,-3.0,43.4,249,1
2024-01-02 12:00:00,CELL_011,micro,mMTC,35.85,41.105,1.5003,4,-93.8,-13.01,29.4,171,1
2024-01-02 13:00:00,CELL_011,micro,mMTC,59.82,14.675,1.1032,4,-84.9,-8.51,35.7,239,1
2024-01-02 14:00:00,CELL_011,micro,mMTC,28.38,22.854,0.655,3,-77.5,-11.67,25.2,186,1
2024-01-02 15:00:00,CELL_011,micro,mMTC,53.87,22.965,0.8517,4,-110.5,-14.63,44.6,199,1
2024-01-02 16:00:00,CELL_011,micro,mMTC,37.52,25.976,0.6852,2,-120.0,-14.25,20.9,176,1
2024-01-02 17:00:00,CELL_011,micro,mMTC,32.71,21.561,0.7843,4,-105.6,-3.0,23.2,205,1
2024-01-02 18:00:00,CELL_011,micro,mMTC,35.08,18.175,0.1249,3,-95.6,-20.0,37.6,174,1
2024-01-02 19:00:00,CELL_011,micro,mMTC,57.08,14.8,1.4033,4,-73.7,-20.0,41.1,189,1
2024-01-02 20:00:00,CELL_011,micro,mMTC,37.8,39.804,0.5665,3,-101.8,-10.98,15.5,145,1
2024-01-02 21:00:00,CELL_011,micro,mMTC,51.51,30.883,4.4758,2,-79.5,-6.18,26.9,160,1
2024-01-02 22:00:00,CELL_011,micro,mMTC,61.35,17.151,3.7635,2,-96.7,-3.5,32.2,239,1
2024-01-02 23:00:00,CELL_011,micro,mMTC,43.79,36.863,0.2522,3,-73.4,-20.0,10.5,144,1
2024-01-03 00:00:00,CELL_011,micro,mMTC,42.57,10.395,0.0894,5,-92.7,-6.06,41.7,196,1
2024-01-03 01:00:00,CELL_011,micro,mMTC,50.17,12.794,2.0371,4,-96.7,-11.09,42.3,262,1
2024-01-03 02:00:00,CELL_011,micro,mMTC,60.96,6.461,0.052,2,-70.0,-12.53,33.8,222,1
2024-01-03 03:00:00,CELL_011,micro,mMTC,31.58,19.643,0.3535,3,-81.2,-16.14,47.1,227,1
2024-01-03 04:00:00,CELL_011,micro,mMTC,42.95,21.068,0.8044,5,-101.8,-13.08,35.8,210,1
2024-01-03 05:00:00,CELL_011,micro,mMTC,35.71,23.576,1.8605,4,-87.1,-10.3,31.0,215,1
2024-01-03 06:00:00,CELL_011,micro,mMTC,46.77,45.041,0.038,2,-86.6,-17.34,24.8,198,1
2024-01-03 07:00:00,CELL_011,micro,mMTC,49.23,26.986,1.2801,3,-81.9,-20.0,30.9,151,1
2024-01-03 08:00:00,CELL_011,micro,mMTC,45.07,40.251,0.4431,5,-102.9,-6.48,17.3,180,1
2024-01-03 09:00:00,CELL_011,micro,mMTC,38.65,22.112,0.9063,2,-102.9,-17.51,40.1,206,1
2024-01-03 10:00:00,CELL_011,micro,mMTC,57.37,20.535,2.1355,2,-95.2,-13.19,53.2,223,1
2024-01-03 11:00:00,CELL_011,micro,mMTC,56.71,17.72,0.6621,4,-81.0,-9.08,46.8,249,1
2024-01-03 12:00:00,CELL_011,micro,mMTC,49.08,23.285,2.4589,5,-120.0,-20.0,50.2,251,1
2024-01-03 13:00:00,CELL_011,micro,mMTC,16.46,44.749,2.0118,2,-93.3,-20.0,42.6,160,1
2024-01-03 14:00:00,CELL_011,micro,mMTC,13.89,32.155,0.5704,4,-100.7,-7.7,17.3,169,1
2024-01-03 15:00:00,CELL_011,micro,mMTC,63.84,19.683,0.4409,2,-90.8,-15.34,34.4,204,1
2024-01-03 16:00:00,CELL_011,micro,mMTC,23.7,26.507,1.3217,2,-106.0,-11.66,54.7,168,1
2024-01-03 17:00:00,CELL_011,micro,mMTC,46.72,22.383,0.3836,4,-81.3,-7.93,12.8,167,1
2024-01-03 18:00:00,CELL_011,micro,mMTC,59.22,13.907,2.3204,1,-99.6,-18.46,49.9,197,1
2024-01-03 19:00:00,CELL_011,micro,mMTC,21.34,26.024,0.3655,3,-95.7,-13.57,38.6,178,1
2024-01-03 20:00:00,CELL_011,micro,mMTC,48.07,22.656,0.7692,2,-76.1,-13.45,35.9,183,1
2024-01-03 21:00:00,CELL_011,micro,mMTC,36.84,29.941,0.1306,0,-97.2,-4.25,34.8,176,1
2024-01-03 22:00:00,CELL_011,micro,mMTC,34.15,32.259,0.1395,7,-89.1,-3.0,30.6,187,1
2024-01-03 23:00:00,CELL_011,micro,mMTC,17.4,47.073,1.2896,4,-109.9,-10.26,27.0,163,1
2024-01-04 00:00:00,CELL_011,micro,mMTC,55.44,34.66,1.0842,3,-70.9,-10.64,33.9,184,1
2024-01-04 01:00:00,CELL_011,micro,mMTC,38.34,27.474,0.455,2,-102.9,-20.0,35.9,221,1
2024-01-04 02:00:00,CELL_011,micro,mMTC,57.73,15.282,2.8083,1,-99.4,-16.67,20.4,222,1
2024-01-04 03:00:00,CELL_011,micro,mMTC,49.1,39.065,4.1831,1,-103.9,-14.7,45.8,242,1
2024-01-04 04:00:00,CELL_011,micro,mMTC,40.65,28.116,1.7978,1,-120.0,-13.72,51.8,203,1
2024-01-04 05:00:00,CELL_011,micro,mMTC,50.07,30.529,0.4437,3,-100.6,-8.56,35.6,198,1
2024-01-04 06:00:00,CELL_011,micro,mMTC,40.99,21.465,0.5248,4,-119.2,-6.36,19.9,168,1
2024-01-04 07:00:00,CELL_011,micro,mMTC,42.18,17.884,0.6428,1,-91.3,-19.01,37.0,205,1
2024-01-04 08:00:00,CELL_011,micro,mMTC,52.51,35.15,1.3875,4,-91.3,-20.0,38.0,218,1
2024-01-04 09:00:00,CELL_011,micro,mMTC,49.14,15.919,0.8477,0,-106.1,-15.23,18.7,194,1
2024-01-04 10:00:00,CELL_011,micro,mMTC,53.44,21.036,3.441,2,-113.9,-9.87,20.0,189,1
2024-01-04 11:00:00,CELL_011,micro,mMTC,59.47,27.467,1.7887,3,-86.1,-13.44,57.5,217,1
2024-01-04 12:00:00,CELL_011,micro,mMTC,83.52,30.983,0.6645,4,-83.7,-7.7,44.5,215,1
2024-01-04 13:00:00,CELL_011,micro,mMTC,55.67,34.251,1.6075,2,-93.9,-12.05,32.0,196,1
2024-01-04 14:00:00,CELL_011,micro,mMTC,19.63,26.291,0.3636,4,-73.0,-8.1,12.3,177,1
2024-01-04 15:00:00,CELL_011,micro,mMTC,32.83,33.02,1.6612,1,-101.4,-16.05,5.0,158,1
2024-01-04 16:00:00,CELL_011,micro,mMTC,36.1,13.762,0.1258,1,-93.6,-19.1,16.2,193,1
2024-01-04 17:00:00,CELL_011,micro,mMTC,25.35,3.604,0.3759,1,-77.2,-7.36,20.1,147,1
2024-01-04 18:00:00,CELL_011,micro,mMTC,25.49,18.963,1.4486,1,-85.1,-12.47,25.8,205,1
2024-01-04 19:00:00,CELL_011,micro,mMTC,32.22,21.48,1.3927,4,-105.6,-20.0,53.0,178,1
2024-01-04 20:00:00,CELL_011,micro,mMTC,53.69,20.305,3.0581,4,-100.6,-18.08,40.2,219,1
2024-01-04 21:00:00,CELL_011,micro,mMTC,38.95,12.023,1.5136,3,-108.5,-14.25,38.6,232,1
2024-01-04 22:00:00,CELL_011,micro,mMTC,52.38,17.125,3.5961,2,-111.8,-6.73,57.8,225,1
2024-01-04 23:00:00,CELL_011,micro,mMTC,54.87,25.62,0.3207,1,-120.0,-14.24,36.7,207,1
2024-01-05 00:00:00,CELL_011,micro,mMTC,51.7,12.16,0.9716,3,-102.8,-5.66,47.5,246,1
2024-01-05 01:00:00,CELL_011,micro,mMTC,31.14,25.417,4.0144,3,-99.8,-9.52,42.0,202,1
2024-01-05 02:00:00,CELL_011,micro,mMTC,55.82,34.287,0.8092,1,-77.3,-16.76,32.0,249,1
2024-01-05 03:00:00,CELL_011,micro,mMTC,22.32,31.341,1.1542,3,-120.0,-9.49,14.9,201,1
2024-01-05 04:00:00,CELL_011,micro,mMTC,57.22,23.393,0.5976,2,-70.0,-10.35,30.2,228,1
2024-01-05 05:00:00,CELL_011,micro,mMTC,43.58,13.743,0.194,2,-74.1,-13.28,44.9,206,1
2024-01-05 06:00:00,CELL_011,micro,mMTC,47.42,31.235,4.8757,2,-71.1,-7.55,39.4,247,1
2024-01-05 07:00:00,CELL_011,micro,mMTC,48.52,12.192,0.8691,5,-89.6,-9.69,37.1,222,1
2024-01-05 08:00:00,CELL_011,micro,mMTC,70.49,30.888,0.0725,4,-70.0,-12.04,43.0,248,1
2024-01-05 09:00:00,CELL_011,micro,mMTC,58.46,25.086,0.9555,2,-78.1,-13.33,43.1,225,1
2024-01-05 10:00:00,CELL_011,micro,mMTC,45.36,16.764,0.1391,1,-114.3,-12.92,28.9,158,1
2024-01-05 11:00:00,CELL_011,micro,mMTC,34.79,29.886,2.198,4,-108.7,-19.77,39.6,196,1
2024-01-05 12:00:00,CELL_011,micro,mMTC,66.31,25.988,0.8396,2,-93.7,-12.97,60.0,236,1
2024-01-05 13:00:00,CELL_011,micro,mMTC,46.04,12.819,1.7078,2,-120.0,-6.33,21.1,189,1
2024-01-05 14:00:00,CELL_011,micro,mMTC,57.94,34.081,0.5858,5,-95.0,-19.66,5.0,185,1
2024-01-05 15:00:00,CELL_011,micro,mMTC,74.91,17.249,0.8975,3,-104.0,-16.02,49.9,222,1
2024-01-05 16:00:00,CELL_011,micro,mMTC,25.18,28.354,1.1844,2,-120.0,-14.66,44.9,183,1
2024-01-05 17:00:00,CELL_011,micro,mMTC,12.72,40.635,2.4288,3,-92.9,-20.0,17.7,106,1
2024-01-05 18:00:00,CELL_011,micro,mMTC,10.65,35.421,1.4604,2,-105.9,-14.53,30.6,185,1
2024-01-05 19:00:00,CELL_011,micro,mMTC,27.09,26.099,4.1087,6,-92.8,-15.79,43.7,122,1
2024-01-05 20:00:00,CELL_011,micro,mMTC,24.16,38.872,0.0801,4,-118.6,-13.46,33.8,166,1
2024-01-05 21:00:00,CELL_011,micro,mMTC,61.91,30.421,0.6141,5,-82.2,-16.72,25.6,172,1
2024-01-05 22:00:00,CELL_011,micro,mMTC,24.76,19.96,0.0043,0,-70.0,-3.0,34.2,192,1
2024-01-05 23:00:00,CELL_011,micro,mMTC,42.89,32.254,7.6767,1,-90.6,-8.95,51.5,228,0
2024-01-06 00:00:00,CELL_011,micro,mMTC,53.78,18.315,0.9406,8,-116.6,-11.78,37.7,218,1
2024-01-06 01:00:00,CELL_011,micro,mMTC,40.8,23.323,0.3239,3,-79.3,-8.5,46.9,233,1
2024-01-06 02:00:00,CELL_011,micro,mMTC,28.22,11.295,1.7041,1,-103.0,-14.25,33.2,224,1
2024-01-06 03:00:00,CELL_011,micro,mMTC,53.64,9.942,1.7612,2,-103.9,-20.0,39.5,257,1
2024-01-06 04:00:00,CELL_011,micro,mMTC,53.17,18.942,0.0907,3,-89.5,-8.8,46.5,223,1
2024-01-06 05:00:00,CELL_011,micro,mMTC,38.46,16.105,1.2185,3,-101.1,-11.66,50.1,232,1
2024-01-06 06:00:00,CELL_011,micro,mMTC,44.52,23.599,0.1914,2,-93.5,-4.37,41.3,194,1
2024-01-06 07:00:00,CELL_011,micro,mMTC,47.67,6.596,0.1378,2,-100.1,-15.63,41.2,216,1
2024-01-06 08:00:00,CELL_011,micro,mMTC,38.52,15.84,1.2158,3,-84.3,-10.18,23.4,193,1
2024-01-06 09:00:00,CELL_011,micro,mMTC,76.75,23.712,2.4932,6,-99.4,-11.35,56.1,240,1
2024-01-06 10:00:00,CELL_011,micro,mMTC,51.43,18.584,1.847,1,-89.8,-13.24,25.7,238,1
2024-01-06 11:00:00,CELL_011,micro,mMTC,54.0,20.515,0.1233,3,-70.0,-14.25,38.7,186,1
2024-01-06 12:00:00,CELL_011,micro,mMTC,62.21,20.844,1.942,3,-95.2,-20.0,13.3,246,1
2024-01-06 13:00:00,CELL_011,micro,mMTC,47.56,26.485,3.601,3,-98.7,-14.79,33.2,170,1
2024-01-06 14:00:00,CELL_011,micro,mMTC,34.34,24.73,0.0244,2,-90.4,-11.01,47.3,175,1
2024-01-06 15:00:00,CELL_011,micro,mMTC,39.34,28.248,0.1429,2,-105.1,-10.07,26.0,149,1
2024-01-06 16:00:00,CELL_011,micro,mMTC,51.07,17.422,0.2375,0,-70.0,-17.38,25.5,192,1
2024-01-06 17:00:00,CELL_011,micro,mMTC,5.0,23.043,2.3423,2,-96.3,-17.38,33.9,211,1
2024-01-06 18:00:00,CELL_011,micro,mMTC,51.0,18.524,1.1316,3,-73.2,-13.46,43.2,210,1
2024-01-06 19:00:00,CELL_011,micro,mMTC,53.86,27.843,3.9753,3,-70.0,-8.54,21.2,203,1
2024-01-06 20:00:00,CELL_011,micro,mMTC,54.72,26.718,0.2766,3,-96.8,-9.6,30.7,177,1
2024-01-06 21:00:00,CELL_011,micro,mMTC,23.32,39.286,0.2552,4,-99.7,-15.75,28.0,142,1
2024-01-06 22:00:00,CELL_011,micro,mMTC,52.96,22.024,2.0344,3,-82.3,-10.2,34.6,186,1
2024-01-06 23:00:00,CELL_011,micro,mMTC,31.53,27.847,2.3636,1,-119.0,-17.85,35.8,209,1
2024-01-07 00:00:00,CELL_011,micro,mMTC,49.48,19.257,1.8886,2,-106.6,-7.67,33.3,208,1
2024-01-07 01:00:00,CELL_011,micro,mMTC,41.61,37.858,2.5478,1,-84.0,-11.39,37.2,229,1
2024-01-07 02:00:00,CELL_011,micro,mMTC,52.38,27.526,0.0586,3,-82.5,-10.42,36.9,228,1
2024-01-07 03:00:00,CELL_011,micro,mMTC,48.16,12.375,0.3335,5,-91.2,-5.59,41.7,221,1
2024-01-07 04:00:00,CELL_011,micro,mMTC,62.75,30.593,2.1209,2,-85.3,-10.16,39.8,216,1
2024-01-07 05:00:00,CELL_011,micro,mMTC,39.47,17.402,0.7945,2,-98.9,-20.0,59.6,257,1
2024-01-07 06:00:00,CELL_011,micro,mMTC,23.51,20.905,0.9157,3,-87.5,-16.0,56.7,230,1
2024-01-07 07:00:00,CELL_011,micro,mMTC,38.4,7.823,0.6834,5,-96.0,-7.24,56.4,260,1
2024-01-07 08:00:00,CELL_011,micro,mMTC,59.07,34.981,1.2966,5,-101.9,-7.9,31.1,178,1
2024-01-07 09:00:00,CELL_011,micro,mMTC,38.92,8.76,0.4613,4,-102.1,-6.55,27.1,159,1
2024-01-07 10:00:00,CELL_011,micro,mMTC,24.28,19.667,0.7658,3,-83.3,-10.71,50.8,162,1
2024-01-07 11:00:00,CELL_011,micro,mMTC,57.42,11.652,0.012,3,-114.0,-13.32,46.9,219,1
2024-01-07 12:00:00,CELL_011,micro,mMTC,46.79,21.309,0.0045,4,-92.7,-11.0,59.8,228,1
2024-01-07 13:00:00,CELL_011,micro,mMTC,27.26,15.241,0.4048,2,-113.9,-10.51,36.0,209,1
2024-01-07 14:00:00,CELL_011,micro,mMTC,20.07,24.609,1.3828,4,-85.5,-6.97,22.7,160,1
2024-01-07 15:00:00,CELL_011,micro,mMTC,49.14,34.843,1.6793,3,-107.7,-10.21,42.7,198,1
2024-01-07 16:00:00,CELL_011,micro,mMTC,40.84,44.257,1.3112,3,-116.2,-16.85,19.1,179,1
2024-01-07 17:00:00,CELL_011,micro,mMTC,53.3,22.984,0.1075,5,-80.4,-13.26,52.9,176,1
2024-01-07 18:00:00,CELL_011,micro,mMTC,39.46,29.306,1.5873,4,-72.4,-3.0,41.3,166,1
2024-01-07 19:00:00,CELL_011,micro,mMTC,43.11,14.948,4.96,2,-86.2,-13.19,17.5,155,1
2024-01-07 20:00:00,CELL_011,micro,mMTC,72.49,20.496,1.147,2,-108.8,-13.05,48.9,243,1
2024-01-07 21:00:00,CELL_011,micro,mMTC,31.13,32.567,0.9461,2,-95.7,-7.96,41.6,182,1
2024-01-07 22:00:00,CELL_011,micro,mMTC,40.65,31.877,0.5136,4,-120.0,-7.77,25.6,171,1
2024-01-07 23:00:00,CELL_011,micro,mMTC,66.63,25.419,0.666,2,-120.0,-13.06,44.7,213,1
2024-01-08 00:00:00,CELL_011,micro,mMTC,65.14,14.299,0.3731,1,-99.0,-6.19,57.7,249,1
2024-01-08 01:00:00,CELL_011,micro,mMTC,45.77,0.3,0.7175,1,-90.3,-9.2,50.2,192,1
2024-01-08 02:00:00,CELL_011,micro,mMTC,57.5,27.438,0.4399,4,-94.3,-15.8,46.6,225,1
2024-01-08 03:00:00,CELL_011,micro,mMTC,46.76,27.602,5.2211,0,-115.8,-12.22,23.8,221,0
2024-01-08 04:00:00,CELL_011,micro,mMTC,72.85,9.454,0.4525,2,-108.3,-13.4,41.2,216,1
2024-01-08 05:00:00,CELL_011,micro,mMTC,61.34,23.472,1.2617,1,-75.7,-11.12,31.6,230,1
2024-01-08 06:00:00,CELL_011,micro,mMTC,63.27,18.271,0.1312,3,-120.0,-10.98,49.3,225,1
2024-01-08 07:00:00,CELL_011,micro,mMTC,32.92,17.095,2.2784,5,-93.1,-14.75,49.6,200,1
2024-01-08 08:00:00,CELL_011,micro,mMTC,41.95,19.634,0.3401,6,-94.2,-12.94,36.5,234,1
2024-01-08 09:00:00,CELL_011,micro,mMTC,55.63,18.6,1.9391,3,-96.6,-12.39,24.2,209,1
2024-01-08 10:00:00,CELL_011,micro,mMTC,59.34,37.884,0.4249,2,-108.3,-13.49,48.3,173,1
2024-01-08 11:00:00,CELL_011,micro,mMTC,43.68,19.611,0.3651,5,-93.2,-20.0,41.1,217,1
2024-01-08 12:00:00,CELL_011,micro,mMTC,28.67,29.589,0.6607,4,-113.6,-9.06,28.4,216,1
2024-01-08 13:00:00,CELL_011,micro,mMTC,21.85,27.539,0.4509,1,-71.8,-14.82,6.4,184,1
2024-01-08 14:00:00,CELL_011,micro,mMTC,57.26,30.841,2.4211,2,-117.8,-15.85,50.3,215,1
2024-01-08 15:00:00,CELL_011,micro,mMTC,59.52,29.17,0.5119,2,-81.7,-8.28,27.4,182,1
2024-01-08 16:00:00,CELL_011,micro,mMTC,45.43,34.06,2.9643,2,-106.1,-12.9,24.6,166,1
2024-01-08 17:00:00,CELL_011,micro,mMTC,17.65,22.557,3.9363,7,-93.2,-9.61,26.7,222,1
2024-01-08 18:00:00,CELL_011,micro,mMTC,75.26,38.039,2.5397,4,-96.3,-17.5,27.9,177,1
2024-01-08 19:00:00,CELL_011,micro,mMTC,41.75,22.602,2.1036,4,-108.8,-12.24,49.9,243,1
2024-01-08 20:00:00,CELL_011,micro,mMTC,57.69,29.87,0.1248,2,-90.5,-3.0,22.3,148,1
2024-01-08 21:00:00,CELL_011,micro,mMTC,37.17,25.533,2.6452,2,-102.1,-9.36,39.1,209,1
2024-01-08 22:00:00,CELL_011,micro,mMTC,56.2,29.947,2.4505,5,-76.1,-15.41,26.7,179,1
2024-01-08 23:00:00,CELL_011,micro,mMTC,50.42,27.797,0.2775,4,-74.5,-8.48,40.1,168,1
2024-01-09 00:00:00,CELL_011,micro,mMTC,52.78,31.976,0.7926,2,-104.7,-11.34,32.8,215,1
2024-01-09 01:00:00,CELL_011,micro,mMTC,43.25,14.548,0.7942,7,-106.2,-12.15,50.1,155,1
2024-01-09 02:00:00,CELL_011,micro,mMTC,62.77,1.116,1.4971,2,-75.7,-19.94,49.5,269,1
2024-01-09 03:00:00,CELL_011,micro,mMTC,46.65,26.674,0.7732,3,-91.0,-10.46,49.3,216,1
2024-01-09 04:00:00,CELL_011,micro,mMTC,56.17,12.3,0.1466,3,-114.7,-13.7,30.7,204,1
2024-01-09 05:00:00,CELL_011,micro,mMTC,53.71,36.236,0.2306,1,-84.8,-14.16,37.8,151,1
2024-01-09 06:00:00,CELL_011,micro,mMTC,33.63,13.004,3.3829,1,-88.4,-11.72,39.0,226,1
2024-01-09 07:00:00,CELL_011,micro,mMTC,61.23,7.116,0.7273,8,-114.7,-9.53,44.9,228,1
2024-01-09 08:00:00,CELL_011,micro,mMTC,45.7,23.579,0.701,5,-97.8,-9.15,44.8,199,1
2024-01-09 09:00:00,CELL_011,micro,mMTC,54.78,18.907,2.115,4,-94.5,-11.8,29.7,206,1
2024-01-09 10:00:00,CELL_011,micro,mMTC,76.22,35.113,1.1048,5,-89.2,-9.66,31.3,195,1
2024-01-09 11:00:00,CELL_011,micro,mMTC,63.65,35.69,2.7245,5,-70.0,-12.4,43.3,194,1
2024-01-09 12:00:00,CELL_011,micro,mMTC,51.97,38.593,0.7386,4,-78.3,-16.32,37.5,139,1
2024-01-09 13:00:00,CELL_011,micro,mMTC,60.14,13.75,1.4679,4,-106.9,-13.3,42.9,226,1
2024-01-09 14:00:00,CELL_011,micro,mMTC,28.64,14.69,0.8422,3,-99.9,-12.19,35.3,253,1
2024-01-09 15:00:00,CELL_011,micro,mMTC,40.44,28.787,0.1989,2,-78.2,-17.51,12.4,146,1
2024-01-09 16:00:00,CELL_011,micro,mMTC,48.7,18.279,1.6912,2,-94.4,-10.19,32.4,178,1
2024-01-09 17:00:00,CELL_011,micro,mMTC,76.2,26.19,3.1622,2,-88.0,-18.25,18.4,178,1
2024-01-09 18:00:00,CELL_011,micro,mMTC,76.18,25.1,0.9226,4,-75.5,-3.0,7.4,156,1
2024-01-09 19:00:00,CELL_011,micro,mMTC,24.7,30.423,0.4371,2,-101.7,-16.94,35.9,193,1
2024-01-09 20:00:00,CELL_011,micro,mMTC,36.02,27.829,1.3014,7,-78.1,-14.24,42.5,189,1
2024-01-09 21:00:00,CELL_011,micro,mMTC,8.79,13.764,1.2348,2,-95.6,-12.09,32.6,151,1
2024-01-09 22:00:00,CELL_011,micro,mMTC,46.81,35.279,1.0108,7,-86.9,-13.11,22.6,164,1
2024-01-09 23:00:00,CELL_011,micro,mMTC,85.27,19.683,0.4879,0,-84.7,-20.0,49.6,241,1
2024-01-10 00:00:00,CELL_011,micro,mMTC,48.77,19.522,3.2822,6,-95.5,-9.26,60.7,300,1
2024-01-10 01:00:00,CELL_011,micro,mMTC,81.54,9.523,1.9966,4,-102.0,-20.0,26.7,243,1
2024-01-10 02:00:00,CELL_011,micro,mMTC,57.24,36.354,0.0629,3,-90.5,-11.45,38.2,192,1
2024-01-10 03:00:00,CELL_011,micro,mMTC,54.04,3.224,0.5418,4,-70.0,-10.34,40.2,262,1
2024-01-10 04:00:00,CELL_011,micro,mMTC,59.07,34.67,0.9058,0,-120.0,-5.36,33.1,210,1
2024-01-10 05:00:00,CELL_011,micro,mMTC,26.99,19.59,0.2211,1,-87.8,-16.44,46.5,239,1
2024-01-10 06:00:00,CELL_011,micro,mMTC,16.07,13.673,0.2725,3,-94.9,-12.37,33.8,202,1
2024-01-10 07:00:00,CELL_011,micro,mMTC,33.52,33.667,0.3387,5,-103.3,-12.58,29.3,188,1
2024-01-10 08:00:00,CELL_011,micro,mMTC,52.99,25.731,0.241,4,-102.6,-15.19,39.1,213,1
2024-01-10 09:00:00,CELL_011,micro,mMTC,73.5,29.42,0.8498,3,-95.4,-3.2,46.9,216,1
2024-01-10 10:00:00,CELL_011,micro,mMTC,50.48,22.068,0.8694,4,-98.1,-17.06,56.6,200,1
2024-01-10 11:00:00,CELL_011,micro,mMTC,29.95,20.5,1.8989,2,-101.4,-7.9,42.0,205,1
2024-01-10 12:00:00,CELL_011,micro,mMTC,48.31,24.202,0.1355,5,-82.4,-20.0,27.7,159,1
2024-01-10 13:00:00,CELL_011,micro,mMTC,51.5,27.463,3.8688,7,-90.6,-9.72,44.4,234,1
2024-01-10 14:00:00,CELL_011,micro,mMTC,57.88,50.572,2.0861,4,-89.4,-15.99,36.4,162,0
2024-01-10 15:00:00,CELL_011,micro,mMTC,42.17,22.187,5.0835,2,-89.1,-15.29,17.9,141,0
2024-01-10 16:00:00,CELL_011,micro,mMTC,33.89,11.807,0.3696,7,-88.3,-14.1,31.3,209,1
2024-01-10 17:00:00,CELL_011,micro,mMTC,69.09,16.963,0.7798,2,-87.2,-13.73,31.4,190,1
2024-01-10 18:00:00,CELL_011,micro,mMTC,58.19,0.3,1.355,3,-81.1,-7.72,26.7,246,1
2024-01-10 19:00:00,CELL_011,micro,mMTC,52.14,34.867,0.4094,4,-118.7,-9.47,49.6,167,1
2024-01-10 20:00:00,CELL_011,micro,mMTC,42.15,37.949,1.4225,5,-83.1,-19.26,26.2,170,1
2024-01-10 21:00:00,CELL_011,micro,mMTC,30.24,20.942,1.3516,3,-96.1,-5.66,42.2,174,1
2024-01-10 22:00:00,CELL_011,micro,mMTC,29.73,29.541,0.0165,1,-94.0,-15.1,36.1,152,1
2024-01-10 23:00:00,CELL_011,micro,mMTC,44.33,21.615,0.0495,2,-85.8,-11.4,22.1,229,1
2024-01-11 00:00:00,CELL_011,micro,mMTC,56.46,13.092,1.4147,2,-92.0,-15.9,49.1,291,1
2024-01-11 01:00:00,CELL_011,micro,mMTC,60.9,25.866,0.7469,1,-90.7,-11.69,44.8,230,1
2024-01-11 02:00:00,CELL_011,micro,mMTC,77.45,37.357,0.7688,4,-85.1,-15.25,43.8,200,1
2024-01-11 03:00:00,CELL_011,micro,mMTC,33.78,16.641,1.9671,3,-82.8,-5.42,54.1,254,1
2024-01-11 04:00:00,CELL_011,micro,mMTC,54.26,31.343,3.8341,5,-70.0,-7.59,36.3,222,1
2024-01-11 05:00:00,CELL_011,micro,mMTC,48.68,16.926,0.203,2,-102.7,-19.14,39.1,188,1
2024-01-11 06:00:00,CELL_011,micro,mMTC,30.87,26.191,2.0908,2,-92.5,-20.0,36.3,206,1
2024-01-11 07:00:00,CELL_011,micro,mMTC,46.27,17.844,1.4898,1,-86.9,-20.0,33.2,182,1
2024-01-11 08:00:00,CELL_011,micro,mMTC,37.13,44.396,0.3381,4,-120.0,-15.77,33.8,223,1
2024-01-11 09:00:00,CELL_011,micro,mMTC,40.73,30.714,0.0887,3,-86.5,-12.78,40.8,241,1
2024-01-01 00:00:00,CELL_012,micro,mMTC,62.35,23.702,0.3461,5,-97.1,-12.72,18.7,236,1
2024-01-01 01:00:00,CELL_012,micro,mMTC,51.77,17.146,0.104,3,-120.0,-11.31,50.8,217,1
2024-01-01 02:00:00,CELL_012,micro,mMTC,25.83,30.229,1.3203,2,-112.9,-11.83,25.7,209,1
2024-01-01 03:00:00,CELL_012,micro,mMTC,64.8,21.764,0.1223,2,-78.3,-20.0,25.3,248,1
2024-01-01 04:00:00,CELL_012,micro,mMTC,32.34,17.875,0.1423,5,-87.7,-10.51,46.0,191,1
2024-01-01 05:00:00,CELL_012,micro,mMTC,65.15,31.146,0.3778,1,-99.5,-12.5,28.9,221,1
2024-01-01 06:00:00,CELL_012,micro,mMTC,32.87,22.567,2.4093,3,-75.8,-13.59,37.0,213,1
2024-01-01 07:00:00,CELL_012,micro,mMTC,48.11,12.883,0.4731,1,-116.9,-19.22,41.2,193,1
2024-01-01 08:00:00,CELL_012,micro,mMTC,49.54,26.495,0.764,4,-106.3,-9.79,25.9,141,1
2024-01-01 09:00:00,CELL_012,micro,mMTC,81.0,13.207,3.2853,3,-85.5,-10.91,47.0,243,1
2024-01-01 10:00:00,CELL_012,micro,mMTC,50.4,34.379,1.7612,1,-95.8,-3.0,34.9,176,1
2024-01-01 11:00:00,CELL_012,micro,mMTC,77.77,1.764,0.0562,3,-102.8,-5.27,53.2,237,1
2024-01-01 12:00:00,CELL_012,micro,mMTC,15.98,23.865,1.4044,2,-101.1,-14.57,25.7,210,1
2024-01-01 13:00:00,CELL_012,micro,mMTC,56.49,23.58,3.6601,2,-82.3,-18.41,26.5,225,1
2024-01-01 14:00:00,CELL_012,micro,mMTC,21.65,30.108,0.8806,3,-95.1,-19.57,20.6,153,1
2024-01-01 15:00:00,CELL_012,micro,mMTC,44.37,32.958,3.6674,4,-92.2,-20.0,24.2,168,1
2024-01-01 16:00:00,CELL_012,micro,mMTC,30.74,32.258,2.239,4,-77.3,-17.32,39.0,207,1
2024-01-01 17:00:00,CELL_012,micro,mMTC,44.42,25.937,1.0867,3,-114.0,-16.9,38.2,215,1
2024-01-01 18:00:00,CELL_012,micro,mMTC,43.98,28.518,2.4758,5,-97.8,-10.24,26.1,195,1
2024-01-01 19:00:00,CELL_012,micro,mMTC,35.42,17.304,0.0335,2,-92.6,-9.74,37.2,139,1
2024-01-01 20:00:00,CELL_012,micro,mMTC,57.41,38.683,2.5118,6,-107.2,-7.14,20.1,180,1
2024-01-01 21:00:00,CELL_012,micro,mMTC,49.92,33.909,3.6729,3,-86.7,-16.25,48.3,184,1
2024-01-01 22:00:00,CELL_012,micro,mMTC,78.44,40.822,2.3114,2,-70.0,-7.64,56.0,257,1
2024-01-01 23:00:00,CELL_012,micro,mMTC,54.44,21.5,0.5186,1,-83.9,-8.98,34.1,205,1
2024-01-02 00:00:00,CELL_012,micro,mMTC,39.19,24.206,1.6443,2,-103.5,-3.0,28.2,261,1
2024-01-02 01:00:00,CELL_012,micro,mMTC,23.51,30.785,1.2221,4,-95.2,-3.0,43.7,173,1
2024-01-02 02:00:00,CELL_012,micro,mMTC,35.78,16.095,0.946,3,-70.0,-9.13,27.4,201,1
2024-01-02 03:00:00,CELL_012,micro,mMTC,50.83,32.474,4.0067,4,-81.2,-13.42,42.5,229,1
2024-01-02 04:00:00,CELL_012,micro,mMTC,64.72,19.725,0.4338,5,-111.6,-15.38,36.8,180,1
2024-01-02 05:00:00,CELL_012,micro,mMTC,73.99,13.16,3.2106,1,-94.1,-20.0,47.7,269,1
2024-01-02 06:00:00,CELL_012,micro,mMTC,65.72,13.451,0.0818,4,-87.1,-16.87,28.9,226,1
2024-01-02 07:00:00,CELL_012,micro,mMTC,31.33,25.361,1.1375,5,-97.7,-6.27,43.3,200,1
2024-01-02 08:00:00,CELL_012,micro,mMTC,44.7,19.118,0.2778,4,-86.7,-13.67,49.4,228,1
2024-01-02 09:00:00,CELL_012,micro,mMTC,40.25,22.765,3.5252,2,-82.9,-13.48,34.7,211,1
2024-01-02 10:00:00,CELL_012,micro,mMTC,37.14,42.745,0.0214,5,-98.2,-8.33,44.6,190,1
2024-01-02 11:00:00,CELL_012,micro,mMTC,51.05,14.316,1.8434,4,-107.9,-10.31,48.1,222,1
2024-01-02 12:00:00,CELL_012,micro,mMTC,32.11,33.48,0.7987,1,-85.4,-3.27,18.0,165,1
2024-01-02 13:00:00,CELL_012,micro,mMTC,34.04,31.337,3.3486,4,-85.0,-9.49,23.8,204,1
2024-01-02 14:00:00,CELL_012,micro,mMTC,46.06,35.405,0.8442,6,-101.3,-17.21,33.7,205,1
2024-01-02 15:00:00,CELL_012,micro,mMTC,41.47,39.432,0.211,4,-110.0,-5.09,21.7,191,1
2024-01-02 16:00:00,CELL_012,micro,mMTC,32.47,40.898,0.5218,3,-112.4,-17.84,29.8,195,1
2024-01-02 17:00:00,CELL_012,micro,mMTC,32.27,34.599,0.2201,3,-90.8,-7.01,58.0,176,1
2024-01-02 18:00:00,CELL_012,micro,mMTC,58.37,16.874,1.2062,2,-70.0,-16.49,23.2,189,1
2024-01-02 19:00:00,CELL_012,micro,mMTC,18.78,22.936,0.7933,2,-77.2,-14.15,50.0,187,1
2024-01-02 20:00:00,CELL_012,micro,mMTC,53.67,21.622,2.2385,2,-104.8,-13.19,33.2,170,1
2024-01-02 21:00:00,CELL_012,micro,mMTC,55.54,17.421,1.3002,6,-100.8,-8.42,38.2,206,1
2024-01-02 22:00:00,CELL_012,micro,mMTC,43.85,14.461,1.0968,1,-92.6,-12.39,41.6,267,1
2024-01-02 23:00:00,CELL_012,micro,mMTC,13.16,38.513,0.4805,2,-99.9,-13.46,30.3,170,1
2024-01-03 00:00:00,CELL_012,micro,mMTC,6.82,44.077,0.9199,1,-85.5,-7.02,38.2,185,1
2024-01-03 01:00:00,CELL_012,micro,mMTC,61.14,15.506,0.7466,3,-116.9,-15.83,51.1,240,1
2024-01-03 02:00:00,CELL_012,micro,mMTC,53.52,26.504,4.6095,1,-86.4,-7.25,37.5,263,1
2024-01-03 03:00:00,CELL_012,micro,mMTC,38.71,25.014,0.459,2,-108.1,-3.0,45.6,228,1
2024-01-03 04:00:00,CELL_012,micro,mMTC,39.16,6.192,0.2108,3,-76.8,-7.36,44.9,208,1
2024-01-03 05:00:00,CELL_012,micro,mMTC,87.36,28.186,2.4686,0,-93.0,-11.8,42.8,253,1
2024-01-03 06:00:00,CELL_012,micro,mMTC,49.32,34.25,0.1728,0,-119.4,-7.92,44.3,258,1
2024-01-03 07:00:00,CELL_012,micro,mMTC,58.64,28.291,0.7566,5,-106.6,-8.37,48.1,234,1
2024-01-03 08:00:00,CELL_012,micro,mMTC,64.0,19.138,3.0659,7,-100.1,-18.64,32.2,234,1
2024-01-03 09:00:00,CELL_012,micro,mMTC,83.97,21.534,0.0264,4,-100.4,-13.05,43.3,213,1
2024-01-03 10:00:00,CELL_012,micro,mMTC,51.23,34.664,0.9939,5,-76.5,-6.91,38.5,223,1
2024-01-03 11:00:00,CELL_012,micro,mMTC,25.6,16.703,0.5155,2,-70.0,-12.76,47.1,206,1
2024-01-03 12:00:00,CELL_012,micro,mMTC,53.61,22.453,2.4266,3,-110.2,-14.22,61.1,233,1
2024-01-03 13:00:00,CELL_012,micro,mMTC,26.89,28.978,0.3582,6,-72.5,-17.3,31.7,191,1
2024-01-03 14:00:00,CELL_012,micro,mMTC,46.37,30.478,2.0763,2,-120.0,-10.85,49.0,190,1
2024-01-03 15:00:00,CELL_012,micro,mMTC,40.36,14.647,0.1455,5,-74.2,-10.23,31.3,196,1
2024-01-03 16:00:00,CELL_012,micro,mMTC,47.83,23.669,0.9588,2,-74.2,-11.22,35.0,183,1
2024-01-03 17:00:00,CELL_012,micro,mMTC,25.2,26.163,2.0386,1,-120.0,-11.91,24.3,194,1
2024-01-03 18:00:00,CELL_012,micro,mMTC,51.71,19.985,1.4074,2,-85.7,-18.17,38.4,177,1
2024-01-03 19:00:00,CELL_012,micro,mMTC,22.42,31.484,1.0228,3,-102.0,-5.02,9.9,143,1
2024-01-03 20:00:00,CELL_012,micro,mMTC,33.75,38.578,0.2048,4,-120.0,-14.97,26.1,131,1
2024-01-03 21:00:00,CELL_012,micro,mMTC,33.14,17.028,1.4519,2,-70.0,-12.02,15.1,142,1
2024-01-03 22:00:00,CELL_012,micro,mMTC,59.26,10.452,0.2791,3,-82.8,-20.0,46.3,224,1
2024-01-03 23:00:00,CELL_012,micro,mMTC,5.0,24.977,0.0264,5,-71.6,-17.8,27.3,182,1
2024-01-04 00:00:00,CELL_012,micro,mMTC,60.95,10.98,0.7572,1,-104.7,-15.12,35.1,280,1
2024-01-04 01:00:00,CELL_012,micro,mMTC,49.43,39.12,2.7249,3,-89.5,-4.25,14.8,161,1
2024-01-04 02:00:00,CELL_012,micro,mMTC,59.86,3.507,4.0427,1,-101.7,-8.97,51.0,224,1
2024-01-04 03:00:00,CELL_012,micro,mMTC,40.24,32.11,0.5331,0,-81.8,-4.62,28.1,216,1
2024-01-04 04:00:00,CELL_012,micro,mMTC,68.78,14.896,3.57,4,-76.4,-16.52,38.9,199,1
2024-01-04 05:00:00,CELL_012,micro,mMTC,69.95,18.595,0.6507,4,-96.1,-15.08,30.0,240,1
2024-01-04 06:00:00,CELL_012,micro,mMTC,42.46,21.345,0.0149,2,-72.0,-3.97,31.3,229,1
2024-01-04 07:00:00,CELL_012,micro,mMTC,56.99,17.712,1.4757,3,-120.0,-9.57,43.5,260,1
2024-01-04 08:00:00,CELL_012,micro,mMTC,23.14,18.126,0.7277,1,-93.9,-9.37,42.1,201,1
2024-01-04 09:00:00,CELL_012,micro,mMTC,31.49,36.529,0.2996,3,-102.7,-11.88,31.0,203,1
2024-01-04 10:00:00,CELL_012,micro,mMTC,49.35,19.558,1.8734,6,-70.0,-19.23,43.3,189,1
2024-01-04 11:00:00,CELL_012,micro,mMTC,57.76,11.32,0.2508,5,-120.0,-12.07,56.7,230,1
2024-01-04 12:00:00,CELL_012,micro,mMTC,53.83,36.494,0.2575,5,-112.2,-3.04,23.1,151,1
2024-01-04 13:00:00,CELL_012,micro,mMTC,66.51,34.609,0.1259,1,-87.4,-12.03,23.9,183,1
2024-01-04 14:00:00,CELL_012,micro,mMTC,86.24,16.94,2.9395,2,-103.0,-14.79,52.8,187,1
2024-01-04 15:00:00,CELL_012,micro,mMTC,54.93,38.306,0.5067,5,-94.4,-13.11,42.2,195,1
2024-01-04 16:00:00,CELL_012,micro,mMTC,24.04,14.169,0.342,5,-103.6,-14.68,48.3,224,1
2024-01-04 17:00:00,CELL_012,micro,mMTC,32.98,34.601,0.2601,2,-96.1,-5.74,29.5,116,1
2024-01-04 18:00:00,CELL_012,micro,mMTC,44.79,27.366,1.0937,1,-106.5,-9.14,8.2,197,1
2024-01-04 19:00:00,CELL_012,micro,mMTC,33.18,22.643,0.6607,4,-108.2,-11.37,23.5,167,1
2024-01-04 20:00:00,CELL_012,micro,mMTC,79.05,35.586,0.6083,3,-79.7,-15.26,30.3,203,1
2024-01-04 21:00:00,CELL_012,micro,mMTC,47.27,22.559,3.9151,6,-120.0,-12.72,49.6,222,1
2024-01-04 22:00:00,CELL_012,micro,mMTC,34.71,24.454,0.6862,4,-97.1,-16.3,37.3,233,1
2024-01-04 23:00:00,CELL_012,micro,mMTC,19.46,31.995,2.2821,4,-96.3,-13.06,58.2,222,1
2024-01-05 00:00:00,CELL_012,micro,mMTC,59.54,19.27,0.7236,2,-97.7,-7.0,42.1,208,1
2024-01-05 01:00:00,CELL_012,micro,mMTC,40.59,31.439,0.4133,6,-117.3,-15.75,30.5,188,1
2024-01-05 02:00:00,CELL_012,micro,mMTC,47.23,23.783,3.2195,6,-70.0,-11.9,41.0,185,1
2024-01-05 03:00:00,CELL_012,micro,mMTC,43.05,0.672,0.1135,3,-80.2,-11.15,36.6,263,1
2024-01-05 04:00:00,CELL_012,micro,mMTC,65.82,37.583,0.4954,4,-85.4,-9.72,41.0,196,1
2024-01-05 05:00:00,CELL_012,micro,mMTC,53.83,13.81,6.1969,3,-79.9,-20.0,41.8,228,0
2024-01-05 06:00:00,CELL_012,micro,mMTC,72.47,24.019,0.76,3,-80.0,-14.67,40.7,253,1
2024-01-05 07:00:00,CELL_012,micro,mMTC,32.02,25.95,0.2854,4,-94.0,-14.46,27.1,175,1
2024-01-05 08:00:00,CELL_012,micro,mMTC,71.89,34.134,0.8831,2,-110.5,-15.05,33.4,219,1
2024-01-05 09:00:00,CELL_012,micro,mMTC,59.41,28.955,0.1272,4,-84.3,-8.94,49.2,251,1
2024-01-05 10:00:00,CELL_012,micro,mMTC,66.3,0.3,0.717,6,-96.5,-9.41,39.8,229,1
2024-01-05 11:00:00,CELL_012,micro,mMTC,55.67,19.368,1.2784,3,-72.2,-9.83,28.7,250,1
2024-01-05 12:00:00,CELL_012,micro,mMTC,79.29,16.394,2.0939,3,-78.1,-19.61,44.1,214,1
2024-01-05 13:00:00,CELL_012,micro,mMTC,20.88,28.159,1.6337,2,-97.4,-14.37,13.1,179,1
2024-01-05 14:00:00,CELL_012,micro,mMTC,24.57,30.869,2.8615,6,-113.1,-10.63,49.6,167,1
2024-01-05 15:00:00,CELL_012,micro,mMTC,6.36,35.222,0.2378,3,-96.4,-16.63,33.0,167,1
2024-01-05 16:00:00,CELL_012,micro,mMTC,40.62,19.222,0.3423,4,-77.0,-11.02,35.7,176,1
2024-01-05 17:00:00,CELL_012,micro,mMTC,30.76,36.321,1.311,4,-74.1,-12.78,24.3,204,1
2024-01-05 18:00:00,CELL_012,micro,mMTC,35.35,29.821,0.3107,2,-78.8,-8.47,42.6,227,1
2024-01-05 19:00:00,CELL_012,micro,mMTC,47.33,33.024,0.0985,3,-116.8,-20.0,23.4,160,1
2024-01-05 20:00:00,CELL_012,micro,mMTC,47.69,33.302,0.3183,1,-111.6,-19.65,35.5,179,1
2024-01-05 21:00:00,CELL_012,micro,mMTC,51.62,6.615,0.5376,5,-107.4,-15.06,44.8,233,1
2024-01-05 22:00:00,CELL_012,micro,mMTC,13.51,29.078,0.3151,3,-119.0,-9.49,40.1,185,1
2024-01-05 23:00:00,CELL_012,micro,mMTC,70.02,17.624,2.0173,2,-92.1,-12.49,31.2,249,1
2024-01-06 00:00:00,CELL_012,micro,mMTC,29.02,15.191,2.0358,5,-89.4,-20.0,41.1,175,1
2024-01-06 01:00:00,CELL_012,micro,mMTC,36.04,23.97,0.1185,4,-89.7,-10.86,44.9,167,1
2024-01-06 02:00:00,CELL_012,micro,mMTC,30.18,23.604,0.1639,4,-89.0,-14.89,37.3,235,1
2024-01-06 03:00:00,CELL_012,micro,mMTC,51.15,17.092,1.6662,1,-79.5,-20.0,42.0,239,1
2024-01-06 04:00:00,CELL_012,micro,mMTC,29.95,21.977,0.3994,6,-106.0,-14.21,35.8,210,1
2024-01-06 05:00:00,CELL_012,micro,mMTC,34.44,24.914,0.8931,5,-86.4,-13.82,51.5,210,1
2024-01-06 06:00:00,CELL_012,micro,mMTC,49.19,34.753,0.6112,8,-88.9,-14.1,39.9,225,1
2024-01-06 07:00:00,CELL_012,micro,mMTC,47.78,36.965,0.5642,1,-73.6,-17.66,28.0,189,1
2024-01-06 08:00:00,CELL_012,micro,mMTC,55.76,27.844,0.4479,3,-75.7,-13.47,32.8,194,1
2024-01-06 09:00:00,CELL_012,micro,mMTC,71.6,23.85,0.0477,6,-85.3,-11.03,46.6,187,1
2024-01-06 10:00:00,CELL_012,micro,mMTC,62.6,22.795,2.4931,4,-102.5,-7.56,42.8,252,1
2024-01-06 11:00:00,CELL_012,micro,mMTC,89.79,18.672,0.6486,3,-96.5,-15.41,54.2,236,1
2024-01-06 12:00:00,CELL_012,micro,mMTC,64.33,26.982,0.8461,2,-104.5,-20.0,30.7,238,1
2024-01-06 13:00:00,CELL_012,micro,mMTC,54.29,24.875,0.1818,4,-113.7,-3.0,42.5,215,1
2024-01-06 14:00:00,CELL_012,micro,mMTC,54.2,34.431,3.6178,3,-90.4,-11.81,32.0,169,1
2024-01-06 15:00:00,CELL_012,micro,mMTC,41.75,18.714,0.2742,3,-86.1,-3.0,34.5,197,1
2024-01-06 16:00:00,CELL_012,micro,mMTC,45.45,21.484,0.1451,3,-100.7,-14.46,35.8,158,1
2024-01-06 17:00:00,CELL_012,micro,mMTC,15.57,26.322,3.8727,2,-104.9,-9.41,13.9,109,1
2024-01-06 18:00:00,CELL_012,micro,mMTC,53.37,23.27,1.0681,4,-85.3,-16.73,40.2,217,1
2024-01-06 19:00:00,CELL_012,micro,mMTC,43.31,14.463,3.3332,3,-99.3,-9.57,53.2,220,1
2024-01-06 20:00:00,CELL_012,micro,mMTC,60.42,26.256,0.7638,3,-73.7,-15.79,45.1,176,1
2024-01-06 21:00:00,CELL_012,micro,mMTC,40.84,35.684,1.4269,7,-87.6,-12.37,27.4,202,1
2024-01-06 22:00:00,CELL_012,micro,mMTC,63.36,20.426,0.4486,4,-96.7,-9.81,57.0,240,1
2024-01-06 23:00:00,CELL_012,micro,mMTC,33.53,25.935,1.2633,3,-76.3,-11.28,53.2,161,1
2024-01-07 00:00:00,CELL_012,micro,mMTC,37.1,23.074,4.5294,2,-107.9,-11.77,25.7,206,1
2024-01-07 01:00:00,CELL_012,micro,mMTC,42.8,17.392,1.8789,4,-70.0,-8.94,40.9,237,1
2024-01-07 02:00:00,CELL_012,micro,mMTC,32.75,21.282,0.3847,3,-94.8,-14.62,24.5,247,1
2024-01-07 03:00:00,CELL_012,micro,mMTC,51.84,21.607,0.4474,1,-92.4,-10.95,42.5,238,1
2024-01-07 04:00:00,CELL_012,micro,mMTC,55.39,30.392,0.0921,2,-97.0,-11.19,43.4,210,1
2024-01-07 05:00:00,CELL_012,micro,mMTC,63.88,19.114,0.2187,1,-91.5,-11.93,42.4,237,1
2024-01-07 06:00:00,CELL_012,micro,mMTC,53.4,22.021,0.1641,3,-100.8,-3.0,36.7,290,1
2024-01-07 07:00:00,CELL_012,micro,mMTC,44.88,20.876,0.3357,7,-105.6,-15.11,48.3,238,1
2024-01-07 08:00:00,CELL_012,micro,mMTC,30.54,12.52,2.4831,4,-72.8,-5.46,24.3,233,1
2024-01-07 09:00:00,CELL_012,micro,mMTC,42.71,30.825,0.5057,0,-97.5,-15.75,20.0,207,1
2024-01-07 10:00:00,CELL_012,micro,mMTC,69.99,21.029,0.3111,2,-94.3,-5.08,29.6,183,1
2024-01-07 11:00:00,CELL_012,micro,mMTC,46.58,26.254,0.3353,3,-70.0,-11.65,33.4,192,1
2024-01-07 12:00:00,CELL_012,micro,mMTC,43.03,30.084,3.7747,3,-79.6,-11.44,16.9,163,1
2024-01-07 13:00:00,CELL_012,micro,mMTC,54.27,16.475,2.4529,2,-86.5,-10.61,34.2,216,1
2024-01-07 14:00:00,CELL_012,micro,mMTC,45.13,35.537,0.0627,6,-100.8,-15.26,38.5,174,1
2024-01-07 15:00:00,CELL_012,micro,mMTC,65.01,32.505,0.1777,1,-107.5,-14.85,36.0,172,1
2024-01-07 16:00:00,CELL_012,micro,mMTC,39.93,32.563,0.1548,3,-98.6,-10.52,14.3,154,1
2024-01-07 17:00:00,CELL_012,micro,mMTC,61.76,22.566,0.9332,5,-105.8,-10.31,14.6,157,1
2024-01-07 18:00:00,CELL_012,micro,mMTC,26.5,29.948,1.9388,6,-97.6,-10.22,24.8,167,1
2024-01-07 19:00:00,CELL_012,micro,mMTC,50.83,29.859,0.4926,4,-110.2,-5.96,33.4,152,1
2024-01-07 20:00:00,CELL_012,micro,mMTC,25.33,22.35,1.0906,5,-93.3,-12.52,28.1,205,1
2024-01-07 21:00:00,CELL_012,micro,mMTC,36.74,34.925,1.8047,1,-79.6,-13.51,39.0,125,1
2024-01-07 22:00:00,CELL_012,micro,mMTC,40.8,24.616,0.1926,3,-120.0,-6.04,27.9,221,1
2024-01-07 23:00:00,CELL_012,micro,mMTC,54.42,22.518,1.1319,2,-116.9,-14.8,34.3,213,1
2024-01-08 00:00:00,CELL_012,micro,mMTC,82.38,19.028,1.6907,3,-95.1,-3.0,30.7,229,1
2024-01-08 01:00:00,CELL_012,micro,mMTC,46.02,20.233,0.275,2,-102.4,-14.82,9.9,236,1
2024-01-08 02:00:00,CELL_012,micro,mMTC,31.69,20.521,0.1011,2,-85.9,-11.03,28.8,167,1
2024-01-08 03:00:00,CELL_012,micro,mMTC,36.44,36.665,0.0524,1,-118.8,-5.54,43.9,213,1
2024-01-08 04:00:00,CELL_012,micro,mMTC,42.13,16.811,0.0547,7,-99.9,-7.83,42.2,203,1
2024-01-08 05:00:00,CELL_012,micro,mMTC,34.34,18.289,0.8047,4,-78.1,-6.97,45.9,244,1
2024-01-08 06:00:00,CELL_012,micro,mMTC,29.39,12.027,1.3382,7,-108.2,-19.2,34.2,209,1
2024-01-08 07:00:00,CELL_012,micro,mMTC,38.31,18.941,0.1273,4,-109.3,-9.95,30.7,227,1
2024-01-08 08:00:00,CELL_012,micro,mMTC,63.26,18.462,2.6433,6,-99.2,-18.42,33.0,214,1
2024-01-08 09:00:00,CELL_012,micro,mMTC,51.02,21.391,0.9812,1,-103.6,-11.64,22.4,180,1
2024-01-08 10:00:00,CELL_012,micro,mMTC,48.99,32.02,5.4305,1,-115.6,-5.97,52.2,216,0
2024-01-08 11:00:00,CELL_012,micro,mMTC,35.14,14.568,0.7226,2,-75.6,-11.67,42.5,235,1
2024-01-08 12:00:00,CELL_012,micro,mMTC,57.3,26.623,0.8566,7,-86.6,-12.22,27.4,189,1
2024-01-08 13:00:00,CELL_012,micro,mMTC,66.61,19.249,0.2262,2,-115.4,-6.68,48.4,243,1
2024-01-08 14:00:00,CELL_012,micro,mMTC,56.64,14.918,4.4909,3,-102.3,-18.76,46.2,204,1
2024-01-08 15:00:00,CELL_012,micro,mMTC,41.76,20.603,0.5104,1,-100.9,-10.05,41.7,195,1
2024-01-08 16:00:00,CELL_012,micro,mMTC,47.48,22.951,1.8259,3,-79.3,-6.97,34.0,185,1
2024-01-08 17:00:00,CELL_012,micro,mMTC,43.43,28.103,0.9895,2,-109.6,-12.72,47.8,213,1
2024-01-08 18:00:00,CELL_012,micro,mMTC,40.38,30.812,0.2469,1,-106.0,-6.8,30.9,178,1
2024-01-08 19:00:00,CELL_012,micro,mMTC,28.43,23.683,0.9085,3,-95.8,-17.93,34.9,199,1
2024-01-08 20:00:00,CELL_012,micro,mMTC,46.9,32.969,1.3394,5,-110.3,-19.86,31.4,181,1
2024-01-08 21:00:00,CELL_012,micro,mMTC,25.35,22.64,2.9803,1,-77.7,-8.33,30.0,203,1
2024-01-08 22:00:00,CELL_012,micro,mMTC,59.3,16.256,2.1618,1,-84.0,-12.63,57.1,237,1
2024-01-08 23:00:00,CELL_012,micro,mMTC,42.45,11.832,1.8623,4,-87.7,-14.93,18.3,185,1
2024-01-09 00:00:00,CELL_012,micro,mMTC,64.39,18.189,2.9347,4,-116.2,-20.0,55.6,189,1
2024-01-09 01:00:00,CELL_012,micro,mMTC,57.58,19.986,0.0737,3,-94.8,-12.07,51.7,191,1
2024-01-09 02:00:00,CELL_012,micro,mMTC,58.97,34.05,0.5649,3,-97.7,-13.16,44.4,199,1
2024-01-09 03:00:00,CELL_012,micro,mMTC,64.34,19.806,1.6025,3,-74.6,-16.91,41.1,239,1
2024-01-09 04:00:00,CELL_012,micro,mMTC,74.15,12.618,0.6986,5,-97.6,-5.54,35.6,226,1
2024-01-09 05:00:00,CELL_012,micro,mMTC,49.93,49.596,0.8746,6,-106.7,-10.66,53.4,188,1
2024-01-09 06:00:00,CELL_012,micro,mMTC,38.36,35.982,0.0351,8,-105.7,-7.61,17.5,164,1
2024-01-09 07:00:00,CELL_012,micro,mMTC,62.88,25.476,0.1533,7,-109.9,-19.84,41.7,202,1
2024-01-09 08:00:00,CELL_012,micro,mMTC,62.58,7.967,0.2716,5,-116.0,-20.0,49.0,255,1
2024-01-09 09:00:00,CELL_012,micro,mMTC,30.03,19.085,2.5511,5,-100.3,-17.67,34.0,228,1
2024-01-09 10:00:00,CELL_012,micro,mMTC,60.74,22.019,5.8739,4,-80.7,-11.64,32.6,201,0
2024-01-09 11:00:00,CELL_012,micro,mMTC,45.14,15.197,1.066,5,-103.1,-17.25,14.4,164,1
2024-01-09 12:00:00,CELL_012,micro,mMTC,31.4,25.502,1.5755,3,-84.5,-7.4,39.5,190,1
2024-01-09 13:00:00,CELL_012,micro,mMTC,27.81,42.232,0.0717,4,-105.2,-20.0,31.0,144,1
2024-01-09 14:00:00,CELL_012,micro,mMTC,46.06,16.57,4.4603,3,-89.1,-17.45,40.7,196,1
2024-01-09 15:00:00,CELL_012,micro,mMTC,31.5,24.583,3.6635,4,-88.2,-15.01,23.6,151,1
2024-01-09 16:00:00,CELL_012,micro,mMTC,47.92,32.84,0.439,5,-84.5,-9.58,27.9,180,1
2024-01-09 17:00:00,CELL_012,micro,mMTC,27.7,37.741,0.346,2,-110.7,-5.08,24.8,189,1
2024-01-09 18:00:00,CELL_012,micro,mMTC,67.66,11.382,0.7942,1,-120.0,-4.88,30.4,174,1
2024-01-09 19:00:00,CELL_012,micro,mMTC,40.03,29.814,0.4045,3,-70.0,-18.76,32.4,235,1
2024-01-09 20:00:00,CELL_012,micro,mMTC,78.22,20.146,5.2059,2,-110.9,-9.21,14.2,187,0
2024-01-09 21:00:00,CELL_012,micro,mMTC,55.62,24.895,3.3201,1,-83.7,-14.78,24.9,235,1
2024-01-09 22:00:00,CELL_012,micro,mMTC,22.58,43.757,0.7106,5,-77.7,-9.09,39.2,200,1
2024-01-09 23:00:00,CELL_012,micro,mMTC,55.01,39.025,0.8478,0,-106.4,-8.86,43.3,234,1
2024-01-10 00:00:00,CELL_012,micro,mMTC,57.78,16.958,1.616,4,-98.3,-8.48,28.9,267,1
2024-01-10 01:00:00,CELL_012,micro,mMTC,82.43,19.354,2.8189,2,-93.6,-12.77,50.0,224,1
2024-01-10 02:00:00,CELL_012,micro,mMTC,30.79,20.614,1.0701,3,-115.1,-16.19,46.4,262,1
2024-01-10 03:00:00,CELL_012,micro,mMTC,38.71,28.753,0.5732,0,-114.6,-15.89,26.1,232,1
2024-01-10 04:00:00,CELL_012,micro,mMTC,57.87,36.081,0.9698,6,-88.1,-10.97,56.2,262,1
2024-01-10 05:00:00,CELL_012,micro,mMTC,74.64,19.836,0.423,5,-90.6,-20.0,40.5,220,1
2024-01-10 06:00:00,CELL_012,micro,mMTC,39.87,23.371,2.0783,2,-86.8,-18.72,29.2,176,1
2024-01-10 07:00:00,CELL_012,micro,mMTC,28.69,40.642,0.1948,2,-91.7,-17.59,36.3,154,1
2024-01-10 08:00:00,CELL_012,micro,mMTC,34.52,12.093,0.6043,4,-96.1,-20.0,40.5,214,1
2024-01-10 09:00:00,CELL_012,micro,mMTC,39.12,32.887,0.9492,4,-120.0,-4.18,37.0,172,1
2024-01-10 10:00:00,CELL_012,micro,mMTC,54.53,22.861,0.6488,5,-111.5,-8.42,50.4,204,1
2024-01-10 11:00:00,CELL_012,micro,mMTC,27.07,35.029,0.4863,1,-116.8,-7.39,43.4,230,1
2024-01-10 12:00:00,CELL_012,micro,mMTC,43.7,12.539,1.2803,4,-93.9,-9.54,47.4,278,1
2024-01-10 13:00:00,CELL_012,micro,mMTC,52.26,16.724,3.5436,4,-85.4,-14.32,39.3,170,1
2024-01-10 14:00:00,CELL_012,micro,mMTC,45.39,19.798,2.1449,2,-74.0,-12.69,64.2,241,1
2024-01-10 15:00:00,CELL_012,micro,mMTC,30.12,30.212,1.3252,0,-98.9,-15.16,22.0,150,1
2024-01-10 16:00:00,CELL_012,micro,mMTC,80.64,31.438,3.5069,6,-105.4,-18.93,40.3,230,1
2024-01-10 17:00:00,CELL_012,micro,mMTC,21.06,37.23,1.4593,4,-104.6,-20.0,37.3,203,1
2024-01-10 18:00:00,CELL_012,micro,mMTC,43.37,15.551,1.2061,5,-96.7,-20.0,33.2,206,1
2024-01-10 19:00:00,CELL_012,micro,mMTC,29.57,29.099,2.8518,3,-112.4,-12.82,27.0,147,1
2024-01-10 20:00:00,CELL_012,micro,mMTC,25.27,24.244,0.1876,2,-110.9,-5.92,36.2,202,1
2024-01-10 21:00:00,CELL_012,micro,mMTC,53.87,18.241,0.7466,4,-91.7,-15.76,32.2,227,1
2024-01-10 22:00:00,CELL_012,micro,mMTC,22.57,26.291,5.2385,2,-80.7,-8.6,48.8,197,0
2024-01-10 23:00:00,CELL_012,micro,mMTC,31.13,7.051,1.5285,4,-81.0,-18.95,32.2,225,1
2024-01-11 00:00:00,CELL_012,micro,mMTC,58.92,20.462,0.5468,0,-83.7,-16.13,38.6,232,1
2024-01-11 01:00:00,CELL_012,micro,mMTC,46.57,10.248,0.2214,3,-98.2,-3.0,52.7,241,1
2024-01-11 02:00:00,CELL_012,micro,mMTC,24.11,33.496,0.4572,1,-105.7,-8.11,34.0,246,1
2024-01-11 03:00:00,CELL_012,micro,mMTC,27.2,26.084,0.391,3,-102.2,-14.7,30.5,219,1
2024-01-11 04:00:00,CELL_012,micro,mMTC,29.12,12.726,0.148,1,-90.3,-12.44,48.2,205,1
2024-01-11 05:00:00,CELL_012,micro,mMTC,49.0,20.241,2.994,4,-111.2,-20.0,41.3,209,1
2024-01-11 06:00:00,CELL_012,micro,mMTC,24.35,9.79,0.148,1,-91.5,-8.07,26.3,188,1
2024-01-11 07:00:00,CELL_012,micro,mMTC,55.72,27.508,0.342,4,-94.3,-20.0,31.5,185,1
2024-01-11 08:00:00,CELL_012,micro,mMTC,57.35,27.847,0.7051,1,-94.5,-12.26,41.5,211,1
2024-01-11 09:00:00,CELL_012,micro,mMTC,48.13,31.001,2.6476,3,-120.0,-14.38,14.3,183,1
2024-01-01 00:00:00,CELL_013,micro,mMTC,44.98,17.613,1.1264,2,-109.0,-20.0,30.1,186,1
2024-01-01 01:00:00,CELL_013,micro,mMTC,50.57,15.351,0.9548,0,-120.0,-8.5,39.3,241,1
2024-01-01 02:00:00,CELL_013,micro,mMTC,86.3,19.863,0.2014,1,-93.5,-3.39,55.9,264,1
2024-01-01 03:00:00,CELL_013,micro,mMTC,73.79,11.637,0.9994,5,-94.2,-9.97,31.0,258,1
2024-01-01 04:00:00,CELL_013,micro,mMTC,50.16,14.184,0.55,2,-92.5,-17.7,48.9,210,1
2024-01-01 05:00:00,CELL_013,micro,mMTC,43.29,29.846,4.5402,1,-93.4,-9.91,50.5,197,1
2024-01-01 06:00:00,CELL_013,micro,mMTC,66.33,11.403,2.0533,3,-97.3,-20.0,35.7,211,1
2024-01-01 07:00:00,CELL_013,micro,mMTC,49.17,22.118,1.073,2,-89.8,-18.64,26.8,261,1
2024-01-01 08:00:00,CELL_013,micro,mMTC,46.49,28.911,3.1814,5,-94.5,-11.88,25.6,216,1
2024-01-01 09:00:00,CELL_013,micro,mMTC,23.12,5.758,0.9217,4,-97.5,-8.88,42.8,238,1
2024-01-01 10:00:00,CELL_013,micro,mMTC,44.12,24.101,2.514,3,-76.7,-14.7,52.2,186,1
2024-01-01 11:00:00,CELL_013,micro,mMTC,63.04,22.516,0.1636,2,-95.8,-9.23,36.3,237,1
2024-01-01 12:00:00,CELL_013,micro,mMTC,57.43,10.654,1.5491,0,-99.1,-18.75,27.4,185,1
2024-01-01 13:00:00,CELL_013,micro,mMTC,16.89,14.692,0.9427,4,-108.7,-10.23,20.6,224,1
2024-01-01 14:00:00,CELL_013,micro,mMTC,58.65,14.129,0.8278,1,-81.6,-6.55,38.1,199,1
2024-01-01 15:00:00,CELL_013,micro,mMTC,33.72,33.266,0.009,4,-70.0,-10.63,39.6,221,1
2024-01-01 16:00:00,CELL_013,micro,mMTC,43.83,26.015,3.2965,3,-113.8,-3.0,41.6,181,1
2024-01-01 17:00:00,CELL_013,micro,mMTC,49.25,33.425,0.6382,5,-94.2,-11.92,28.4,142,1
2024-01-01 18:00:00,CELL_013,micro,mMTC,27.68,39.46,0.2904,2,-70.8,-3.0,13.5,150,1
2024-01-01 19:00:00,CELL_013,micro,mMTC,15.99,27.22,4.702,2,-95.2,-20.0,31.1,233,1
2024-01-01 20:00:00,CELL_013,micro,mMTC,33.5,34.192,0.6875,0,-99.4,-13.15,27.5,145,1
2024-01-01 21:00:00,CELL_013,micro,mMTC,64.19,30.748,0.352,8,-92.3,-12.86,29.8,186,1
2024-01-01 22:00:00,CELL_013,micro,mMTC,58.82,8.558,0.7801,3,-79.6,-15.11,56.9,182,1
2024-01-01 23:00:00,CELL_013,micro,mMTC,60.75,34.687,0.0463,4,-98.9,-14.93,34.2,178,1
2024-01-02 00:00:00,CELL_013,micro,mMTC,27.9,33.211,0.3024,2,-104.7,-20.0,15.8,185,1
2024-01-02 01:00:00,CELL_013,micro,mMTC,43.0,6.831,1.4626,4,-103.2,-10.02,45.3,271,1
2024-01-02 02:00:00,CELL_013,micro,mMTC,50.99,18.78,0.0274,4,-103.6,-12.79,32.9,289,1
2024-01-02 03:00:00,CELL_013,micro,mMTC,39.21,12.979,2.4091,1,-94.7,-10.53,27.8,236,1
2024-01-02 04:00:00,CELL_013,micro,mMTC,34.42,31.489,0.5078,5,-101.2,-8.0,54.0,214,1
2024-01-02 05:00:00,CELL_013,micro,mMTC,25.97,29.852,0.9732,3,-80.6,-17.5,38.5,203,1
2024-01-02 06:00:00,CELL_013,micro,mMTC,32.16,28.096,0.4565,3,-92.4,-10.62,37.6,277,1
2024-01-02 07:00:00,CELL_013,micro,mMTC,77.09,25.342,0.752,6,-88.4,-20.0,46.8,230,1
2024-01-02 08:00:00,CELL_013,micro,mMTC,54.59,28.942,0.844,1,-88.4,-20.0,24.0,254,1
2024-01-02 09:00:00,CELL_013,micro,mMTC,52.15,16.903,1.4686,2,-114.6,-13.51,36.3,251,1
2024-01-02 10:00:00,CELL_013,micro,mMTC,64.69,25.227,1.2183,2,-74.5,-13.16,43.8,256,1
2024-01-02 11:00:00,CELL_013,micro,mMTC,57.14,14.476,0.4142,1,-90.0,-14.27,31.1,183,1
2024-01-02 12:00:00,CELL_013,micro,mMTC,55.63,17.605,2.7644,5,-86.9,-10.71,50.2,238,1
2024-01-02 13:00:00,CELL_013,micro,mMTC,36.85,25.111,0.1263,2,-102.4,-10.75,34.2,199,1
2024-01-02 14:00:00,CELL_013,micro,mMTC,32.2,28.041,0.8797,5,-81.9,-9.51,36.4,214,1
2024-01-02 15:00:00,CELL_013,micro,mMTC,29.04,32.155,1.4455,2,-72.2,-9.43,29.7,231,1
2024-01-02 16:00:00,CELL_013,micro,mMTC,47.77,31.618,0.4133,3,-83.1,-10.77,38.5,193,1
2024-01-02 17:00:00,CELL_013,micro,mMTC,52.43,36.105,1.103,1,-104.8,-10.66,31.6,199,1
2024-01-02 18:00:00,CELL_013,micro,mMTC,78.06,15.422,0.0566,1,-70.0,-15.51,22.8,229,1
2024-01-02 19:00:00,CELL_013,micro,mMTC,52.24,23.011,2.1219,3,-97.0,-12.95,56.6,259,1
2024-01-02 20:00:00,CELL_013,micro,mMTC,41.7,26.703,1.1059,5,-107.3,-13.02,21.1,174,1
2024-01-02 21:00:00,CELL_013,micro,mMTC,41.86,30.029,0.072,3,-86.1,-12.16,29.9,239,1
2024-01-02 22:00:00,CELL_013,micro,mMTC,38.47,30.299,0.8361,6,-99.4,-16.39,27.4,226,1
2024-01-02 23:00:00,CELL_013,micro,mMTC,45.74,18.282,1.0186,6,-98.5,-14.79,49.7,191,1
2024-01-03 00:00:00,CELL_013,micro,mMTC,53.48,38.252,0.1307,1,-70.6,-11.37,23.3,203,1
2024-01-03 01:00:00,CELL_013,micro,mMTC,32.35,36.381,0.8054,2,-105.8,-11.7,35.9,187,1
2024-01-03 02:00:00,CELL_013,micro,mMTC,22.01,25.623,0.5356,3,-70.0,-3.31,35.8,187,1
2024-01-03 03:00:00,CELL_013,micro,mMTC,41.58,25.192,0.7037,2,-101.0,-17.26,39.3,241,1
2024-01-03 04:00:00,CELL_013,micro,mMTC,62.63,9.225,0.4086,4,-103.2,-9.77,49.0,247,1
2024-01-03 05:00:00,CELL_013,micro,mMTC,56.87,20.81,0.069,6,-109.7,-12.86,36.8,199,1
2024-01-03 06:00:00,CELL_013,micro,mMTC,65.59,16.626,0.795,4,-80.3,-8.31,36.2,224,1
2024-01-03 07:00:00,CELL_013,micro,mMTC,60.0,21.273,0.7676,0,-95.8,-17.24,48.1,208,1
2024-01-03 08:00:00,CELL_013,micro,mMTC,59.64,19.833,1.5053,4,-70.0,-11.09,27.7,205,1
2024-01-03 09:00:00,CELL_013,micro,mMTC,56.53,25.73,0.9415,1,-93.3,-3.0,36.5,259,1
2024-01-03 10:00:00,CELL_013,micro,mMTC,54.52,25.465,0.887,5,-106.2,-10.97,51.8,256,1
2024-01-03 11:00:00,CELL_013,micro,mMTC,55.98,17.918,2.031,3,-93.3,-12.42,45.7,238,1
2024-01-03 12:00:00,CELL_013,micro,mMTC,46.26,19.467,3.2991,2,-92.0,-16.54,50.1,225,1
2024-01-03 13:00:00,CELL_013,micro,mMTC,62.44,24.094,0.9089,4,-72.4,-20.0,38.6,200,1
2024-01-03 14:00:00,CELL_013,micro,mMTC,22.6,30.162,2.7933,4,-99.7,-7.28,46.2,210,1
2024-01-03 15:00:00,CELL_013,micro,mMTC,52.77,35.637,0.2107,1,-105.9,-18.16,23.4,176,1
2024-01-03 16:00:00,CELL_013,micro,mMTC,36.32,20.959,0.0288,1,-82.7,-13.12,43.7,158,1
2024-01-03 17:00:00,CELL_013,micro,mMTC,44.07,39.437,0.214,2,-112.2,-4.5,41.8,159,1
2024-01-03 18:00:00,CELL_013,micro,mMTC,59.28,24.252,4.1707,4,-108.8,-19.78,51.8,182,1
2024-01-03 19:00:00,CELL_013,micro,mMTC,34.98,20.041,0.6402,2,-113.9,-11.23,16.6,210,1
2024-01-03 20:00:00,CELL_013,micro,mMTC,54.86,33.493,0.3307,1,-108.0,-11.58,27.2,192,1
2024-01-03 21:00:00,CELL_013,micro,mMTC,52.63,25.79,0.4327,2,-105.0,-12.75,46.9,223,1
2024-01-03 22:00:00,CELL_013,micro,mMTC,68.4,30.612,0.6516,4,-70.0,-20.0,33.0,182,1
2024-01-03 23:00:00,CELL_013,micro,mMTC,36.06,18.279,0.684,1,-76.1,-18.09,19.9,235,1
2024-01-04 00:00:00,CELL_013,micro,mMTC,44.3,13.794,0.5705,2,-86.6,-9.73,26.3,225,1
2024-01-04 01:00:00,CELL_013,micro,mMTC,58.72,35.951,0.1927,5,-76.4,-8.35,21.8,244,1
2024-01-04 02:00:00,CELL_013,micro,mMTC,66.11,29.514,4.3962,1,-74.4,-8.91,39.2,201,1
2024-01-04 03:00:00,CELL_013,micro,mMTC,53.76,32.184,0.7694,1,-111.8,-12.16,38.5,201,1
2024-01-04 04:00:00,CELL_013,micro,mMTC,53.21,31.304,0.4639,5,-94.1,-6.46,41.0,219,1
2024-01-04 05:00:00,CELL_013,micro,mMTC,64.78,27.332,6.1264,2,-90.0,-17.72,40.7,244,0
2024-01-04 06:00:00,CELL_013,micro,mMTC,72.31,21.246,0.6613,5,-70.1,-12.78,32.2,234,1
2024-01-04 07:00:00,CELL_013,micro,mMTC,41.43,27.685,1.7392,5,-87.4,-9.99,43.6,212,1
2024-01-04 08:00:00,CELL_013,micro,mMTC,71.4,18.902,0.058,2,-91.5,-20.0,40.0,220,1
2024-01-04 09:00:00,CELL_013,micro,mMTC,63.49,10.018,0.4338,1,-114.6,-15.85,44.3,262,1
2024-01-04 10:00:00,CELL_013,micro,mMTC,64.2,18.339,1.0965,2,-95.6,-16.7,42.6,233,1
2024-01-04 11:00:00,CELL_013,micro,mMTC,41.42,24.841,0.1723,2,-106.2,-13.15,42.7,215,1
2024-01-04 12:00:00,CELL_013,micro,mMTC,66.5,25.482,1.4883,3,-89.1,-6.44,47.2,243,1
2024-01-04 13:00:00,CELL_013,micro,mMTC,34.42,33.137,0.2121,2,-94.5,-12.32,22.3,187,1
2024-01-04 14:00:00,CELL_013,micro,mMTC,52.34,39.382,0.2863,3,-120.0,-16.46,43.7,202,1
2024-01-04 15:00:00,CELL_013,micro,mMTC,27.08,35.356,5.8024,2,-75.8,-9.64,27.7,186,0
2024-01-04 16:00:00,CELL_013,micro,mMTC,41.89,41.018,0.2051,3,-118.8,-13.89,29.2,227,1
2024-01-04 17:00:00,CELL_013,micro,mMTC,39.43,36.02,0.8207,4,-101.7,-8.82,26.9,195,1
2024-01-04 18:00:00,CELL_013,micro,mMTC,30.73,9.592,2.0121,2,-70.3,-11.56,42.7,217,1
2024-01-04 19:00:00,CELL_013,micro,mMTC,30.95,39.792,0.1165,4,-94.6,-13.2,33.2,208,1
2024-01-04 20:00:00,CELL_013,micro,mMTC,50.87,27.316,0.7979,2,-81.1,-3.0,40.1,242,1
2024-01-04 21:00:00,CELL_013,micro,mMTC,65.05,36.024,0.3187,2,-97.0,-15.1,44.3,221,1
2024-01-04 22:00:00,CELL_013,micro,mMTC,58.19,29.397,0.7771,6,-93.5,-15.09,40.1,254,1
2024-01-04 23:00:00,CELL_013,micro,mMTC,46.0,22.451,0.3363,1,-102.2,-7.48,46.1,217,1
2024-01-05 00:00:00,CELL_013,micro,mMTC,41.76,18.052,0.0446,3,-103.3,-14.55,31.8,223,1
2024-01-05 01:00:00,CELL_013,micro,mMTC,49.12,43.663,1.4981,2,-86.1,-14.19,50.8,219,1
2024-01-05 02:00:00,CELL_013,micro,mMTC,62.28,17.743,5.704,0,-85.9,-15.8,37.9,205,0
2024-01-05 03:00:00,CELL_013,micro,mMTC,35.02,16.843,0.5381,3,-104.5,-17.07,28.7,211,1
2024-01-05 04:00:00,CELL_013,micro,mMTC,36.79,25.241,0.9583,4,-110.0,-6.97,48.6,193,1
2024-01-05 05:00:00,CELL_013,micro,mMTC,39.28,35.083,3.4135,1,-105.3,-11.91,43.3,233,1
2024-01-05 06:00:00,CELL_013,micro,mMTC,28.69,21.328,1.1055,1,-86.9,-6.28,33.9,201,1
2024-01-05 07:00:00,CELL_013,micro,mMTC,67.45,15.638,0.5171,3,-97.1,-12.7,37.3,248,1
2024-01-05 08:00:00,CELL_013,micro,mMTC,74.63,18.147,0.0357,4,-90.9,-16.05,41.0,265,1
2024-01-05 09:00:00,CELL_013,micro,mMTC,37.88,28.208,0.8814,4,-80.7,-8.98,39.1,198,1
2024-01-05 10:00:00,CELL_013,micro,mMTC,33.37,17.498,0.0559,4,-85.5,-19.83,40.3,208,1
2024-01-05 11:00:00,CELL_013,micro,mMTC,59.14,30.847,0.0881,4,-71.1,-17.19,45.7,185,1
2024-01-05 12:00:00,CELL_013,micro,mMTC,60.14,14.853,3.4336,2,-98.8,-4.85,53.8,206,1
2024-01-05 13:00:00,CELL_013,micro,mMTC,55.75,36.397,1.4751,3,-83.3,-20.0,28.1,265,1
2024-01-05 14:00:00,CELL_013,micro,mMTC,51.96,21.352,2.5046,2,-101.6,-14.42,33.9,235,1
2024-01-05 15:00:00,CELL_013,micro,mMTC,57.04,15.347,0.7722,5,-100.0,-12.34,8.9,172,1
2024-01-05 16:00:00,CELL_013,micro,mMTC,46.69,35.236,3.7738,4,-88.6,-7.93,20.5,171,1
2024-01-05 17:00:00,CELL_013,micro,mMTC,58.83,11.782,1.2216,3,-87.2,-10.43,29.7,186,1
2024-01-05 18:00:00,CELL_013,micro,mMTC,50.64,20.805,0.867,4,-96.4,-11.75,18.2,203,1
2024-01-05 19:00:00,CELL_013,micro,mMTC,41.49,23.313,2.8617,1,-95.0,-17.42,50.3,214,1
2024-01-05 20:00:00,CELL_013,micro,mMTC,73.29,18.197,1.9956,6,-89.1,-20.0,20.1,212,1
2024-01-05 21:00:00,CELL_013,micro,mMTC,62.08,21.269,0.1338,4,-96.2,-6.82,38.1,217,1
2024-01-05 22:00:00,CELL_013,micro,mMTC,35.35,30.307,2.5597,4,-70.0,-12.52,46.2,234,1
2024-01-05 23:00:00,CELL_013,micro,mMTC,34.85,19.883,0.7078,2,-93.6,-3.0,37.2,185,1
2024-01-06 00:00:00,CELL_013,micro,mMTC,42.67,16.455,0.482,5,-120.0,-20.0,45.9,228,1
2024-01-06 01:00:00,CELL_013,micro,mMTC,49.06,8.201,1.1422,5,-113.9,-4.96,30.3,247,1
2024-01-06 02:00:00,CELL_013,micro,mMTC,33.05,13.131,0.8563,4,-113.3,-10.37,46.2,203,1
2024-01-06 03:00:00,CELL_013,micro,mMTC,49.06,29.16,0.2493,0,-95.7,-3.73,21.8,240,1
2024-01-06 04:00:00,CELL_013,micro,mMTC,30.95,22.906,0.6747,8,-70.0,-11.54,55.8,240,1
2024-01-06 05:00:00,CELL_013,micro,mMTC,49.13,26.382,0.9938,2,-95.3,-13.37,42.9,239,1
2024-01-06 06:00:00,CELL_013,micro,mMTC,70.56,17.051,0.8541,6,-70.0,-5.26,45.9,257,1
2024-01-06 07:00:00,CELL_013,micro,mMTC,57.31,19.802,2.3935,3,-112.1,-20.0,40.4,242,1
2024-01-06 08:00:00,CELL_013,micro,mMTC,41.74,30.993,2.342,4,-111.6,-3.0,48.2,197,1
2024-01-06 09:00:00,CELL_013,micro,mMTC,53.03,22.672,4.2002,6,-110.8,-11.8,32.6,239,1
2024-01-06 10:00:00,CELL_013,micro,mMTC,53.32,24.991,0.4303,3,-107.9,-6.41,33.4,223,1
2024-01-06 11:00:00,CELL_013,micro,mMTC,45.38,14.208,1.0561,0,-102.5,-13.52,51.5,242,1
2024-01-06 12:00:00,CELL_013,micro,mMTC,42.49,28.279,0.1256,6,-70.0,-5.8,26.7,209,1
2024-01-06 13:00:00,CELL_013,micro,mMTC,58.31,19.361,1.5317,5,-111.9,-6.86,53.8,244,1
2024-01-06 14:00:00,CELL_013,micro,mMTC,58.27,27.59,3.2755,3,-99.2,-7.21,36.1,234,1
2024-01-06 15:00:00,CELL_013,micro,mMTC,42.61,12.188,0.0236,4,-83.8,-10.24,42.3,246,1
2024-01-06 16:00:00,CELL_013,micro,mMTC,59.95,10.166,0.4491,1,-92.9,-15.6,43.1,213,1
2024-01-06 17:00:00,CELL_013,micro,mMTC,73.85,17.869,3.4843,3,-111.1,-8.76,39.0,154,1
2024-01-06 18:00:00,CELL_013,micro,mMTC,5.0,21.959,1.9949,1,-79.4,-13.73,21.3,108,1
2024-01-06 19:00:00,CELL_013,micro,mMTC,39.92,9.906,3.4886,2,-101.3,-3.0,33.1,143,1
2024-01-06 20:00:00,CELL_013,micro,mMTC,55.02,28.512,0.8815,2,-109.2,-3.0,25.6,248,1
2024-01-06 21:00:00,CELL_013,micro,mMTC,49.2,18.723,2.2386,2,-101.5,-11.08,42.1,219,1
2024-01-06 22:00:00,CELL_013,micro,mMTC,64.15,28.992,1.454,3,-83.5,-15.37,27.1,211,1
2024-01-06 23:00:00,CELL_013,micro,mMTC,47.27,31.371,1.3079,4,-76.4,-5.01,42.2,235,1
2024-01-07 00:00:00,CELL_013,micro,mMTC,42.67,28.597,0.1397,4,-95.1,-10.96,52.9,235,1
2024-01-07 01:00:00,CELL_013,micro,mMTC,93.31,28.389,0.0715,3,-117.4,-14.94,45.6,244,1
2024-01-07 02:00:00,CELL_013,micro,mMTC,64.33,34.505,1.057,3,-77.8,-17.01,37.1,251,1
2024-01-07 03:00:00,CELL_013,micro,mMTC,56.68,30.425,0.2168,2,-101.3,-18.47,25.2,274,1
2024-01-07 04:00:00,CELL_013,micro,mMTC,41.58,39.174,8.3356,3,-92.6,-16.45,43.1,230,0
2024-01-07 05:00:00,CELL_013,micro,mMTC,57.77,35.807,0.384,5,-102.2,-9.32,60.1,231,1
2024-01-07 06:00:00,CELL_013,micro,mMTC,56.34,17.703,1.0127,5,-81.7,-14.52,70.4,283,1
2024-01-07 07:00:00,CELL_013,micro,mMTC,20.74,16.948,0.0536,2,-113.3,-20.0,36.2,190,1
2024-01-07 08:00:00,CELL_013,micro,mMTC,41.29,11.789,0.9776,4,-95.2,-3.84,41.0,229,1
2024-01-07 09:00:00,CELL_013,micro,mMTC,30.79,10.078,0.7882,6,-96.2,-14.06,27.5,177,1
2024-01-07 10:00:00,CELL_013,micro,mMTC,33.54,21.514,0.1079,2,-91.5,-13.02,58.3,189,1
2024-01-07 11:00:00,CELL_013,micro,mMTC,83.42,25.392,0.9243,3,-72.2,-12.32,54.5,213,1
2024-01-07 12:00:00,CELL_013,micro,mMTC,50.71,21.101,0.4632,3,-97.5,-11.02,34.1,242,1
2024-01-07 13:00:00,CELL_013,micro,mMTC,63.24,28.041,0.5683,3,-115.8,-20.0,47.0,250,1
2024-01-07 14:00:00,CELL_013,micro,mMTC,31.29,28.401,4.6895,3,-86.0,-8.1,27.8,183,1
2024-01-07 15:00:00,CELL_013,micro,mMTC,27.98,18.996,3.4961,2,-72.6,-13.28,43.6,229,1
2024-01-07 16:00:00,CELL_013,micro,mMTC,32.26,14.92,1.0921,6,-108.6,-16.16,46.0,243,1
2024-01-07 17:00:00,CELL_013,micro,mMTC,43.55,29.516,0.3274,3,-86.2,-20.0,41.1,174,1
2024-01-07 18:00:00,CELL_013,micro,mMTC,64.11,38.451,0.2597,0,-101.2,-15.86,45.4,188,1
2024-01-07 19:00:00,CELL_013,micro,mMTC,46.37,24.979,1.4109,4,-76.7,-16.15,39.6,194,1
2024-01-07 20:00:00,CELL_013,micro,mMTC,62.92,17.061,0.5252,1,-85.2,-7.18,23.0,162,1
2024-01-07 21:00:00,CELL_013,micro,mMTC,41.93,16.702,0.0374,3,-120.0,-10.13,41.4,215,1
2024-01-07 22:00:00,CELL_013,micro,mMTC,52.89,33.293,0.2222,4,-99.3,-15.52,27.6,214,1
2024-01-07 23:00:00,CELL_013,micro,mMTC,73.25,28.426,0.2694,7,-105.8,-20.0,30.7,160,1
2024-01-08 00:00:00,CELL_013,micro,mMTC,67.26,10.756,0.5035,1,-74.1,-14.56,50.5,246,1
2024-01-08 01:00:00,CELL_013,micro,mMTC,63.4,1.23,2.2717,4,-118.6,-7.59,52.9,258,1
2024-01-08 02:00:00,CELL_013,micro,mMTC,42.45,27.925,0.5997,4,-96.5,-15.47,39.8,252,1
2024-01-08 03:00:00,CELL_013,micro,mMTC,62.74,15.426,1.3568,3,-77.6,-14.76,34.4,205,1
2024-01-08 04:00:00,CELL_013,micro,mMTC,75.14,19.96,1.4021,4,-76.9,-6.74,42.5,228,1
2024-01-08 05:00:00,CELL_013,micro,mMTC,49.1,12.449,0.2587,2,-94.5,-13.35,48.8,270,1
2024-01-08 06:00:00,CELL_013,micro,mMTC,33.8,34.189,1.1076,3,-91.1,-4.79,32.4,189,1
2024-01-08 07:00:00,CELL_013,micro,mMTC,38.56,14.102,1.9501,2,-108.0,-19.42,41.9,281,1
2024-01-08 08:00:00,CELL_013,micro,mMTC,52.52,8.947,0.2026,2,-95.1,-17.99,47.7,233,1
2024-01-08 09:00:00,CELL_013,micro,mMTC,38.43,25.398,3.2539,4,-92.9,-15.64,37.2,239,1
2024-01-08 10:00:00,CELL_013,micro,mMTC,43.72,16.574,0.5643,2,-70.2,-12.52,50.5,233,1
2024-01-08 11:00:00,CELL_013,micro,mMTC,67.34,8.347,0.4059,5,-98.7,-14.31,59.6,300,1
2024-01-08 12:00:00,CELL_013,micro,mMTC,31.7,22.039,0.3665,2,-100.9,-6.94,37.6,236,1
2024-01-08 13:00:00,CELL_013,micro,mMTC,83.42,19.419,1.2088,8,-109.0,-15.88,33.8,222,1
2024-01-08 14:00:00,CELL_013,micro,mMTC,30.94,21.729,0.3176,2,-103.3,-8.09,52.4,227,1
2024-01-08 15:00:00,CELL_013,micro,mMTC,43.05,35.081,1.6956,1,-71.7,-11.43,21.0,175,1
2024-01-08 16:00:00,CELL_013,micro,mMTC,85.56,23.561,0.7598,5,-105.5,-16.6,53.5,194,1
2024-01-08 17:00:00,CELL_013,micro,mMTC,50.0,20.156,0.399,5,-82.2,-8.78,35.5,179,1
2024-01-08 18:00:00,CELL_013,micro,mMTC,44.14,14.611,0.2208,4,-85.0,-14.85,27.7,184,1
2024-01-08 19:00:00,CELL_013,micro,mMTC,55.51,23.089,0.3417,3,-78.4,-10.87,19.6,214,1
2024-01-08 20:00:00,CELL_013,micro,mMTC,70.3,29.106,1.0243,2,-101.8,-6.8,50.1,246,1
2024-01-08 21:00:00,CELL_013,micro,mMTC,39.92,11.691,0.2646,3,-104.1,-19.5,35.7,203,1
2024-01-08 22:00:00,CELL_013,micro,mMTC,45.19,34.929,1.2544,1,-114.2,-10.79,37.8,210,1
2024-01-08 23:00:00,CELL_013,micro,mMTC,46.77,13.259,3.39,2,-83.7,-12.89,51.3,202,1
2024-01-09 00:00:00,CELL_013,micro,mMTC,58.52,23.522,3.3617,5,-83.5,-5.3,36.0,273,1
2024-01-09 01:00:00,CELL_013,micro,mMTC,67.96,7.154,1.0212,1,-86.6,-10.89,54.8,256,1
2024-01-09 02:00:00,CELL_013,micro,mMTC,45.49,24.926,0.1971,1,-70.0,-12.49,42.4,232,1
2024-01-09 03:00:00,CELL_013,micro,mMTC,66.3,18.829,1.703,2,-92.7,-13.18,39.0,260,1
2024-01-09 04:00:00,CELL_013,micro,mMTC,71.43,8.64,0.3866,4,-86.1,-8.98,36.7,260,1
2024-01-09 05:00:00,CELL_013,micro,mMTC,63.71,11.936,0.676,0,-109.5,-16.19,29.1,233,1
2024-01-09 06:00:00,CELL_013,micro,mMTC,39.63,10.772,3.9452,5,-113.3,-20.0,34.7,238,1
2024-01-09 07:00:00,CELL_013,micro,mMTC,87.93,23.355,0.0538,2,-99.3,-14.01,37.4,229,1
2024-01-09 08:00:00,CELL_013,micro,mMTC,64.14,31.328,0.5486,4,-120.0,-5.48,55.5,188,1
2024-01-09 09:00:00,CELL_013,micro,mMTC,68.8,17.471,1.6396,8,-101.0,-8.63,24.9,251,1
2024-01-09 10:00:00,CELL_013,micro,mMTC,24.95,16.934,2.4365,3,-86.5,-6.46,45.0,186,1
2024-01-09 11:00:00,CELL_013,micro,mMTC,56.51,16.007,2.3244,2,-82.2,-20.0,37.9,268,1
2024-01-09 12:00:00,CELL_013,micro,mMTC,20.54,40.139,1.9609,3,-82.9,-9.2,19.3,175,1
2024-01-09 13:00:00,CELL_013,micro,mMTC,27.38,26.09,1.0939,5,-105.2,-6.67,36.6,196,1
2024-01-09 14:00:00,CELL_013,micro,mMTC,46.15,21.473,0.2488,4,-114.2,-11.87,32.0,241,1
2024-01-09 15:00:00,CELL_013,micro,mMTC,63.27,23.678,0.1495,1,-94.3,-13.16,37.1,260,1
2024-01-09 16:00:00,CELL_013,micro,mMTC,41.92,12.78,4.8598,3,-95.8,-4.45,52.5,190,1
2024-01-09 17:00:00,CELL_013,micro,mMTC,41.38,31.608,2.5214,3,-120.0,-12.98,37.0,192,1
2024-01-09 18:00:00,CELL_013,micro,mMTC,37.06,38.116,1.4196,5,-114.3,-3.0,29.1,205,1
2024-01-09 19:00:00,CELL_013,micro,mMTC,46.5,24.593,1.1667,5,-97.2,-6.06,39.2,220,1
2024-01-09 20:00:00,CELL_013,micro,mMTC,45.63,16.222,3.419,3,-81.2,-20.0,39.0,216,1
2024-01-09 21:00:00,CELL_013,micro,mMTC,29.55,26.758,0.9994,4,-73.5,-17.5,45.5,198,1
2024-01-09 22:00:00,CELL_013,micro,mMTC,67.08,28.075,0.1027,3,-120.0,-13.85,28.0,176,1
2024-01-09 23:00:00,CELL_013,micro,mMTC,49.24,24.45,0.6122,3,-97.7,-13.2,34.6,242,1
2024-01-10 00:00:00,CELL_013,micro,mMTC,63.29,19.29,0.0589,4,-95.7,-17.47,62.3,300,1
2024-01-10 01:00:00,CELL_013,micro,mMTC,48.46,19.835,0.6582,9,-93.3,-15.71,37.7,230,1
2024-01-10 02:00:00,CELL_013,micro,mMTC,39.79,19.969,0.3374,2,-101.1,-12.26,28.3,236,1
2024-01-10 03:00:00,CELL_013,micro,mMTC,50.94,17.924,3.5784,2,-73.7,-3.0,21.9,228,1
2024-01-10 04:00:00,CELL_013,micro,mMTC,52.58,33.132,1.4952,4,-107.3,-14.58,32.9,255,1
2024-01-10 05:00:00,CELL_013,micro,mMTC,56.79,27.805,0.7203,1,-79.0,-16.89,42.5,208,1
2024-01-10 06:00:00,CELL_013,micro,mMTC,42.95,22.316,2.9206,2,-109.7,-15.23,49.4,270,1
2024-01-10 07:00:00,CELL_013,micro,mMTC,39.61,29.708,1.1179,3,-97.1,-7.9,38.1,173,1
2024-01-10 08:00:00,CELL_013,micro,mMTC,29.56,12.93,1.0127,4,-110.0,-10.19,27.9,260,1
2024-01-10 09:00:00,CELL_013,micro,mMTC,47.83,21.669,1.1043,3,-108.7,-14.96,27.2,247,1
2024-01-10 10:00:00,CELL_013,micro,mMTC,59.44,24.983,0.1634,4,-94.0,-14.67,40.7,198,1
2024-01-10 11:00:00,CELL_013,micro,mMTC,78.83,22.299,0.2241,3,-84.0,-14.9,42.4,215,1
2024-01-10 12:00:00,CELL_013,micro,mMTC,40.91,20.014,1.6405,1,-83.7,-10.86,23.6,226,1
2024-01-10 13:00:00,CELL_013,micro,mMTC,51.87,30.155,2.3682,4,-107.5,-14.97,56.6,262,1
2024-01-10 14:00:00,CELL_013,micro,mMTC,45.48,22.589,4.3577,6,-92.0,-9.78,41.4,196,1
2024-01-10 15:00:00,CELL_013,micro,mMTC,22.13,23.088,0.8466,2,-86.5,-8.12,56.8,216,1
2024-01-10 16:00:00,CELL_013,micro,mMTC,20.91,38.104,0.3567,3,-86.5,-12.98,34.1,180,1
2024-01-10 17:00:00,CELL_013,micro,mMTC,74.7,23.255,1.0053,4,-106.0,-11.02,33.3,183,1
2024-01-10 18:00:00,CELL_013,micro,mMTC,21.84,26.353,1.1051,3,-107.0,-8.24,41.4,188,1
2024-01-10 19:00:00,CELL_013,micro,mMTC,59.47,29.65,0.875,2,-104.6,-17.82,41.5,181,1
2024-01-10 20:00:00,CELL_013,micro,mMTC,57.76,27.252,0.6347,3,-101.7,-20.0,35.8,181,1
2024-01-10 21:00:00,CELL_013,micro,mMTC,90.45,3.413,0.3969,4,-106.6,-8.81,42.3,266,1
2024-01-10 22:00:00,CELL_013,micro,mMTC,66.76,10.553,0.6693,5,-98.8,-16.23,24.4,218,1
2024-01-10 23:00:00,CELL_013,micro,mMTC,35.63,18.918,0.8507,1,-99.4,-9.51,30.8,228,1
2024-01-11 00:00:00,CELL_013,micro,mMTC,46.74,18.92,0.0726,1,-101.3,-9.65,42.8,222,1
2024-01-11 01:00:00,CELL_013,micro,mMTC,53.16,32.142,1.0476,1,-106.2,-18.66,48.1,229,1
2024-01-11 02:00:00,CELL_013,micro,mMTC,63.89,21.483,1.4079,4,-76.1,-17.71,43.2,204,1
2024-01-11 03:00:00,CELL_013,micro,mMTC,48.52,34.915,0.0048,6,-84.0,-20.0,45.5,182,1
2024-01-11 04:00:00,CELL_013,micro,mMTC,48.24,24.295,0.539,2,-114.4,-8.06,25.0,218,1
2024-01-11 05:00:00,CELL_013,micro,mMTC,63.17,30.335,0.8593,5,-80.5,-11.95,32.6,228,1
2024-01-11 06:00:00,CELL_013,micro,mMTC,65.35,21.153,1.5505,5,-90.3,-11.6,59.8,220,1
2024-01-11 07:00:00,CELL_013,micro,mMTC,47.98,17.099,1.2139,3,-71.0,-10.68,34.7,221,1
2024-01-11 08:00:00,CELL_013,micro,mMTC,48.56,35.778,0.0573,2,-74.5,-17.11,35.3,214,1
2024-01-11 09:00:00,CELL_013,micro,mMTC,58.82,29.799,1.9873,6,-112.6,-9.26,24.9,201,1
2024-01-01 00:00:00,CELL_014,micro,mMTC,66.99,9.175,1.0579,7,-95.8,-7.09,23.9,220,1
2024-01-01 01:00:00,CELL_014,micro,mMTC,41.45,19.368,2.1085,6,-90.8,-13.77,38.3,241,1
2024-01-01 02:00:00,CELL_014,micro,mMTC,59.57,20.244,0.7758,4,-120.0,-11.87,35.8,210,1
2024-01-01 03:00:00,CELL_014,micro,mMTC,53.4,34.552,2.0243,5,-79.6,-11.9,28.0,228,1
2024-01-01 04:00:00,CELL_014,micro,mMTC,57.88,31.217,0.1497,6,-101.5,-9.5,65.5,175,1
2024-01-01 05:00:00,CELL_014,micro,mMTC,56.96,23.269,1.7909,5,-98.8,-12.42,35.2,227,1
2024-01-01 06:00:00,CELL_014,micro,mMTC,52.45,27.247,0.0201,1,-76.1,-14.24,49.4,252,1
2024-01-01 07:00:00,CELL_014,micro,mMTC,49.93,27.633,1.8408,2,-96.8,-13.9,7.4,233,1
2024-01-01 08:00:00,CELL_014,micro,mMTC,58.8,17.683,2.1609,1,-103.5,-10.41,53.5,244,1
2024-01-01 09:00:00,CELL_014,micro,mMTC,34.43,23.711,2.1993,2,-102.0,-9.79,47.9,171,1
2024-01-01 10:00:00,CELL_014,micro,mMTC,62.82,25.132,2.6675,4,-70.0,-15.58,37.2,254,1
2024-01-01 11:00:00,CELL_014,micro,mMTC,48.51,25.327,2.3217,1,-111.1,-7.65,59.8,233,1
2024-01-01 12:00:00,CELL_014,micro,mMTC,55.28,19.022,0.8762,1,-84.2,-14.54,41.5,251,1
2024-01-01 13:00:00,CELL_014,micro,mMTC,16.63,31.452,0.2443,5,-94.2,-3.0,17.8,189,1
2024-01-01 14:00:00,CELL_014,micro,mMTC,55.31,36.105,1.9974,3,-75.1,-4.15,27.7,234,1
2024-01-01 15:00:00,CELL_014,micro,mMTC,5.0,16.24,0.0765,6,-101.2,-13.71,45.2,169,1
2024-01-01 16:00:00,CELL_014,micro,mMTC,36.62,38.556,3.0846,3,-87.0,-16.63,23.5,169,1
2024-01-01 17:00:00,CELL_014,micro,mMTC,43.5,39.58,0.6128,0,-107.6,-14.79,34.4,175,1
2024-01-01 18:00:00,CELL_014,micro,mMTC,45.43,26.421,0.516,6,-111.4,-13.69,41.1,151,1
2024-01-01 19:00:00,CELL_014,micro,mMTC,42.14,28.642,0.0719,4,-100.8,-6.99,23.4,181,1
2024-01-01 20:00:00,CELL_014,micro,mMTC,33.28,34.442,1.5425,3,-89.7,-14.28,39.5,184,1
2024-01-01 21:00:00,CELL_014,micro,mMTC,33.8,15.377,4.188,0,-89.9,-12.55,38.2,192,1
2024-01-01 22:00:00,CELL_014,micro,mMTC,49.61,21.206,1.4143,1,-85.5,-17.26,34.2,178,1
2024-01-01 23:00:00,CELL_014,micro,mMTC,33.31,32.551,0.6796,5,-90.7,-17.47,51.2,157,1
2024-01-02 00:00:00,CELL_014,micro,mMTC,12.32,15.319,1.4804,2,-119.5,-20.0,27.3,187,1
2024-01-02 01:00:00,CELL_014,micro,mMTC,72.09,13.126,0.1203,5,-112.3,-11.48,44.3,192,1
2024-01-02 02:00:00,CELL_014,micro,mMTC,42.98,23.374,1.2257,2,-101.8,-5.39,36.4,210,1
2024-01-02 03:00:00,CELL_014,micro,mMTC,39.51,19.765,0.8626,5,-84.7,-9.89,29.3,172,1
2024-01-02 04:00:00,CELL_014,micro,mMTC,41.71,18.744,1.1023,1,-92.6,-10.42,37.2,226,1
2024-01-02 05:00:00,CELL_014,micro,mMTC,34.27,25.566,0.5014,5,-89.4,-15.12,41.6,181,1
2024-01-02 06:00:00,CELL_014,micro,mMTC,10.86,25.625,0.5922,2,-98.5,-19.17,44.9,270,1
2024-01-02 07:00:00,CELL_014,micro,mMTC,80.47,21.068,0.5577,1,-116.5,-15.28,53.0,244,1
2024-01-02 08:00:00,CELL_014,micro,mMTC,46.92,2.29,0.8383,0,-106.3,-10.77,42.0,245,1
2024-01-02 09:00:00,CELL_014,micro,mMTC,11.88,29.394,0.6235,5,-85.6,-6.53,41.2,196,1
2024-01-02 10:00:00,CELL_014,micro,mMTC,40.36,29.24,0.0247,4,-74.5,-5.98,22.3,200,1
2024-01-02 11:00:00,CELL_014,micro,mMTC,57.36,8.413,0.1438,4,-73.3,-3.0,37.1,213,1
2024-01-02 12:00:00,CELL_014,micro,mMTC,29.18,32.46,1.024,1,-104.5,-11.68,38.0,162,1
2024-01-02 13:00:00,CELL_014,micro,mMTC,50.19,24.162,0.4035,5,-88.9,-6.83,27.8,200,1
2024-01-02 14:00:00,CELL_014,micro,mMTC,47.17,18.33,1.1031,1,-100.8,-20.0,27.4,214,1
2024-01-02 15:00:00,CELL_014,micro,mMTC,41.49,12.829,0.8303,0,-83.1,-14.39,39.2,173,1
2024-01-02 16:00:00,CELL_014,micro,mMTC,40.14,19.64,2.395,2,-86.4,-11.86,25.4,155,1
2024-01-02 17:00:00,CELL_014,micro,mMTC,28.85,26.914,3.0118,2,-94.9,-7.48,21.5,207,1
2024-01-02 18:00:00,CELL_014,micro,mMTC,35.07,31.983,1.2153,1,-86.2,-12.56,29.9,151,1
2024-01-02 19:00:00,CELL_014,micro,mMTC,58.39,22.814,2.2239,2,-90.6,-20.0,39.3,203,1
2024-01-02 20:00:00,CELL_014,micro,mMTC,15.43,21.157,0.7145,2,-97.1,-8.24,51.4,175,1
2024-01-02 21:00:00,CELL_014,micro,mMTC,45.08,22.203,1.0616,3,-112.9,-8.17,50.0,236,1
2024-01-02 22:00:00,CELL_014,micro,mMTC,47.31,29.557,0.7283,1,-77.7,-11.56,31.1,179,1
2024-01-02 23:00:00,CELL_014,micro,mMTC,76.7,9.625,1.7931,3,-119.6,-15.45,36.9,234,1
2024-01-03 00:00:00,CELL_014,micro,mMTC,20.45,18.825,0.4845,2,-120.0,-7.32,29.1,265,1
2024-01-03 01:00:00,CELL_014,micro,mMTC,32.92,31.748,0.1555,4,-120.0,-16.67,33.8,203,1
2024-01-03 02:00:00,CELL_014,micro,mMTC,48.26,19.241,0.863,2,-102.9,-8.46,41.4,264,1
2024-01-03 03:00:00,CELL_014,micro,mMTC,36.84,18.986,0.6031,5,-120.0,-7.41,19.9,210,1
2024-01-03 04:00:00,CELL_014,micro,mMTC,44.52,29.081,1.8727,1,-89.4,-3.5,22.1,150,1
2024-01-03 05:00:00,CELL_014,micro,mMTC,57.22,35.976,0.2613,3,-109.0,-15.68,38.1,232,1
2024-01-03 06:00:00,CELL_014,micro,mMTC,53.08,17.495,0.8011,3,-102.5,-15.92,34.3,174,1
2024-01-03 07:00:00,CELL_014,micro,mMTC,38.21,13.492,2.1225,3,-99.0,-7.47,38.0,201,1
2024-01-03 08:00:00,CELL_014,micro,mMTC,52.75,36.72,2.2717,4,-70.0,-12.12,28.5,244,1
2024-01-03 09:00:00,CELL_014,micro,mMTC,63.76,19.197,0.4359,1,-118.2,-14.52,45.9,233,1
2024-01-03 10:00:00,CELL_014,micro,mMTC,84.71,33.284,1.1558,2,-89.9,-15.37,38.4,170,1
2024-01-03 11:00:00,CELL_014,micro,mMTC,43.02,22.504,1.4518,2,-107.9,-15.23,35.9,226,1
2024-01-03 12:00:00,CELL_014,micro,mMTC,59.25,27.017,1.5473,5,-74.7,-19.7,48.6,208,1
2024-01-03 13:00:00,CELL_014,micro,mMTC,36.28,22.875,1.9779,2,-95.8,-10.0,25.3,173,1
2024-01-03 14:00:00,CELL_014,micro,mMTC,20.47,37.446,0.2836,1,-107.6,-12.55,42.3,179,1
2024-01-03 15:00:00,CELL_014,micro,mMTC,49.29,3.865,0.1029,2,-90.7,-10.7,36.7,237,1
2024-01-03 16:00:00,CELL_014,micro,mMTC,55.83,27.957,0.3363,1,-93.4,-9.12,24.3,195,1
2024-01-03 17:00:00,CELL_014,micro,mMTC,55.11,25.258,0.5255,1,-102.8,-12.79,28.4,137,1
2024-01-03 18:00:00,CELL_014,micro,mMTC,26.85,19.304,0.6096,4,-91.1,-11.48,22.6,150,1
2024-01-03 19:00:00,CELL_014,micro,mMTC,32.31,23.8,1.7878,2,-76.9,-5.53,28.1,172,1
2024-01-03 20:00:00,CELL_014,micro,mMTC,54.25,26.708,0.3103,4,-120.0,-16.81,26.0,192,1
2024-01-03 21:00:00,CELL_014,micro,mMTC,59.42,28.299,0.6015,3,-101.9,-10.9,14.5,167,1
2024-01-03 22:00:00,CELL_014,micro,mMTC,25.0,37.233,1.2299,4,-91.8,-7.7,25.3,103,1
2024-01-03 23:00:00,CELL_014,micro,mMTC,46.03,18.891,0.9342,3,-105.8,-17.2,46.9,241,1
2024-01-04 00:00:00,CELL_014,micro,mMTC,58.77,27.644,1.3707,2,-101.7,-8.67,28.8,194,1
2024-01-04 01:00:00,CELL_014,micro,mMTC,65.12,13.487,0.5352,2,-95.3,-13.93,55.7,214,1
2024-01-04 02:00:00,CELL_014,micro,mMTC,28.8,20.792,1.1485,2,-98.5,-5.62,44.4,266,1
2024-01-04 03:00:00,CELL_014,micro,mMTC,53.43,7.876,1.9945,2,-99.3,-11.46,48.6,200,1
2024-01-04 04:00:00,CELL_014,micro,mMTC,40.95,20.4,0.0228,2,-86.0,-6.05,40.3,187,1
2024-01-04 05:00:00,CELL_014,micro,mMTC,44.39,26.891,0.1,3,-80.4,-16.89,32.9,219,1
2024-01-04 06:00:00,CELL_014,micro,mMTC,60.67,38.715,0.6827,3,-102.5,-3.33,34.4,221,1
2024-01-04 07:00:00,CELL_014,micro,mMTC,36.14,35.116,2.4949,5,-106.2,-5.47,27.1,211,1
2024-01-04 08:00:00,CELL_014,micro,mMTC,53.42,18.8,0.5418,3,-100.2,-3.2,45.9,242,1
2024-01-04 09:00:00,CELL_014,micro,mMTC,59.28,15.277,0.0584,6,-87.5,-20.0,48.9,250,1
2024-01-04 10:00:00,CELL_014,micro,mMTC,66.1,23.931,2.0608,1,-97.3,-9.25,16.6,225,1
2024-01-04 11:00:00,CELL_014,micro,mMTC,68.78,11.755,2.2374,6,-112.3,-20.0,38.5,197,1
2024-01-04 12:00:00,CELL_014,micro,mMTC,64.66,20.98,0.7975,4,-94.6,-17.6,34.7,184,1
2024-01-04 13:00:00,CELL_014,micro,mMTC,42.25,30.777,1.0254,4,-85.5,-13.01,9.9,180,1
2024-01-04 14:00:00,CELL_014,micro,mMTC,16.64,16.883,0.1209,2,-108.1,-15.05,37.7,195,1
2024-01-04 15:00:00,CELL_014,micro,mMTC,89.39,28.807,1.158,3,-91.0,-11.3,44.7,200,1
2024-01-04 16:00:00,CELL_014,micro,mMTC,34.37,16.949,0.3356,4,-86.0,-3.0,36.3,216,1
2024-01-04 17:00:00,CELL_014,micro,mMTC,23.37,17.339,2.8932,3,-84.2,-15.26,47.2,211,1
2024-01-04 18:00:00,CELL_014,micro,mMTC,53.4,18.684,0.8831,1,-73.4,-7.52,45.8,238,1
2024-01-04 19:00:00,CELL_014,micro,mMTC,41.23,23.584,0.472,3,-95.9,-17.34,28.3,190,1
2024-01-04 20:00:00,CELL_014,micro,mMTC,43.18,19.956,3.0868,4,-120.0,-7.57,50.0,230,1
2024-01-04 21:00:00,CELL_014,micro,mMTC,86.29,21.634,0.2785,4,-95.9,-3.0,36.2,227,1
2024-01-04 22:00:00,CELL_014,micro,mMTC,50.78,37.399,3.5304,1,-85.1,-9.23,23.5,171,1
2024-01-04 23:00:00,CELL_014,micro,mMTC,47.06,30.811,1.1386,3,-91.2,-15.63,33.2,181,1
2024-01-05 00:00:00,CELL_014,micro,mMTC,58.77,17.411,1.331,1,-101.6,-14.1,36.7,261,1
2024-01-05 01:00:00,CELL_014,micro,mMTC,54.13,23.38,0.0445,2,-120.0,-19.79,46.9,215,1
2024-01-05 02:00:00,CELL_014,micro,mMTC,75.09,27.288,3.1129,5,-96.0,-13.97,42.0,209,1
2024-01-05 03:00:00,CELL_014,micro,mMTC,68.26,11.952,0.1053,1,-86.6,-14.86,37.0,219,1
2024-01-05 04:00:00,CELL_014,micro,mMTC,39.19,16.14,0.6039,0,-94.9,-9.04,30.7,228,1
2024-01-05 05:00:00,CELL_014,micro,mMTC,47.93,23.938,0.247,2,-93.8,-18.54,50.9,219,1
2024-01-05 06:00:00,CELL_014,micro,mMTC,53.47,14.785,0.3657,7,-70.0,-10.42,52.9,217,1
2024-01-05 07:00:00,CELL_014,micro,mMTC,36.41,32.003,2.3273,2,-88.1,-19.42,49.5,227,1
2024-01-05 08:00:00,CELL_014,micro,mMTC,65.07,33.443,0.8175,0,-79.5,-17.18,30.0,233,1
2024-01-05 09:00:00,CELL_014,micro,mMTC,41.78,33.429,0.2197,1,-110.8,-18.32,28.8,180,1
2024-01-05 10:00:00,CELL_014,micro,mMTC,66.04,19.384,1.4854,4,-75.7,-5.28,33.3,189,1
2024-01-05 11:00:00,CELL_014,micro,mMTC,23.38,13.304,1.3672,0,-95.1,-6.81,28.6,206,1
2024-01-05 12:00:00,CELL_014,micro,mMTC,72.16,21.246,1.0985,3,-96.0,-20.0,51.1,269,1
2024-01-05 13:00:00,CELL_014,micro,mMTC,73.07,1.768,1.1044,4,-76.8,-14.07,29.0,175,1
2024-01-05 14:00:00,CELL_014,micro,mMTC,46.76,33.971,2.5612,3,-82.3,-20.0,12.7,156,1
2024-01-05 15:00:00,CELL_014,micro,mMTC,49.18,30.455,0.7983,3,-120.0,-7.05,26.8,193,1
2024-01-05 16:00:00,CELL_014,micro,mMTC,12.31,18.234,0.2873,2,-99.5,-9.75,34.7,187,1
2024-01-05 17:00:00,CELL_014,micro,mMTC,26.7,28.536,0.6647,2,-120.0,-7.76,24.0,176,1
2024-01-05 18:00:00,CELL_014,micro,mMTC,30.24,31.768,2.8726,0,-100.9,-14.64,40.8,179,1
2024-01-05 19:00:00,CELL_014,micro,mMTC,66.56,18.039,2.0712,3,-92.4,-8.25,28.8,201,1
2024-01-05 20:00:00,CELL_014,micro,mMTC,70.19,27.224,0.8225,3,-90.9,-10.89,7.6,169,1
2024-01-05 21:00:00,CELL_014,micro,mMTC,65.26,25.288,1.1159,2,-93.7,-3.0,26.0,170,1
2024-01-05 22:00:00,CELL_014,micro,mMTC,53.58,11.254,0.2563,1,-70.0,-9.19,37.8,239,1
2024-01-05 23:00:00,CELL_014,micro,mMTC,45.03,37.387,0.7332,5,-91.4,-18.24,27.4,157,1
2024-01-06 00:00:00,CELL_014,micro,mMTC,24.07,28.71,1.0539,2,-93.5,-18.24,38.1,168,1
2024-01-06 01:00:00,CELL_014,micro,mMTC,79.48,22.901,0.7397,2,-111.6,-7.48,40.4,222,1
2024-01-06 02:00:00,CELL_014,micro,mMTC,66.79,22.16,0.2281,4,-94.7,-12.54,31.2,234,1
2024-01-06 03:00:00,CELL_014,micro,mMTC,36.78,26.592,0.0476,4,-110.6,-8.03,30.2,230,1
2024-01-06 04:00:00,CELL_014,micro,mMTC,11.92,17.911,1.0659,2,-82.4,-13.21,35.0,182,1
2024-01-06 05:00:00,CELL_014,micro,mMTC,24.82,17.058,2.7513,2,-92.1,-18.35,30.6,182,1
2024-01-06 06:00:00,CELL_014,micro,mMTC,51.27,25.526,0.4126,2,-108.0,-10.1,28.3,217,1
2024-01-06 07:00:00,CELL_014,micro,mMTC,57.58,14.249,1.1582,4,-92.7,-15.05,21.1,194,1
2024-01-06 08:00:00,CELL_014,micro,mMTC,30.88,12.341,1.1706,5,-120.0,-9.12,17.4,190,1
2024-01-06 09:00:00,CELL_014,micro,mMTC,52.6,16.502,1.5487,1,-74.3,-8.8,38.5,205,1
2024-01-06 10:00:00,CELL_014,micro,mMTC,57.25,19.393,2.2084,5,-80.4,-15.94,46.1,216,1
2024-01-06 11:00:00,CELL_014,micro,mMTC,69.18,10.148,0.3428,4,-85.9,-3.0,52.1,227,1
2024-01-06 12:00:00,CELL_014,micro,mMTC,55.24,22.294,0.7173,2,-107.0,-7.93,30.9,214,1
2024-01-06 13:00:00,CELL_014,micro,mMTC,47.37,22.07,0.1826,2,-93.7,-13.29,29.0,173,1
2024-01-06 14:00:00,CELL_014,micro,mMTC,58.28,21.859,1.4247,2,-76.0,-15.97,56.4,239,1
2024-01-06 15:00:00,CELL_014,micro,mMTC,74.49,27.23,0.0849,0,-83.7,-9.86,28.5,253,1
2024-01-06 16:00:00,CELL_014,micro,mMTC,62.5,40.927,0.2236,2,-98.6,-17.87,33.2,164,1
2024-01-06 17:00:00,CELL_014,micro,mMTC,26.28,22.025,0.3025,5,-93.6,-15.41,22.0,151,1
2024-01-06 18:00:00,CELL_014,micro,mMTC,34.65,27.966,0.5081,0,-95.1,-3.16,41.9,202,1
2024-01-06 19:00:00,CELL_014,micro,mMTC,63.72,15.2,5.6657,4,-70.0,-13.28,28.8,173,0
2024-01-06 20:00:00,CELL_014,micro,mMTC,55.62,33.245,1.2686,1,-84.6,-19.71,43.1,205,1
2024-01-06 21:00:00,CELL_014,micro,mMTC,43.25,30.612,2.7634,4,-87.7,-13.66,28.5,213,1
2024-01-06 22:00:00,CELL_014,micro,mMTC,38.95,8.62,0.1692,1,-105.8,-9.22,41.3,231,1
2024-01-06 23:00:00,CELL_014,micro,mMTC,26.24,14.669,0.0101,4,-79.7,-7.6,20.7,219,1
2024-01-07 00:00:00,CELL_014,micro,mMTC,23.04,28.386,3.8624,3,-92.3,-6.53,18.4,216,1
2024-01-07 01:00:00,CELL_014,micro,mMTC,60.04,18.509,1.4903,1,-85.9,-3.61,21.7,206,1
2024-01-07 02:00:00,CELL_014,micro,mMTC,77.77,27.688,2.8571,3,-81.3,-15.82,36.3,228,1
2024-01-07 03:00:00,CELL_014,micro,mMTC,30.16,37.792,0.1365,2,-95.9,-16.62,46.4,213,1
2024-01-07 04:00:00,CELL_014,micro,mMTC,56.61,18.831,1.2044,2,-110.6,-11.74,22.8,209,1
2024-01-07 05:00:00,CELL_014,micro,mMTC,70.63,21.174,0.0157,3,-106.3,-17.77,50.7,215,1
2024-01-07 06:00:00,CELL_014,micro,mMTC,54.77,31.018,0.6789,4,-109.7,-10.72,43.5,236,1
2024-01-07 07:00:00,CELL_014,micro,mMTC,44.83,20.942,0.1184,6,-79.0,-17.63,24.2,198,1
2024-01-07 08:00:00,CELL_014,micro,mMTC,33.4,13.332,0.2045,4,-103.8,-12.19,39.9,219,1
2024-01-07 09:00:00,CELL_014,micro,mMTC,58.71,23.567,0.1187,2,-109.6,-13.84,54.9,241,1
2024-01-07 10:00:00,CELL_014,micro,mMTC,30.78,3.424,0.4207,6,-104.7,-5.31,38.6,175,1
2024-01-07 11:00:00,CELL_014,micro,mMTC,38.19,26.983,0.8739,5,-82.8,-8.78,28.4,195,1
2024-01-07 12:00:00,CELL_014,micro,mMTC,52.45,41.444,1.6967,5,-106.4,-11.75,34.1,219,1
2024-01-07 13:00:00,CELL_014,micro,mMTC,34.76,11.198,0.7979,2,-91.4,-17.57,35.3,229,1
2024-01-07 14:00:00,CELL_014,micro,mMTC,33.0,12.744,0.9627,0,-71.5,-13.89,45.9,250,1
2024-01-07 15:00:00,CELL_014,micro,mMTC,26.7,29.946,0.3121,4,-77.6,-18.42,20.5,176,1
2024-01-07 16:00:00,CELL_014,micro,mMTC,5.0,26.62,2.2769,6,-89.2,-13.24,30.9,159,1
2024-01-07 17:00:00,CELL_014,micro,mMTC,46.98,52.441,0.8032,2,-112.4,-16.51,17.7,184,0
2024-01-07 18:00:00,CELL_014,micro,mMTC,24.49,32.265,2.8045,5,-98.7,-19.65,13.6,218,1
2024-01-07 19:00:00,CELL_014,micro,mMTC,47.73,31.442,0.2106,3,-87.3,-3.0,49.5,198,1
2024-01-07 20:00:00,CELL_014,micro,mMTC,42.16,23.619,2.9256,4,-70.8,-13.64,22.2,222,1
2024-01-07 21:00:00,CELL_014,micro,mMTC,33.12,36.248,4.1883,6,-106.0,-8.1,21.1,201,1
2024-01-07 22:00:00,CELL_014,micro,mMTC,34.9,28.498,1.4417,2,-75.1,-11.64,18.7,205,1
2024-01-07 23:00:00,CELL_014,micro,mMTC,42.89,22.022,0.2453,6,-79.5,-18.24,36.2,170,1
2024-01-08 00:00:00,CELL_014,micro,mMTC,42.81,17.445,0.5443,1,-107.2,-18.7,43.2,196,1
2024-01-08 01:00:00,CELL_014,micro,mMTC,60.51,27.693,0.5148,2,-80.1,-11.56,47.0,232,1
2024-01-08 02:00:00,CELL_014,micro,mMTC,56.8,7.64,0.4482,5,-85.2,-4.91,44.7,295,1
2024-01-08 03:00:00,CELL_014,micro,mMTC,45.26,23.552,0.4198,4,-95.0,-18.28,36.8,210,1
2024-01-08 04:00:00,CELL_014,micro,mMTC,55.27,10.928,1.112,3,-97.2,-11.94,55.2,265,1
2024-01-08 05:00:00,CELL_014,micro,mMTC,37.99,24.5,0.4376,2,-74.4,-20.0,27.7,211,1
2024-01-08 06:00:00,CELL_014,micro,mMTC,45.42,18.646,0.6166,0,-91.1,-19.22,39.5,175,1
2024-01-08 07:00:00,CELL_014,micro,mMTC,35.27,26.459,0.6911,1,-105.8,-9.69,30.5,200,1
2024-01-08 08:00:00,CELL_014,micro,mMTC,67.78,13.812,2.3418,2,-73.1,-12.35,54.0,230,1
2024-01-08 09:00:00,CELL_014,micro,mMTC,82.71,24.797,0.031,3,-91.7,-9.37,31.4,214,1
2024-01-08 10:00:00,CELL_014,micro,mMTC,43.27,37.645,0.1236,2,-100.4,-4.46,33.1,164,1
2024-01-08 11:00:00,CELL_014,micro,mMTC,38.3,20.645,4.5519,4,-98.2,-6.62,55.2,231,1
2024-01-08 12:00:00,CELL_014,micro,mMTC,78.98,11.369,0.0227,2,-96.2,-14.97,52.3,244,1
2024-01-08 13:00:00,CELL_014,micro,mMTC,60.79,12.892,1.5044,4,-104.9,-20.0,40.0,231,1
2024-01-08 14:00:00,CELL_014,micro,mMTC,44.79,39.499,1.7187,6,-93.8,-18.98,20.4,215,1
2024-01-08 15:00:00,CELL_014,micro,mMTC,44.78,25.493,1.5699,7,-72.3,-3.0,37.3,208,1
2024-01-08 16:00:00,CELL_014,micro,mMTC,61.62,31.662,1.0988,2,-89.1,-9.91,17.9,187,1
2024-01-08 17:00:00,CELL_014,micro,mMTC,36.35,31.911,0.1976,6,-111.6,-9.58,28.6,173,1
2024-01-08 18:00:00,CELL_014,micro,mMTC,27.52,13.84,0.6405,2,-70.0,-8.58,46.7,179,1
2024-01-08 19:00:00,CELL_014,micro,mMTC,26.55,38.842,0.2987,2,-100.3,-15.28,26.2,201,1
2024-01-08 20:00:00,CELL_014,micro,mMTC,43.72,28.16,0.2175,4,-120.0,-15.54,42.6,217,1
2024-01-08 21:00:00,CELL_014,micro,mMTC,76.74,14.004,0.1353,1,-98.4,-6.64,37.9,191,1
2024-01-08 22:00:00,CELL_014,micro,mMTC,54.74,12.646,1.3519,1,-74.5,-7.23,32.5,265,1
2024-01-08 23:00:00,CELL_014,micro,mMTC,76.6,21.193,0.1791,2,-101.0,-20.0,47.8,213,1
2024-01-09 00:00:00,CELL_014,micro,mMTC,48.64,30.601,0.21,5,-80.3,-9.54,40.9,230,1
2024-01-09 01:00:00,CELL_014,micro,mMTC,63.43,23.043,0.3202,2,-120.0,-11.49,46.1,224,1
2024-01-09 02:00:00,CELL_014,micro,mMTC,62.4,26.671,2.285,4,-112.2,-4.89,60.9,253,1
2024-01-09 03:00:00,CELL_014,micro,mMTC,58.81,18.058,3.6998,3,-101.8,-9.22,40.8,249,1
2024-01-09 04:00:00,CELL_014,micro,mMTC,59.94,18.692,0.0237,0,-101.2,-15.13,34.5,222,1
2024-01-09 05:00:00,CELL_014,micro,mMTC,31.5,13.4,0.1073,4,-120.0,-14.29,21.4,193,1
2024-01-09 06:00:00,CELL_014,micro,mMTC,40.51,28.063,0.3291,4,-92.9,-5.55,37.8,190,1
2024-01-09 07:00:00,CELL_014,micro,mMTC,26.75,18.755,0.4304,2,-108.3,-14.94,49.2,222,1
2024-01-09 08:00:00,CELL_014,micro,mMTC,29.57,10.59,0.0154,6,-92.6,-5.72,36.8,206,1
2024-01-09 09:00:00,CELL_014,micro,mMTC,75.21,9.737,3.591,7,-100.1,-16.26,19.8,230,1
2024-01-09 10:00:00,CELL_014,micro,mMTC,55.08,15.121,0.0327,4,-120.0,-9.55,38.2,241,1
2024-01-09 11:00:00,CELL_014,micro,mMTC,33.83,30.532,0.4724,2,-110.5,-13.53,35.6,191,1
2024-01-09 12:00:00,CELL_014,micro,mMTC,26.88,24.38,1.3547,2,-70.6,-7.22,31.2,184,1
2024-01-09 13:00:00,CELL_014,micro,mMTC,34.79,17.206,0.0908,4,-120.0,-15.26,33.6,199,1
2024-01-09 14:00:00,CELL_014,micro,mMTC,22.61,38.426,0.4217,9,-77.8,-5.5,27.0,171,1
2024-01-09 15:00:00,CELL_014,micro,mMTC,46.01,25.291,3.1735,4,-81.8,-13.29,26.1,142,1
2024-01-09 16:00:00,CELL_014,micro,mMTC,29.36,23.574,1.0334,5,-79.5,-3.27,14.6,197,1
2024-01-09 17:00:00,CELL_014,micro,mMTC,55.75,19.557,1.8424,3,-88.5,-5.69,35.4,188,1
2024-01-09 18:00:00,CELL_014,micro,mMTC,27.41,20.252,0.8803,4,-95.3,-13.12,31.6,143,1
2024-01-09 19:00:00,CELL_014,micro,mMTC,34.02,13.477,0.3317,5,-93.8,-14.75,24.9,185,1
2024-01-09 20:00:00,CELL_014,micro,mMTC,21.72,51.1,0.9289,2,-91.0,-20.0,23.9,123,0
2024-01-09 21:00:00,CELL_014,micro,mMTC,25.08,24.202,2.9521,7,-101.7,-18.06,31.7,180,1
2024-01-09 22:00:00,CELL_014,micro,mMTC,58.78,36.103,0.2209,5,-120.0,-12.0,18.8,149,1
2024-01-09 23:00:00,CELL_014,micro,mMTC,59.21,32.179,0.3205,4,-82.4,-15.31,54.9,270,1
2024-01-10 00:00:00,CELL_014,micro,mMTC,57.89,15.242,2.1786,4,-80.5,-6.97,28.1,213,1
2024-01-10 01:00:00,CELL_014,micro,mMTC,54.83,12.094,5.0114,1,-84.4,-18.57,45.3,219,0
2024-01-10 02:00:00,CELL_014,micro,mMTC,37.33,8.663,0.0184,2,-103.3,-11.92,26.5,287,1
2024-01-10 03:00:00,CELL_014,micro,mMTC,43.47,33.864,4.1887,5,-81.7,-13.14,38.3,192,1
2024-01-10 04:00:00,CELL_014,micro,mMTC,54.25,23.231,0.298,4,-106.7,-9.33,36.8,209,1
2024-01-10 05:00:00,CELL_014,micro,mMTC,54.29,0.3,0.7018,1,-114.3,-13.1,48.1,236,1
2024-01-10 06:00:00,CELL_014,micro,mMTC,47.96,18.64,0.0155,3,-111.4,-7.66,54.5,235,1
2024-01-10 07:00:00,CELL_014,micro,mMTC,41.02,34.63,0.3878,2,-91.3,-3.24,35.7,238,1
2024-01-10 08:00:00,CELL_014,micro,mMTC,52.82,13.498,3.2823,1,-86.5,-8.74,39.9,207,1
2024-01-10 09:00:00,CELL_014,micro,mMTC,56.77,23.009,0.0828,5,-93.0,-9.27,15.9,189,1
2024-01-10 10:00:00,CELL_014,micro,mMTC,44.37,19.579,1.936,4,-86.2,-13.17,28.6,255,1
2024-01-10 11:00:00,CELL_014,micro,mMTC,73.28,22.733,0.4533,1,-110.2,-14.42,50.7,247,1
2024-01-10 12:00:00,CELL_014,micro,mMTC,44.51,19.713,0.6658,4,-116.6,-13.97,39.6,199,1
2024-01-10 13:00:00,CELL_014,micro,mMTC,38.42,12.866,1.5633,4,-120.0,-11.8,34.1,180,1
2024-01-10 14:00:00,CELL_014,micro,mMTC,54.62,29.53,0.1206,2,-99.5,-13.18,27.0,236,1
2024-01-10 15:00:00,CELL_014,micro,mMTC,25.25,28.811,1.5181,3,-78.9,-9.85,22.6,190,1
2024-01-10 16:00:00,CELL_014,micro,mMTC,31.92,34.522,2.6942,2,-88.1,-17.71,33.5,154,1
2024-01-10 17:00:00,CELL_014,micro,mMTC,48.62,25.789,0.512,4,-70.0,-10.62,27.2,200,1
2024-01-10 18:00:00,CELL_014,micro,mMTC,41.12,37.934,0.04,1,-90.1,-6.27,26.3,210,1
2024-01-10 19:00:00,CELL_014,micro,mMTC,5.0,27.927,0.4423,5,-110.8,-16.69,35.1,158,1
2024-01-10 20:00:00,CELL_014,micro,mMTC,55.02,32.685,0.4524,3,-111.3,-13.82,19.3,203,1
2024-01-10 21:00:00,CELL_014,micro,mMTC,42.71,22.269,0.6813,4,-93.7,-12.98,43.3,181,1
2024-01-10 22:00:00,CELL_014,micro,mMTC,18.56,31.029,0.0927,0,-74.5,-3.95,19.7,151,1
2024-01-10 23:00:00,CELL_014,micro,mMTC,46.73,27.489,3.9856,0,-105.9,-20.0,32.7,182,1
2024-01-11 00:00:00,CELL_014,micro,mMTC,74.66,16.599,0.4452,4,-119.3,-7.91,53.9,197,1
2024-01-11 01:00:00,CELL_014,micro,mMTC,23.1,26.207,0.4,4,-103.8,-15.9,31.9,227,1
2024-01-11 02:00:00,CELL_014,micro,mMTC,53.65,21.674,0.4864,2,-78.3,-14.88,41.3,260,1
2024-01-11 03:00:00,CELL_014,micro,mMTC,49.93,18.462,3.7354,4,-70.0,-6.58,43.0,245,1
2024-01-11 04:00:00,CELL_014,micro,mMTC,23.98,32.77,0.3799,3,-115.9,-8.26,50.5,239,1
2024-01-11 05:00:00,CELL_014,micro,mMTC,39.44,26.562,0.1122,2,-93.9,-6.22,46.8,182,1
2024-01-11 06:00:00,CELL_014,micro,mMTC,48.92,33.007,0.0537,1,-117.5,-12.6,33.7,243,1
2024-01-11 07:00:00,CELL_014,micro,mMTC,47.67,32.357,0.1366,2,-115.5,-17.41,51.8,250,1
2024-01-11 08:00:00,CELL_014,micro,mMTC,63.5,10.15,0.9431,3,-70.0,-11.72,32.9,198,1
2024-01-11 09:00:00,CELL_014,micro,mMTC,62.29,19.793,0.8866,3,-95.7,-17.16,34.7,259,1
2024-01-01 00:00:00,CELL_015,micro,mMTC,64.16,21.822,0.9777,3,-91.8,-18.63,58.3,168,1
2024-01-01 01:00:00,CELL_015,micro,mMTC,34.49,33.108,3.4931,1,-98.5,-3.0,25.2,204,1
2024-01-01 02:00:00,CELL_015,micro,mMTC,48.56,23.327,0.303,2,-112.7,-7.51,34.1,212,1
2024-01-01 03:00:00,CELL_015,micro,mMTC,24.9,30.072,0.3295,2,-95.8,-16.78,32.9,181,1
2024-01-01 04:00:00,CELL_015,micro,mMTC,77.52,15.709,0.0633,3,-110.1,-10.61,32.7,189,1
2024-01-01 05:00:00,CELL_015,micro,mMTC,62.8,19.804,3.1517,1,-79.6,-12.02,46.1,251,1
2024-01-01 06:00:00,CELL_015,micro,mMTC,45.89,15.22,2.1336,4,-93.4,-13.06,31.1,236,1
2024-01-01 07:00:00,CELL_015,micro,mMTC,54.67,12.031,0.1248,3,-100.2,-3.0,26.9,229,1
2024-01-01 08:00:00,CELL_015,micro,mMTC,29.9,17.041,0.5137,6,-88.0,-11.23,47.6,188,1
2024-01-01 09:00:00,CELL_015,micro,mMTC,60.84,11.705,0.4618,3,-98.0,-15.24,40.5,166,1
2024-01-01 10:00:00,CELL_015,micro,mMTC,65.64,32.01,1.1008,1,-91.5,-9.95,16.7,206,1
2024-01-01 11:00:00,CELL_015,micro,mMTC,40.69,19.613,1.3141,3,-92.8,-10.81,28.7,239,1
2024-01-01 12:00:00,CELL_015,micro,mMTC,45.85,23.192,1.069,3,-103.9,-12.28,25.9,183,1
2024-01-01 13:00:00,CELL_015,micro,mMTC,71.74,20.664,0.6881,4,-87.0,-3.0,32.3,187,1
2024-01-01 14:00:00,CELL_015,micro,mMTC,38.01,27.958,3.5423,4,-110.1,-11.91,47.0,211,1
2024-01-01 15:00:00,CELL_015,micro,mMTC,31.76,26.302,0.5224,1,-80.5,-17.22,29.2,161,1
2024-01-01 16:00:00,CELL_015,micro,mMTC,47.0,29.455,0.0342,3,-119.4,-10.33,9.9,136,1
2024-01-01 17:00:00,CELL_015,micro,mMTC,31.32,20.019,2.3127,1,-76.3,-19.16,44.5,169,1
2024-01-01 18:00:00,CELL_015,micro,mMTC,17.86,34.968,6.2888,0,-118.2,-12.97,37.9,159,0
2024-01-01 19:00:00,CELL_015,micro,mMTC,29.43,19.049,0.8509,4,-111.0,-5.05,17.9,147,1
2024-01-01 20:00:00,CELL_015,micro,mMTC,39.8,42.343,0.0834,3,-119.1,-10.13,30.0,172,1
2024-01-01 21:00:00,CELL_015,micro,mMTC,16.39,23.755,0.7138,4,-76.3,-13.07,42.1,182,1
2024-01-01 22:00:00,CELL_015,micro,mMTC,24.29,31.845,4.4718,2,-100.5,-9.31,39.5,172,1
2024-01-01 23:00:00,CELL_015,micro,mMTC,11.19,38.845,1.4153,3,-97.6,-10.08,34.2,152,1
2024-01-02 00:00:00,CELL_015,micro,mMTC,35.42,29.653,0.2992,2,-98.2,-10.22,38.6,205,1
2024-01-02 01:00:00,CELL_015,micro,mMTC,53.89,18.689,0.4654,3,-102.9,-4.4,52.0,232,1
2024-01-02 02:00:00,CELL_015,micro,mMTC,79.29,17.622,2.176,4,-111.5,-20.0,47.8,254,1
2024-01-02 03:00:00,CELL_015,micro,mMTC,34.21,27.038,0.305,6,-86.9,-15.38,51.5,174,1
2024-01-02 04:00:00,CELL_015,micro,mMTC,20.96,22.626,4.1827,7,-102.9,-10.38,17.9,179,1
2024-01-02 05:00:00,CELL_015,micro,mMTC,20.38,25.729,1.0632,1,-74.8,-6.36,27.4,216,1
2024-01-02 06:00:00,CELL_015,micro,mMTC,47.73,25.671,0.575,2,-111.9,-15.22,61.9,244,1
2024-01-02 07:00:00,CELL_015,micro,mMTC,51.5,6.492,0.3659,3,-93.1,-3.51,33.6,193,1
2024-01-02 08:00:00,CELL_015,micro,mMTC,55.9,18.715,1.6226,1,-93.3,-16.49,36.4,226,1
2024-01-02 09:00:00,CELL_015,micro,mMTC,55.48,20.342,0.1591,4,-82.8,-5.19,42.6,192,1
2024-01-02 10:00:00,CELL_015,micro,mMTC,63.98,18.915,0.2544,5,-108.4,-12.11,42.8,234,1
2024-01-02 11:00:00,CELL_015,micro,mMTC,37.99,28.806,0.8287,1,-92.4,-11.44,5.0,190,1
2024-01-02 12:00:00,CELL_015,micro,mMTC,43.58,21.969,2.4269,3,-103.0,-12.86,40.2,233,1
2024-01-02 13:00:00,CELL_015,micro,mMTC,22.36,29.11,0.3273,3,-80.2,-3.0,31.1,184,1
2024-01-02 14:00:00,CELL_015,micro,mMTC,45.93,32.431,0.0703,3,-109.5,-11.06,28.2,245,1
2024-01-02 15:00:00,CELL_015,micro,mMTC,49.3,32.265,0.2277,3,-96.9,-20.0,31.1,204,1
2024-01-02 16:00:00,CELL_015,micro,mMTC,22.45,18.702,0.3885,3,-91.1,-17.24,32.2,235,1
2024-01-02 17:00:00,CELL_015,micro,mMTC,7.96,39.571,0.1541,3,-86.8,-11.39,24.9,152,1
2024-01-02 18:00:00,CELL_015,micro,mMTC,21.4,44.707,2.2019,6,-105.4,-14.98,50.5,152,1
2024-01-02 19:00:00,CELL_015,micro,mMTC,38.72,32.197,0.2237,1,-94.1,-15.24,28.7,170,1
2024-01-02 20:00:00,CELL_015,micro,mMTC,38.54,31.418,0.0857,2,-97.4,-7.52,41.8,135,1
2024-01-02 21:00:00,CELL_015,micro,mMTC,25.03,16.272,1.222,1,-84.9,-17.18,9.9,159,1
2024-01-02 22:00:00,CELL_015,micro,mMTC,55.41,27.371,0.4682,2,-85.5,-19.83,38.4,222,1
2024-01-02 23:00:00,CELL_015,micro,mMTC,24.01,4.314,0.46,4,-70.0,-20.0,35.4,194,1
2024-01-03 00:00:00,CELL_015,micro,mMTC,36.57,24.273,0.3908,5,-100.4,-8.71,51.2,221,1
2024-01-03 01:00:00,CELL_015,micro,mMTC,5.0,30.622,0.3275,4,-82.0,-8.65,34.8,190,1
2024-01-03 02:00:00,CELL_015,micro,mMTC,46.63,22.223,4.0608,0,-92.9,-12.43,23.2,192,1
2024-01-03 03:00:00,CELL_015,micro,mMTC,43.2,30.426,1.115,3,-74.6,-14.61,22.7,224,1
2024-01-03 04:00:00,CELL_015,micro,mMTC,42.24,23.867,2.6782,2,-70.0,-11.25,39.5,234,1
2024-01-03 05:00:00,CELL_015,micro,mMTC,44.02,15.383,3.4633,5,-120.0,-9.09,40.9,220,1
2024-01-03 06:00:00,CELL_015,micro,mMTC,42.36,26.393,0.5551,3,-91.3,-7.88,14.7,176,1
2024-01-03 07:00:00,CELL_015,micro,mMTC,42.48,35.584,5.2528,2,-120.0,-8.81,50.3,181,0
2024-01-03 08:00:00,CELL_015,micro,mMTC,51.32,17.643,1.2091,6,-89.7,-11.59,51.3,256,1
2024-01-03 09:00:00,CELL_015,micro,mMTC,20.61,24.227,0.4225,4,-96.4,-9.08,32.2,166,1
2024-01-03 10:00:00,CELL_015,micro,mMTC,63.53,17.241,0.7424,1,-85.1,-13.8,34.9,151,1
2024-01-03 11:00:00,CELL_015,micro,mMTC,40.14,32.066,1.6732,1,-114.3,-5.48,51.6,220,1
2024-01-03 12:00:00,CELL_015,micro,mMTC,54.77,19.534,3.8109,4,-97.8,-15.75,45.5,203,1
2024-01-03 13:00:00,CELL_015,micro,mMTC,71.55,21.759,0.4093,3,-93.4,-6.64,56.6,246,1
2024-01-03 14:00:00,CELL_015,micro,mMTC,34.22,33.314,0.4146,4,-70.8,-11.43,37.9,163,1
2024-01-03 15:00:00,CELL_015,micro,mMTC,43.95,35.489,3.1741,2,-90.8,-17.71,22.4,146,1
2024-01-03 16:00:00,CELL_015,micro,mMTC,40.17,20.715,0.3908,11,-90.3,-10.47,44.6,196,1
2024-01-03 17:00:00,CELL_015,micro,mMTC,50.71,32.508,0.9431,7,-94.0,-15.33,32.1,216,1
2024-01-03 18:00:00,CELL_015,micro,mMTC,16.03,29.878,0.3446,2,-98.3,-15.07,35.5,126,1
2024-01-03 19:00:00,CELL_015,micro,mMTC,49.77,6.791,0.9323,4,-112.2,-10.78,25.3,125,1
2024-01-03 20:00:00,CELL_015,micro,mMTC,8.8,27.201,0.5496,6,-73.5,-12.21,27.4,175,1
2024-01-03 21:00:00,CELL_015,micro,mMTC,52.58,23.799,0.4749,4,-103.4,-13.06,37.8,197,1
2024-01-03 22:00:00,CELL_015,micro,mMTC,43.87,26.363,0.906,2,-100.4,-14.41,24.0,209,1
2024-01-03 23:00:00,CELL_015,micro,mMTC,23.9,33.63,1.0845,1,-115.9,-8.2,17.2,160,1
2024-01-04 00:00:00,CELL_015,micro,mMTC,71.33,17.795,0.0893,5,-105.0,-11.1,38.7,216,1
2024-01-04 01:00:00,CELL_015,micro,mMTC,49.65,28.498,5.5999,4,-101.3,-10.7,36.3,202,0
2024-01-04 02:00:00,CELL_015,micro,mMTC,24.9,21.651,0.2254,5,-105.3,-6.42,46.2,187,1
2024-01-04 03:00:00,CELL_015,micro,mMTC,36.95,25.977,0.6843,3,-86.7,-5.19,31.1,166,1
2024-01-04 04:00:00,CELL_015,micro,mMTC,37.24,22.904,0.0433,3,-95.9,-13.74,26.3,174,1
2024-01-04 05:00:00,CELL_015,micro,mMTC,26.02,23.143,2.8127,4,-98.2,-12.02,14.4,169,1
2024-01-04 06:00:00,CELL_015,micro,mMTC,46.31,32.874,0.4008,2,-95.2,-14.95,28.9,189,1
2024-01-04 07:00:00,CELL_015,micro,mMTC,51.38,20.942,0.062,6,-97.6,-5.75,42.6,212,1
2024-01-04 08:00:00,CELL_015,micro,mMTC,44.86,14.648,2.2872,3,-100.4,-17.08,52.2,184,1
2024-01-04 09:00:00,CELL_015,micro,mMTC,52.0,18.36,0.0911,8,-92.4,-11.35,21.1,195,1
2024-01-04 10:00:00,CELL_015,micro,mMTC,60.45,31.407,2.1689,4,-91.0,-15.34,32.4,192,1
2024-01-04 11:00:00,CELL_015,micro,mMTC,71.52,18.035,0.8163,2,-120.0,-7.86,35.0,264,1
2024-01-04 12:00:00,CELL_015,micro,mMTC,47.48,23.992,2.0927,2,-100.4,-10.14,46.7,230,1
2024-01-04 13:00:00,CELL_015,micro,mMTC,14.14,32.883,0.1338,6,-118.9,-16.09,24.8,144,1
2024-01-04 14:00:00,CELL_015,micro,mMTC,46.05,10.788,0.3792,7,-105.8,-6.74,39.6,170,1
2024-01-04 15:00:00,CELL_015,micro,mMTC,46.26,18.468,1.6607,5,-94.5,-12.32,34.4,171,1
2024-01-04 16:00:00,CELL_015,micro,mMTC,58.29,28.362,0.881,1,-98.0,-19.34,42.0,213,1
2024-01-04 17:00:00,CELL_015,micro,mMTC,63.01,12.343,0.8012,5,-84.7,-10.48,37.2,203,1
2024-01-04 18:00:00,CELL_015,micro,mMTC,54.73,27.802,2.2923,4,-75.4,-8.73,43.2,163,1
2024-01-04 19:00:00,CELL_015,micro,mMTC,65.86,22.208,0.3112,3,-100.3,-8.9,34.1,199,1
2024-01-04 20:00:00,CELL_015,micro,mMTC,59.35,24.356,1.1078,5,-103.2,-8.9,34.3,163,1
2024-01-04 21:00:00,CELL_015,micro,mMTC,45.98,29.696,0.4119,4,-70.0,-3.78,48.2,226,1
2024-01-04 22:00:00,CELL_015,micro,mMTC,60.56,29.114,1.7037,0,-70.0,-14.51,41.0,194,1
2024-01-04 23:00:00,CELL_015,micro,mMTC,47.99,32.505,0.3521,4,-76.0,-8.97,30.7,164,1
2024-01-05 00:00:00,CELL_015,micro,mMTC,32.63,40.052,0.48,2,-70.0,-5.89,18.5,175,1
2024-01-05 01:00:00,CELL_015,micro,mMTC,70.99,18.209,0.03,3,-105.1,-11.86,56.6,266,1
2024-01-05 02:00:00,CELL_015,micro,mMTC,28.56,21.592,0.393,5,-110.5,-15.21,22.2,159,1
2024-01-05 03:00:00,CELL_015,micro,mMTC,48.58,36.691,0.1107,7,-98.8,-17.82,23.6,204,1
2024-01-05 04:00:00,CELL_015,micro,mMTC,44.9,27.162,0.7706,0,-95.3,-11.4,52.6,216,1
2024-01-05 05:00:00,CELL_015,micro,mMTC,80.06,20.634,1.3396,2,-74.3,-19.94,40.6,174,1
2024-01-05 06:00:00,CELL_015,micro,mMTC,43.01,31.005,3.3851,1,-115.5,-20.0,37.5,141,1
2024-01-05 07:00:00,CELL_015,micro,mMTC,43.18,29.903,0.7055,1,-88.1,-5.56,50.0,148,1
2024-01-05 08:00:00,CELL_015,micro,mMTC,64.72,16.687,0.5259,5,-84.0,-11.62,34.9,238,1
2024-01-05 09:00:00,CELL_015,micro,mMTC,54.08,31.324,0.167,3,-98.9,-16.52,38.1,173,1
2024-01-05 10:00:00,CELL_015,micro,mMTC,16.28,39.996,3.8188,3,-102.1,-5.09,25.5,139,1
2024-01-05 11:00:00,CELL_015,micro,mMTC,44.42,15.831,1.8412,5,-76.2,-19.82,38.8,247,1
2024-01-05 12:00:00,CELL_015,micro,mMTC,18.39,17.88,2.7068,1,-95.8,-10.84,49.2,189,1
2024-01-05 13:00:00,CELL_015,micro,mMTC,49.84,33.616,0.7228,3,-96.6,-12.27,27.4,228,1
2024-01-05 14:00:00,CELL_015,micro,mMTC,33.53,29.572,0.1034,6,-86.7,-10.45,27.9,197,1
2024-01-05 15:00:00,CELL_015,micro,mMTC,46.2,12.266,0.9806,4,-97.1,-6.73,37.1,189,1
2024-01-05 16:00:00,CELL_015,micro,mMTC,30.73,33.21,0.5559,0,-78.0,-6.96,24.5,160,1
2024-01-05 17:00:00,CELL_015,micro,mMTC,41.05,31.255,0.6199,2,-93.3,-10.93,13.4,153,1
2024-01-05 18:00:00,CELL_015,micro,mMTC,62.48,26.093,4.6628,4,-84.2,-16.03,24.7,162,1
2024-01-05 19:00:00,CELL_015,micro,mMTC,26.98,23.361,0.106,1,-104.8,-20.0,28.5,139,1
2024-01-05 20:00:00,CELL_015,micro,mMTC,23.12,24.93,0.2684,3,-114.2,-10.4,29.8,176,1
2024-01-05 21:00:00,CELL_015,micro,mMTC,26.4,33.866,1.153,4,-87.1,-4.38,27.4,205,1
2024-01-05 22:00:00,CELL_015,micro,mMTC,55.83,36.98,5.3259,1,-90.5,-19.73,6.5,142,0
2024-01-05 23:00:00,CELL_015,micro,mMTC,63.43,19.921,0.012,5,-76.0,-11.88,56.3,201,1
2024-01-06 00:00:00,CELL_015,micro,mMTC,66.34,20.873,0.3926,8,-112.5,-9.95,33.4,207,1
2024-01-06 01:00:00,CELL_015,micro,mMTC,31.83,34.431,1.0367,2,-91.8,-14.62,43.1,234,1
2024-01-06 02:00:00,CELL_015,micro,mMTC,31.64,21.141,0.1421,3,-100.7,-9.74,34.6,243,1
2024-01-06 03:00:00,CELL_015,micro,mMTC,40.95,29.554,0.5966,1,-107.0,-14.94,35.3,215,1
2024-01-06 04:00:00,CELL_015,micro,mMTC,62.77,27.955,0.1426,3,-107.6,-3.38,18.0,172,1
2024-01-06 05:00:00,CELL_015,micro,mMTC,30.45,24.494,0.8074,3,-115.0,-3.78,36.3,243,1
2024-01-06 06:00:00,CELL_015,micro,mMTC,20.38,37.216,0.3098,2,-97.3,-7.38,43.4,191,1
2024-01-06 07:00:00,CELL_015,micro,mMTC,54.45,14.799,1.9649,2,-94.3,-15.18,21.7,225,1
2024-01-06 08:00:00,CELL_015,micro,mMTC,30.37,22.761,0.4397,4,-90.5,-17.63,36.5,220,1
2024-01-06 09:00:00,CELL_015,micro,mMTC,29.49,31.953,0.2334,6,-97.7,-10.12,30.3,199,1
2024-01-06 10:00:00,CELL_015,micro,mMTC,61.07,31.033,2.8778,0,-90.3,-15.46,28.5,216,1
2024-01-06 11:00:00,CELL_015,micro,mMTC,40.12,29.224,1.3998,2,-117.4,-11.76,48.5,253,1
2024-01-06 12:00:00,CELL_015,micro,mMTC,54.33,22.103,1.3412,2,-82.1,-14.74,42.2,196,1
2024-01-06 13:00:00,CELL_015,micro,mMTC,19.56,17.211,1.3039,4,-102.1,-5.37,39.5,163,1
2024-01-06 14:00:00,CELL_015,micro,mMTC,30.41,23.295,0.9778,1,-112.3,-15.26,42.0,158,1
2024-01-06 15:00:00,CELL_015,micro,mMTC,59.65,23.64,0.3886,4,-90.8,-17.13,39.4,229,1
2024-01-06 16:00:00,CELL_015,micro,mMTC,47.34,47.126,1.0361,1,-99.4,-10.67,18.4,160,1
2024-01-06 17:00:00,CELL_015,micro,mMTC,18.78,21.692,1.6813,1,-70.0,-16.03,20.5,167,1
2024-01-06 18:00:00,CELL_015,micro,mMTC,74.24,27.081,1.6803,4,-120.0,-15.19,29.3,175,1
2024-01-06 19:00:00,CELL_015,micro,mMTC,34.47,30.207,0.2691,2,-86.6,-20.0,43.6,180,1
2024-01-06 20:00:00,CELL_015,micro,mMTC,67.48,39.908,1.1033,3,-93.2,-7.47,34.6,185,1
2024-01-06 21:00:00,CELL_015,micro,mMTC,43.68,27.016,0.2542,2,-107.1,-12.68,49.9,209,1
2024-01-06 22:00:00,CELL_015,micro,mMTC,61.34,27.195,2.1332,6,-105.0,-5.74,31.2,183,1
2024-01-06 23:00:00,CELL_015,micro,mMTC,50.45,27.774,1.6549,2,-114.7,-9.08,42.7,156,1
2024-01-07 00:00:00,CELL_015,micro,mMTC,39.2,30.191,0.895,4,-115.0,-6.4,27.2,177,1
2024-01-07 01:00:00,CELL_015,micro,mMTC,57.27,17.513,0.331,3,-103.3,-9.22,31.4,172,1
2024-01-07 02:00:00,CELL_015,micro,mMTC,37.07,29.668,0.9088,2,-72.3,-18.49,32.3,212,1
2024-01-07 03:00:00,CELL_015,micro,mMTC,35.52,33.664,3.9245,2,-111.2,-7.89,40.2,171,1
2024-01-07 04:00:00,CELL_015,micro,mMTC,31.3,22.99,4.8806,2,-90.2,-12.02,48.7,243,1
2024-01-07 05:00:00,CELL_015,micro,mMTC,36.62,34.462,1.7474,6,-120.0,-20.0,37.7,213,1
2024-01-07 06:00:00,CELL_015,micro,mMTC,53.6,30.978,0.2567,4,-110.3,-9.53,13.5,180,1
2024-01-07 07:00:00,CELL_015,micro,mMTC,65.55,13.564,1.6072,2,-79.8,-3.94,51.4,285,1
2024-01-07 08:00:00,CELL_015,micro,mMTC,29.05,23.862,3.0688,4,-94.7,-6.91,34.6,192,1
2024-01-07 09:00:00,CELL_015,micro,mMTC,41.6,15.02,0.3333,3,-97.2,-11.35,47.0,214,1
2024-01-07 10:00:00,CELL_015,micro,mMTC,51.55,22.844,1.8233,4,-89.7,-8.33,31.5,173,1
2024-01-07 11:00:00,CELL_015,micro,mMTC,45.33,20.922,0.9871,5,-80.2,-16.87,39.2,168,1
2024-01-07 12:00:00,CELL_015,micro,mMTC,16.23,16.914,2.2876,5,-82.2,-9.44,51.6,213,1
2024-01-07 13:00:00,CELL_015,micro,mMTC,36.7,21.9,1.3326,2,-92.5,-15.22,34.4,188,1
2024-01-07 14:00:00,CELL_015,micro,mMTC,61.25,30.872,3.6009,4,-102.8,-3.0,49.4,224,1
2024-01-07 15:00:00,CELL_015,micro,mMTC,39.15,32.602,4.5044,4,-96.5,-8.22,44.0,191,1
2024-01-07 16:00:00,CELL_015,micro,mMTC,46.62,22.127,3.4276,3,-97.0,-10.63,40.8,189,1
2024-01-07 17:00:00,CELL_015,micro,mMTC,21.17,27.255,0.7131,2,-88.2,-13.25,14.7,161,1
2024-01-07 18:00:00,CELL_015,micro,mMTC,61.27,25.501,0.1751,2,-116.9,-4.5,5.0,114,1
2024-01-07 19:00:00,CELL_015,micro,mMTC,38.25,32.022,1.5818,4,-98.9,-13.38,34.6,240,1
2024-01-07 20:00:00,CELL_015,micro,mMTC,61.83,24.546,0.7751,6,-79.5,-4.92,39.3,198,1
2024-01-07 21:00:00,CELL_015,micro,mMTC,47.98,30.203,1.6804,6,-89.6,-14.29,27.3,213,1
2024-01-07 22:00:00,CELL_015,micro,mMTC,24.24,17.707,2.2245,3,-113.3,-10.15,62.4,245,1
2024-01-07 23:00:00,CELL_015,micro,mMTC,57.64,43.8,0.1725,2,-100.9,-11.84,39.5,217,1
2024-01-08 00:00:00,CELL_015,micro,mMTC,39.07,4.502,0.9044,3,-98.5,-14.86,55.4,227,1
2024-01-08 01:00:00,CELL_015,micro,mMTC,61.44,48.118,1.8691,2,-88.0,-14.64,27.6,211,1
2024-01-08 02:00:00,CELL_015,micro,mMTC,47.39,20.163,0.2434,4,-83.6,-15.54,31.0,182,1
2024-01-08 03:00:00,CELL_015,micro,mMTC,48.64,33.323,0.5588,3,-98.0,-20.0,24.5,197,1
2024-01-08 04:00:00,CELL_015,micro,mMTC,47.34,19.453,0.2399,2,-79.6,-5.25,25.8,271,1
2024-01-08 05:00:00,CELL_015,micro,mMTC,53.03,20.342,1.5595,3,-105.6,-8.22,37.2,190,1
2024-01-08 06:00:00,CELL_015,micro,mMTC,64.94,16.044,0.7293,3,-100.3,-7.98,52.9,241,1
2024-01-08 07:00:00,CELL_015,micro,mMTC,55.27,26.571,2.6725,2,-101.4,-20.0,41.8,213,1
2024-01-08 08:00:00,CELL_015,micro,mMTC,43.23,50.555,0.1589,3,-78.3,-9.17,29.8,153,0
2024-01-08 09:00:00,CELL_015,micro,mMTC,34.93,17.904,2.1802,2,-112.7,-13.7,39.8,222,1
2024-01-08 10:00:00,CELL_015,micro,mMTC,25.06,28.274,1.4683,5,-70.0,-10.53,33.0,213,1
2024-01-08 11:00:00,CELL_015,micro,mMTC,38.76,18.816,2.1117,1,-101.3,-9.6,47.5,206,1
2024-01-08 12:00:00,CELL_015,micro,mMTC,62.99,14.806,1.1445,4,-87.0,-5.69,47.9,217,1
2024-01-08 13:00:00,CELL_015,micro,mMTC,44.24,31.804,0.0144,6,-91.7,-3.21,22.2,194,1
2024-01-08 14:00:00,CELL_015,micro,mMTC,37.73,8.37,0.4076,2,-86.8,-11.91,32.8,187,1
2024-01-08 15:00:00,CELL_015,micro,mMTC,60.03,7.691,1.3368,2,-120.0,-12.62,36.0,202,1
2024-01-08 16:00:00,CELL_015,micro,mMTC,28.94,24.927,1.2218,2,-120.0,-10.3,21.3,119,1
2024-01-08 17:00:00,CELL_015,micro,mMTC,34.24,19.756,0.698,3,-101.0,-7.37,36.9,142,1
2024-01-08 18:00:00,CELL_015,micro,mMTC,5.0,22.63,0.0277,4,-117.3,-10.64,38.3,176,1
2024-01-08 19:00:00,CELL_015,micro,mMTC,45.43,15.489,0.1147,4,-112.4,-13.07,40.8,158,1
2024-01-08 20:00:00,CELL_015,micro,mMTC,42.24,14.328,0.6401,4,-81.8,-13.99,59.8,215,1
2024-01-08 21:00:00,CELL_015,micro,mMTC,53.29,25.239,2.6583,3,-108.5,-9.28,38.7,203,1
2024-01-08 22:00:00,CELL_015,micro,mMTC,45.57,20.427,7.3401,1,-79.4,-4.41,17.9,192,0
2024-01-08 23:00:00,CELL_015,micro,mMTC,65.87,23.717,0.6626,3,-104.4,-12.24,50.0,218,1
2024-01-09 00:00:00,CELL_015,micro,mMTC,46.72,31.441,0.255,1,-114.7,-4.7,48.5,191,1
2024-01-09 01:00:00,CELL_015,micro,mMTC,26.51,33.81,0.9761,5,-107.2,-19.74,17.7,147,1
2024-01-09 02:00:00,CELL_015,micro,mMTC,45.56,22.872,1.0126,4,-70.0,-11.17,23.3,202,1
2024-01-09 03:00:00,CELL_015,micro,mMTC,48.94,17.266,0.4878,2,-103.6,-5.32,32.8,147,1
2024-01-09 04:00:00,CELL_015,micro,mMTC,38.17,25.329,1.0377,1,-120.0,-17.97,24.6,170,1
2024-01-09 05:00:00,CELL_015,micro,mMTC,28.56,21.201,0.4032,3,-109.7,-19.42,46.0,181,1
2024-01-09 06:00:00,CELL_015,micro,mMTC,52.62,25.53,0.2334,3,-95.6,-9.31,44.8,228,1
2024-01-09 07:00:00,CELL_015,micro,mMTC,60.07,35.021,3.6868,4,-97.3,-20.0,40.8,222,1
2024-01-09 08:00:00,CELL_015,micro,mMTC,9.19,30.478,4.6913,4,-105.9,-9.56,14.7,155,1
2024-01-09 09:00:00,CELL_015,micro,mMTC,45.52,31.648,0.4954,4,-80.6,-18.18,6.8,174,1
2024-01-09 10:00:00,CELL_015,micro,mMTC,44.38,35.371,2.6738,5,-77.6,-19.19,34.7,196,1
2024-01-09 11:00:00,CELL_015,micro,mMTC,79.39,17.496,4.5167,3,-82.2,-18.29,39.5,252,1
2024-01-09 12:00:00,CELL_015,micro,mMTC,50.99,30.398,0.3902,2,-86.0,-13.6,33.6,175,1
2024-01-09 13:00:00,CELL_015,micro,mMTC,14.4,28.975,0.9369,4,-74.8,-7.69,30.9,191,1
2024-01-09 14:00:00,CELL_015,micro,mMTC,50.99,18.358,1.079,1,-94.9,-20.0,20.6,177,1
2024-01-09 15:00:00,CELL_015,micro,mMTC,37.53,21.173,0.0788,2,-79.3,-15.74,28.2,149,1
2024-01-09 16:00:00,CELL_015,micro,mMTC,35.16,22.491,0.3845,1,-75.4,-20.0,31.0,134,1
2024-01-09 17:00:00,CELL_015,micro,mMTC,39.01,35.462,1.4606,2,-101.9,-12.6,22.6,101,1
2024-01-09 18:00:00,CELL_015,micro,mMTC,23.37,21.823,1.6335,2,-93.8,-12.22,6.2,150,1
2024-01-09 19:00:00,CELL_015,micro,mMTC,17.68,32.274,0.4449,2,-93.9,-14.69,24.4,132,1
2024-01-09 20:00:00,CELL_015,micro,mMTC,49.54,22.017,0.8212,0,-102.1,-15.84,34.3,230,1
2024-01-09 21:00:00,CELL_015,micro,mMTC,42.07,41.596,0.0295,1,-82.8,-12.5,27.8,134,1
2024-01-09 22:00:00,CELL_015,micro,mMTC,23.87,20.151,0.4587,5,-107.4,-8.04,31.2,110,1
2024-01-09 23:00:00,CELL_015,micro,mMTC,47.68,31.761,0.2194,6,-87.8,-12.34,42.7,190,1
2024-01-10 00:00:00,CELL_015,micro,mMTC,35.4,25.5,0.0148,1,-77.5,-3.0,24.9,223,1
2024-01-10 01:00:00,CELL_015,micro,mMTC,54.07,25.566,2.7002,3,-88.7,-15.93,47.1,231,1
2024-01-10 02:00:00,CELL_015,micro,mMTC,37.79,13.185,0.2167,3,-104.0,-17.62,16.7,204,1
2024-01-10 03:00:00,CELL_015,micro,mMTC,41.22,18.628,0.3062,3,-95.1,-20.0,37.1,233,1
2024-01-10 04:00:00,CELL_015,micro,mMTC,44.87,24.816,0.4136,3,-116.0,-7.84,49.8,234,1
2024-01-10 05:00:00,CELL_015,micro,mMTC,38.25,23.571,2.5387,5,-86.0,-12.21,34.9,200,1
2024-01-10 06:00:00,CELL_015,micro,mMTC,37.38,16.403,0.6284,2,-82.0,-15.41,44.6,245,1
2024-01-10 07:00:00,CELL_015,micro,mMTC,68.4,26.409,2.36,7,-100.4,-11.28,44.7,262,1
2024-01-10 08:00:00,CELL_015,micro,mMTC,20.28,20.605,1.4579,1,-85.0,-13.6,40.4,200,1
2024-01-10 09:00:00,CELL_015,micro,mMTC,59.69,30.434,0.7021,4,-101.2,-18.37,19.9,181,1
2024-01-10 10:00:00,CELL_015,micro,mMTC,48.52,33.648,0.5264,1,-86.9,-10.47,33.6,220,1
2024-01-10 11:00:00,CELL_015,micro,mMTC,58.12,24.439,1.7943,4,-120.0,-11.84,53.8,183,1
2024-01-10 12:00:00,CELL_015,micro,mMTC,57.4,25.188,0.6447,1,-80.5,-8.39,49.5,236,1
2024-01-10 13:00:00,CELL_015,micro,mMTC,69.01,20.851,0.7272,1,-103.0,-20.0,36.2,176,1
2024-01-10 14:00:00,CELL_015,micro,mMTC,64.71,23.202,3.2333,2,-92.3,-5.94,44.8,224,1
2024-01-10 15:00:00,CELL_015,micro,mMTC,70.09,14.892,0.8833,4,-91.2,-20.0,12.8,217,1
2024-01-10 16:00:00,CELL_015,micro,mMTC,22.39,21.019,0.3023,3,-81.0,-20.0,33.8,177,1
2024-01-10 17:00:00,CELL_015,micro,mMTC,23.13,18.179,0.5677,0,-101.9,-11.17,33.6,211,1
2024-01-10 18:00:00,CELL_015,micro,mMTC,62.76,30.876,0.3168,3,-103.8,-5.36,19.1,160,1
2024-01-10 19:00:00,CELL_015,micro,mMTC,38.3,31.238,0.6098,3,-89.5,-8.2,17.1,130,1
2024-01-10 20:00:00,CELL_015,micro,mMTC,18.4,29.281,1.8905,5,-102.1,-3.0,12.2,173,1
2024-01-10 21:00:00,CELL_015,micro,mMTC,33.07,19.731,0.2718,2,-111.5,-9.09,31.5,198,1
2024-01-10 22:00:00,CELL_015,micro,mMTC,46.21,36.881,0.5423,2,-79.7,-15.58,37.1,170,1
2024-01-10 23:00:00,CELL_015,micro,mMTC,53.62,8.678,0.8013,2,-95.5,-11.62,32.4,224,1
2024-01-11 00:00:00,CELL_015,micro,mMTC,34.87,24.534,0.3868,6,-106.6,-10.34,45.2,179,1
2024-01-11 01:00:00,CELL_015,micro,mMTC,63.63,35.784,0.0217,3,-89.2,-12.39,33.3,189,1
2024-01-11 02:00:00,CELL_015,micro,mMTC,52.13,28.439,3.1955,2,-78.5,-8.28,6.3,170,1
2024-01-11 03:00:00,CELL_015,micro,mMTC,23.82,34.641,0.1418,3,-95.8,-14.25,46.6,197,1
2024-01-11 04:00:00,CELL_015,micro,mMTC,28.9,13.222,2.2225,4,-79.7,-10.62,44.4,171,1
2024-01-11 05:00:00,CELL_015,micro,mMTC,27.98,29.48,1.0711,1,-107.0,-9.32,43.5,197,1
2024-01-11 06:00:00,CELL_015,micro,mMTC,34.45,33.045,3.1373,4,-92.9,-16.35,17.8,179,1
2024-01-11 07:00:00,CELL_015,micro,mMTC,66.61,33.749,0.1556,4,-82.3,-16.37,36.1,202,1
2024-01-11 08:00:00,CELL_015,micro,mMTC,22.44,31.592,1.3259,5,-108.6,-7.99,33.9,205,1
2024-01-11 09:00:00,CELL_015,micro,mMTC,50.15,34.626,1.3294,5,-93.0,-16.84,22.2,188,1
2024-01-01 00:00:00,CELL_016,micro,HC,1436.3,6.153,0.5463,2,-90.1,-15.03,64.6,8,0
2024-01-01 01:00:00,CELL_016,micro,HC,1228.73,5.378,0.1447,5,-120.0,-7.76,83.9,13,1
2024-01-01 02:00:00,CELL_016,micro,HC,1345.55,3.476,0.0116,3,-107.1,-7.6,82.9,8,1
2024-01-01 03:00:00,CELL_016,micro,HC,1187.56,3.931,0.0072,5,-104.8,-15.3,68.9,7,1
2024-01-01 04:00:00,CELL_016,micro,HC,1496.19,3.563,0.0912,7,-89.9,-12.44,84.2,11,1
2024-01-01 05:00:00,CELL_016,micro,HC,1162.65,4.657,0.0987,5,-93.0,-18.99,92.0,8,1
2024-01-01 06:00:00,CELL_016,micro,HC,1524.82,2.576,0.0344,2,-89.1,-16.22,100.0,7,1
2024-01-01 07:00:00,CELL_016,micro,HC,981.94,6.517,0.2237,0,-75.4,-7.19,61.1,6,1
2024-01-01 08:00:00,CELL_016,micro,HC,1099.09,4.044,0.0173,0,-102.5,-16.04,64.1,7,1
2024-01-01 09:00:00,CELL_016,micro,HC,1735.69,4.115,0.0756,3,-111.8,-7.55,100.0,9,1
2024-01-01 10:00:00,CELL_016,micro,HC,1539.09,4.365,0.6106,4,-75.1,-10.74,89.1,10,0
2024-01-01 11:00:00,CELL_016,micro,HC,1395.36,2.953,0.1424,5,-96.4,-6.41,84.8,8,1
2024-01-01 12:00:00,CELL_016,micro,HC,1300.06,4.866,0.5693,3,-84.7,-15.02,98.0,9,0
2024-01-01 13:00:00,CELL_016,micro,HC,1334.63,4.679,0.1087,4,-70.0,-14.14,100.0,7,1
2024-01-01 14:00:00,CELL_016,micro,HC,1018.07,3.48,0.1225,3,-82.3,-20.0,100.0,8,1
2024-01-01 15:00:00,CELL_016,micro,HC,1274.22,4.555,0.0338,1,-86.2,-5.68,90.9,9,1
2024-01-01 16:00:00,CELL_016,micro,HC,1025.93,6.359,0.2844,0,-99.8,-13.42,57.3,7,1
2024-01-01 17:00:00,CELL_016,micro,HC,779.86,3.511,0.2264,1,-106.6,-6.88,79.2,5,1
2024-01-01 18:00:00,CELL_016,micro,HC,1401.68,4.631,0.2988,2,-86.8,-12.96,80.8,7,1
2024-01-01 19:00:00,CELL_016,micro,HC,1435.79,4.819,0.1064,0,-92.3,-20.0,54.2,6,1
2024-01-01 20:00:00,CELL_016,micro,HC,1418.18,4.735,0.2667,5,-81.0,-12.29,84.1,7,1
2024-01-01 21:00:00,CELL_016,micro,HC,707.72,7.072,0.1335,4,-96.6,-7.92,49.0,6,1
2024-01-01 22:00:00,CELL_016,micro,HC,920.0,6.71,0.2402,2,-79.4,-8.05,82.8,6,1
2024-01-01 23:00:00,CELL_016,micro,HC,1209.42,3.35,0.0868,3,-70.0,-7.68,80.9,3,1
2024-01-02 00:00:00,CELL_016,micro,HC,869.56,4.561,0.1182,4,-70.0,-9.35,83.7,5,1
2024-01-02 01:00:00,CELL_016,micro,HC,1148.29,4.957,0.1184,2,-87.5,-12.42,74.2,9,1
2024-01-02 02:00:00,CELL_016,micro,HC,1231.06,5.517,0.0085,2,-95.3,-15.18,61.1,5,1
2024-01-02 03:00:00,CELL_016,micro,HC,1772.8,3.68,0.2157,7,-73.9,-12.09,100.0,5,1
2024-01-02 04:00:00,CELL_016,micro,HC,1107.37,5.157,0.0738,5,-77.9,-18.84,67.0,9,1
2024-01-02 05:00:00,CELL_016,micro,HC,1370.51,6.066,0.0765,1,-98.1,-14.48,80.5,6,1
2024-01-02 06:00:00,CELL_016,micro,HC,1414.8,6.467,0.0164,3,-97.1,-4.79,79.8,9,1
2024-01-02 07:00:00,CELL_016,micro,HC,972.72,2.335,0.0533,2,-120.0,-7.57,84.5,3,1
2024-01-02 08:00:00,CELL_016,micro,HC,1148.99,5.48,0.0037,4,-109.6,-11.58,87.1,9,1
2024-01-02 09:00:00,CELL_016,micro,HC,1462.17,4.543,0.5025,7,-88.2,-9.56,95.7,10,0
2024-01-02 10:00:00,CELL_016,micro,HC,1098.53,2.541,0.015,8,-103.4,-19.49,92.0,11,1
2024-01-02 11:00:00,CELL_016,micro,HC,1422.41,4.626,0.2829,2,-97.0,-5.91,84.9,10,1
2024-01-02 12:00:00,CELL_016,micro,HC,1523.79,2.62,0.0255,3,-102.1,-12.63,100.0,11,1
2024-01-02 13:00:00,CELL_016,micro,HC,1066.76,5.24,0.1093,5,-98.1,-16.76,81.3,10,1
2024-01-02 14:00:00,CELL_016,micro,HC,1030.77,2.623,0.4667,2,-87.2,-6.48,79.3,9,1
2024-01-02 15:00:00,CELL_016,micro,HC,1547.11,5.28,0.9025,3,-73.7,-10.53,83.3,9,0
2024-01-02 16:00:00,CELL_016,micro,HC,1357.88,4.402,1.1059,6,-93.3,-20.0,87.6,9,0
2024-01-02 17:00:00,CELL_016,micro,HC,1480.47,3.928,0.1269,4,-92.0,-17.68,68.6,11,1
2024-01-02 18:00:00,CELL_016,micro,HC,1444.57,3.619,0.1352,3,-115.5,-15.79,74.0,7,1
2024-01-02 19:00:00,CELL_016,micro,HC,1174.75,5.446,0.4958,1,-94.7,-17.44,87.3,11,1
2024-01-02 20:00:00,CELL_016,micro,HC,923.2,4.788,0.2126,1,-88.3,-8.88,71.4,7,1
2024-01-02 21:00:00,CELL_016,micro,HC,932.92,3.845,0.0503,7,-78.0,-13.1,74.2,5,1
2024-01-02 22:00:00,CELL_016,micro,HC,954.22,3.945,0.8074,5,-89.6,-13.99,86.4,6,0
2024-01-02 23:00:00,CELL_016,micro,HC,1364.06,5.543,0.2755,1,-103.1,-13.63,77.3,10,1
2024-01-03 00:00:00,CELL_016,micro,HC,1215.47,1.774,0.0385,2,-95.3,-15.99,96.6,6,1
2024-01-03 01:00:00,CELL_016,micro,HC,706.75,6.109,0.6639,2,-90.6,-16.47,60.9,7,0
2024-01-03 02:00:00,CELL_016,micro,HC,1155.34,3.505,0.2925,1,-94.5,-17.61,100.0,14,1
2024-01-03 03:00:00,CELL_016,micro,HC,1382.97,2.315,0.266,1,-94.3,-3.0,96.2,10,1
2024-01-03 04:00:00,CELL_016,micro,HC,1655.67,2.678,0.1201,1,-114.6,-15.18,88.5,4,1
2024-01-03 05:00:00,CELL_016,micro,HC,1208.0,3.464,0.25,2,-90.2,-12.13,59.5,7,1
2024-01-03 06:00:00,CELL_016,micro,HC,1286.91,3.8,0.4386,3,-120.0,-20.0,94.3,12,1
2024-01-03 07:00:00,CELL_016,micro,HC,1499.26,3.883,0.2675,4,-80.9,-9.15,89.7,9,1
2024-01-03 08:00:00,CELL_016,micro,HC,1315.28,3.178,0.6836,4,-110.7,-10.88,90.2,9,0
2024-01-03 09:00:00,CELL_016,micro,HC,1594.39,2.871,0.0865,2,-98.8,-12.99,88.6,7,1
2024-01-03 10:00:00,CELL_016,micro,HC,1162.33,5.497,0.2868,6,-96.4,-10.6,77.8,10,1
2024-01-03 11:00:00,CELL_016,micro,HC,1028.11,3.666,0.0128,3,-112.1,-17.65,91.1,8,1
2024-01-03 12:00:00,CELL_016,micro,HC,1418.68,3.893,0.1767,3,-100.1,-12.21,96.4,12,1
2024-01-03 13:00:00,CELL_016,micro,HC,1350.16,3.996,0.0497,1,-98.8,-12.04,100.0,13,1
2024-01-03 14:00:00,CELL_016,micro,HC,1311.29,4.119,0.0824,1,-91.2,-11.85,85.5,8,1
2024-01-03 15:00:00,CELL_016,micro,HC,1242.38,5.374,0.0282,1,-70.2,-19.24,63.7,5,1
2024-01-03 16:00:00,CELL_016,micro,HC,1239.15,5.143,0.0865,1,-103.1,-12.68,80.3,7,1
2024-01-03 17:00:00,CELL_016,micro,HC,988.21,6.641,0.1698,3,-109.2,-15.38,78.7,5,1
2024-01-03 18:00:00,CELL_016,micro,HC,1341.55,4.293,0.2578,3,-99.3,-16.01,91.3,8,1
2024-01-03 19:00:00,CELL_016,micro,HC,1248.95,5.368,0.0845,4,-83.1,-19.77,89.4,10,1
2024-01-03 20:00:00,CELL_016,micro,HC,968.51,4.809,0.0537,1,-102.6,-16.39,44.7,3,1
2024-01-03 21:00:00,CELL_016,micro,HC,1077.47,4.737,0.2304,2,-83.5,-4.34,75.2,16,1
2024-01-03 22:00:00,CELL_016,micro,HC,854.66,3.703,0.1069,2,-73.9,-20.0,72.7,4,1
2024-01-03 23:00:00,CELL_016,micro,HC,1322.21,4.381,0.1394,1,-86.4,-15.4,96.1,8,1
2024-01-04 00:00:00,CELL_016,micro,HC,1420.67,3.815,0.7157,6,-83.4,-8.63,94.4,11,0
2024-01-04 01:00:00,CELL_016,micro,HC,1524.46,3.936,0.0374,4,-110.7,-4.69,96.7,3,1
2024-01-04 02:00:00,CELL_016,micro,HC,782.89,3.649,0.2424,4,-96.6,-17.9,77.6,9,1
2024-01-04 03:00:00,CELL_016,micro,HC,1462.98,5.794,0.9307,5,-94.6,-13.73,80.9,7,0
2024-01-04 04:00:00,CELL_016,micro,HC,1526.74,2.391,0.1131,8,-104.9,-16.13,99.9,7,1
2024-01-04 05:00:00,CELL_016,micro,HC,1548.99,1.814,0.0647,4,-103.5,-11.0,100.0,13,1
2024-01-04 06:00:00,CELL_016,micro,HC,1136.72,3.784,0.0375,2,-92.3,-11.52,62.1,11,1
2024-01-04 07:00:00,CELL_016,micro,HC,1714.73,4.308,1.2633,5,-87.4,-12.75,100.0,7,0
2024-01-04 08:00:00,CELL_016,micro,HC,1256.84,5.199,0.2985,0,-90.5,-18.4,98.6,7,1
2024-01-04 09:00:00,CELL_016,micro,HC,918.16,3.46,0.0475,4,-114.7,-11.57,93.6,7,1
2024-01-04 10:00:00,CELL_016,micro,HC,1569.96,3.319,0.696,3,-97.8,-15.42,100.0,6,0
2024-01-04 11:00:00,CELL_016,micro,HC,1016.41,2.917,0.4646,4,-97.3,-5.43,100.0,13,1
2024-01-04 12:00:00,CELL_016,micro,HC,730.89,4.757,0.0958,2,-108.2,-8.11,73.5,6,1
2024-01-04 13:00:00,CELL_016,micro,HC,1388.49,4.242,0.1053,5,-90.2,-7.36,74.0,12,1
2024-01-04 14:00:00,CELL_016,micro,HC,999.86,5.851,0.0104,4,-92.1,-14.6,45.5,8,1
2024-01-04 15:00:00,CELL_016,micro,HC,1120.59,4.478,0.2003,2,-88.6,-3.0,94.3,7,1
2024-01-04 16:00:00,CELL_016,micro,HC,1518.63,6.067,0.0302,1,-88.8,-5.17,88.9,9,1
2024-01-04 17:00:00,CELL_016,micro,HC,1560.18,3.178,0.146,1,-100.8,-14.09,82.9,7,1
2024-01-04 18:00:00,CELL_016,micro,HC,1323.37,3.776,0.0301,1,-85.1,-9.91,61.4,8,1
2024-01-04 19:00:00,CELL_016,micro,HC,897.88,7.347,0.2286,2,-100.5,-20.0,56.5,5,1
2024-01-04 20:00:00,CELL_016,micro,HC,802.19,4.828,0.099,3,-74.7,-8.18,73.9,8,1
2024-01-04 21:00:00,CELL_016,micro,HC,922.18,4.997,0.0657,2,-72.0,-20.0,71.2,6,1
2024-01-04 22:00:00,CELL_016,micro,HC,718.89,6.014,0.0646,4,-93.1,-16.7,69.8,6,1
2024-01-04 23:00:00,CELL_016,micro,HC,1049.22,4.093,0.125,5,-78.6,-14.55,71.8,7,1
2024-01-05 00:00:00,CELL_016,micro,HC,1799.4,2.259,0.1294,4,-85.9,-13.95,94.5,14,1
2024-01-05 01:00:00,CELL_016,micro,HC,1122.8,5.079,0.16,3,-70.0,-18.33,71.0,9,1
2024-01-05 02:00:00,CELL_016,micro,HC,1431.32,2.438,0.0875,3,-103.9,-5.68,100.0,13,1
2024-01-05 03:00:00,CELL_016,micro,HC,1062.26,5.331,0.1253,3,-70.0,-13.43,72.8,6,1
2024-01-05 04:00:00,CELL_016,micro,HC,1356.1,2.265,0.1155,5,-83.9,-11.48,100.0,8,1
2024-01-05 05:00:00,CELL_016,micro,HC,1178.36,3.52,0.3473,4,-105.9,-17.74,75.0,2,1
2024-01-05 06:00:00,CELL_016,micro,HC,1128.9,3.605,0.0363,2,-104.8,-3.0,79.3,9,1
2024-01-05 07:00:00,CELL_016,micro,HC,1473.58,4.458,0.3653,5,-101.5,-10.79,91.1,11,1
2024-01-05 08:00:00,CELL_016,micro,HC,1133.04,3.151,0.0122,5,-99.5,-8.7,92.3,9,1
2024-01-05 09:00:00,CELL_016,micro,HC,891.26,5.241,0.0994,2,-86.4,-5.93,82.6,9,1
2024-01-05 10:00:00,CELL_016,micro,HC,1204.7,3.951,0.0094,3,-73.8,-7.11,85.1,10,1
2024-01-05 11:00:00,CELL_016,micro,HC,1284.86,3.21,0.0155,4,-82.5,-13.79,84.3,14,1
2024-01-05 12:00:00,CELL_016,micro,HC,1081.23,4.753,0.0971,1,-109.3,-14.64,94.4,14,1
2024-01-05 13:00:00,CELL_016,micro,HC,1207.81,4.34,0.042,1,-70.0,-15.73,83.6,13,1
2024-01-05 14:00:00,CELL_016,micro,HC,1066.88,4.582,0.0516,3,-71.1,-12.97,85.2,12,1
2024-01-05 15:00:00,CELL_016,micro,HC,1114.32,3.522,0.5638,2,-89.1,-9.07,76.6,3,0
2024-01-05 16:00:00,CELL_016,micro,HC,1145.88,4.381,0.2379,3,-98.9,-12.09,69.8,7,1
2024-01-05 17:00:00,CELL_016,micro,HC,650.88,6.492,0.09,1,-110.8,-5.85,57.4,8,1
2024-01-05 18:00:00,CELL_016,micro,HC,1065.43,4.403,0.0024,5,-92.4,-14.31,92.8,6,1
2024-01-05 19:00:00,CELL_016,micro,HC,1586.17,3.151,0.0197,3,-72.7,-15.36,95.3,6,1
2024-01-05 20:00:00,CELL_016,micro,HC,1067.69,4.293,0.3023,1,-95.9,-20.0,100.0,12,1
2024-01-05 21:00:00,CELL_016,micro,HC,1094.64,4.16,0.0265,4,-70.0,-16.71,74.1,11,1
2024-01-05 22:00:00,CELL_016,micro,HC,1196.39,6.355,0.4973,3,-106.4,-11.84,76.4,9,1
2024-01-05 23:00:00,CELL_016,micro,HC,1170.04,3.731,0.0373,1,-96.2,-11.23,82.5,9,1
2024-01-06 00:00:00,CELL_016,micro,HC,1317.68,3.847,0.0876,2,-79.3,-17.9,73.1,4,1
2024-01-06 01:00:00,CELL_016,micro,HC,1956.38,3.308,0.5739,6,-98.7,-8.93,100.0,9,0
2024-01-06 02:00:00,CELL_016,micro,HC,1379.39,4.252,0.0807,5,-75.9,-3.0,100.0,5,1
2024-01-06 03:00:00,CELL_016,micro,HC,1066.51,3.642,0.2288,4,-88.4,-17.75,91.7,14,1
2024-01-06 04:00:00,CELL_016,micro,HC,949.55,4.44,0.5501,5,-117.8,-16.64,100.0,5,0
2024-01-06 05:00:00,CELL_016,micro,HC,1193.6,5.994,1.8647,4,-90.4,-5.54,71.2,7,0
2024-01-06 06:00:00,CELL_016,micro,HC,1536.87,2.001,0.0059,2,-96.7,-13.45,91.9,14,1
2024-01-06 07:00:00,CELL_016,micro,HC,1107.71,5.254,0.584,5,-86.9,-16.52,86.7,7,0
2024-01-06 08:00:00,CELL_016,micro,HC,1170.54,3.53,0.1059,7,-120.0,-6.75,79.1,9,1
2024-01-06 09:00:00,CELL_016,micro,HC,1407.58,4.693,0.552,5,-86.8,-18.82,100.0,7,0
2024-01-06 10:00:00,CELL_016,micro,HC,1225.09,4.058,0.127,4,-81.8,-10.5,100.0,18,1
2024-01-06 11:00:00,CELL_016,micro,HC,1465.0,3.581,0.083,8,-110.3,-9.44,95.0,2,1
2024-01-06 12:00:00,CELL_016,micro,HC,1393.97,4.264,0.1305,1,-82.5,-13.64,86.2,13,1
2024-01-06 13:00:00,CELL_016,micro,HC,979.6,3.933,0.075,5,-98.9,-20.0,68.4,4,1
2024-01-06 14:00:00,CELL_016,micro,HC,1202.4,1.968,0.8959,2,-89.3,-18.55,77.4,13,0
2024-01-06 15:00:00,CELL_016,micro,HC,1211.08,3.75,0.0424,4,-102.7,-14.98,85.6,12,1
2024-01-06 16:00:00,CELL_016,micro,HC,1250.04,2.691,0.043,1,-80.7,-12.53,62.6,11,1
2024-01-06 17:00:00,CELL_016,micro,HC,849.71,5.154,0.6119,3,-95.2,-10.55,66.1,8,0
2024-01-06 18:00:00,CELL_016,micro,HC,1479.55,3.132,0.4186,5,-118.7,-8.99,81.0,8,1
2024-01-06 19:00:00,CELL_016,micro,HC,1314.51,4.67,0.0506,3,-107.7,-18.16,60.6,15,1
2024-01-06 20:00:00,CELL_016,micro,HC,1001.54,6.284,0.1207,4,-113.3,-20.0,35.5,8,1
2024-01-06 21:00:00,CELL_016,micro,HC,1451.13,4.661,0.0304,3,-82.3,-17.15,100.0,12,1
2024-01-06 22:00:00,CELL_016,micro,HC,1695.35,4.416,0.2384,1,-98.9,-10.01,78.7,12,1
2024-01-06 23:00:00,CELL_016,micro,HC,1149.54,6.002,0.1669,2,-75.7,-12.76,53.5,12,1
2024-01-07 00:00:00,CELL_016,micro,HC,1091.62,3.285,0.2522,2,-109.7,-15.34,69.5,11,1
2024-01-07 01:00:00,CELL_016,micro,HC,1345.31,3.856,0.0515,5,-104.0,-13.44,100.0,4,1
2024-01-07 02:00:00,CELL_016,micro,HC,1193.49,2.52,0.3854,5,-101.9,-8.04,80.0,9,1
2024-01-07 03:00:00,CELL_016,micro,HC,1434.3,4.087,0.0627,2,-120.0,-13.33,97.0,5,1
2024-01-07 04:00:00,CELL_016,micro,HC,1117.24,5.232,0.212,4,-99.9,-19.41,60.2,4,1
2024-01-07 05:00:00,CELL_016,micro,HC,1289.97,4.548,0.0941,2,-89.9,-15.37,90.0,10,1
2024-01-07 06:00:00,CELL_016,micro,HC,1224.78,4.756,0.0047,3,-94.6,-6.22,88.0,12,1
2024-01-07 07:00:00,CELL_016,micro,HC,1645.64,5.203,0.0715,1,-120.0,-11.53,100.0,8,1
2024-01-07 08:00:00,CELL_016,micro,HC,1194.71,3.948,0.1285,0,-99.7,-12.24,91.0,13,1
2024-01-07 09:00:00,CELL_016,micro,HC,1169.4,5.193,0.0447,3,-120.0,-17.28,100.0,6,1
2024-01-07 10:00:00,CELL_016,micro,HC,1139.52,4.759,0.5932,1,-84.5,-8.27,80.0,7,0
2024-01-07 11:00:00,CELL_016,micro,HC,1197.53,3.52,0.1625,1,-82.4,-18.9,86.2,7,1
2024-01-07 12:00:00,CELL_016,micro,HC,1591.52,3.75,0.0715,2,-96.1,-8.01,88.4,8,1
2024-01-07 13:00:00,CELL_016,micro,HC,1219.35,5.95,0.0962,7,-70.0,-9.78,74.5,7,1
2024-01-07 14:00:00,CELL_016,micro,HC,1080.27,5.31,0.2376,0,-76.1,-7.29,89.2,4,1
2024-01-07 15:00:00,CELL_016,micro,HC,1492.65,3.246,0.0849,4,-96.3,-20.0,88.8,10,1
2024-01-07 16:00:00,CELL_016,micro,HC,1392.4,4.478,0.1939,5,-75.4,-10.18,57.1,9,1
2024-01-07 17:00:00,CELL_016,micro,HC,1187.78,4.304,0.0381,4,-88.8,-12.62,86.3,9,1
2024-01-07 18:00:00,CELL_016,micro,HC,1078.5,4.43,0.1347,0,-92.5,-10.71,78.1,10,1
2024-01-07 19:00:00,CELL_016,micro,HC,883.52,4.668,0.1458,2,-88.2,-5.82,58.5,7,1
2024-01-07 20:00:00,CELL_016,micro,HC,1040.95,5.63,0.0478,0,-114.8,-11.47,85.4,9,1
2024-01-07 21:00:00,CELL_016,micro,HC,1585.28,4.417,0.1569,3,-100.7,-16.23,61.6,5,1
2024-01-07 22:00:00,CELL_016,micro,HC,1121.55,5.606,0.1189,3,-85.8,-8.36,86.1,5,1
2024-01-07 23:00:00,CELL_016,micro,HC,1258.2,6.723,0.1077,1,-90.2,-20.0,86.2,8,1
2024-01-08 00:00:00,CELL_016,micro,HC,1804.13,3.956,0.2999,4,-97.5,-11.1,82.3,14,1
2024-01-08 01:00:00,CELL_016,micro,HC,1833.02,2.099,0.3295,5,-82.3,-6.44,93.1,13,1
2024-01-08 02:00:00,CELL_016,micro,HC,1428.69,3.691,0.177,2,-115.0,-9.9,83.8,3,1
2024-01-08 03:00:00,CELL_016,micro,HC,1472.75,4.551,0.0417,5,-96.3,-13.21,77.6,5,1
2024-01-08 04:00:00,CELL_016,micro,HC,1779.9,3.443,0.0062,2,-96.0,-13.45,100.0,13,1
2024-01-08 05:00:00,CELL_016,micro,HC,1510.57,2.063,0.1354,2,-114.6,-16.57,96.8,11,1
2024-01-08 06:00:00,CELL_016,micro,HC,973.69,3.98,1.0697,1,-113.8,-19.65,70.5,9,0
2024-01-08 07:00:00,CELL_016,micro,HC,1400.17,4.96,0.2137,2,-111.4,-9.02,68.5,9,1
2024-01-08 08:00:00,CELL_016,micro,HC,1485.18,2.098,0.0051,6,-95.8,-14.29,100.0,6,1
2024-01-08 09:00:00,CELL_016,micro,HC,1376.32,5.073,0.3489,5,-100.9,-9.66,89.6,15,1
2024-01-08 10:00:00,CELL_016,micro,HC,1666.45,3.572,0.2739,2,-95.0,-10.34,96.5,17,1
2024-01-08 11:00:00,CELL_016,micro,HC,1050.24,3.691,0.0228,7,-103.0,-8.62,86.3,8,1
2024-01-08 12:00:00,CELL_016,micro,HC,1189.51,4.934,0.0096,1,-101.9,-11.87,93.9,4,1
2024-01-08 13:00:00,CELL_016,micro,HC,1140.05,4.211,0.0511,4,-103.4,-5.7,86.9,12,1
2024-01-08 14:00:00,CELL_016,micro,HC,1260.96,2.695,0.1515,4,-70.0,-8.37,93.2,9,1
2024-01-08 15:00:00,CELL_016,micro,HC,1221.68,4.449,0.1772,1,-108.3,-11.55,72.5,8,1
2024-01-08 16:00:00,CELL_016,micro,HC,1147.52,3.565,0.0537,4,-111.9,-15.72,83.3,7,1
2024-01-08 17:00:00,CELL_016,micro,HC,1403.66,5.333,0.3513,1,-70.0,-9.4,76.6,11,1
2024-01-08 18:00:00,CELL_016,micro,HC,1361.25,4.675,0.63,0,-102.1,-14.31,77.4,11,0
2024-01-08 19:00:00,CELL_016,micro,HC,1121.89,4.096,0.0713,1,-90.7,-9.0,76.3,7,1
2024-01-08 20:00:00,CELL_016,micro,HC,1322.98,4.299,0.3228,3,-85.6,-8.43,87.4,10,1
2024-01-08 21:00:00,CELL_016,micro,HC,1033.53,2.968,0.2496,4,-78.7,-4.28,54.9,5,1
2024-01-08 22:00:00,CELL_016,micro,HC,1488.97,4.122,0.0598,1,-101.8,-14.66,71.6,6,1
2024-01-08 23:00:00,CELL_016,micro,HC,1350.35,3.018,0.2308,1,-91.8,-14.38,96.3,9,1
2024-01-09 00:00:00,CELL_016,micro,HC,1151.5,4.473,0.1283,4,-95.5,-12.22,81.6,9,1
2024-01-09 01:00:00,CELL_016,micro,HC,1356.04,4.888,0.1352,3,-120.0,-15.9,94.4,4,1
2024-01-09 02:00:00,CELL_016,micro,HC,1595.58,5.362,0.6672,4,-80.9,-3.0,78.2,14,0
2024-01-09 03:00:00,CELL_016,micro,HC,1193.17,2.788,0.3581,4,-101.3,-15.96,90.4,8,1
2024-01-09 04:00:00,CELL_016,micro,HC,1962.39,1.429,0.2701,3,-79.2,-10.05,100.0,14,1
2024-01-09 05:00:00,CELL_016,micro,HC,1207.56,5.287,0.0129,2,-110.2,-9.81,64.7,12,1
2024-01-09 06:00:00,CELL_016,micro,HC,1229.98,3.441,0.1687,1,-89.0,-13.92,69.7,19,1
2024-01-09 07:00:00,CELL_016,micro,HC,1268.42,4.953,0.1011,2,-88.8,-10.87,75.5,6,1
2024-01-09 08:00:00,CELL_016,micro,HC,1623.25,2.701,0.0486,4,-120.0,-10.36,93.3,10,1
2024-01-09 09:00:00,CELL_016,micro,HC,980.83,3.98,0.4706,1,-88.1,-12.68,100.0,5,1
2024-01-09 10:00:00,CELL_016,micro,HC,1336.56,4.507,0.4229,2,-97.1,-10.1,82.5,11,1
2024-01-09 11:00:00,CELL_016,micro,HC,1744.92,4.851,0.1402,3,-96.7,-12.56,82.5,6,1
2024-01-09 12:00:00,CELL_016,micro,HC,1462.55,2.644,0.004,2,-95.5,-12.74,100.0,12,1
2024-01-09 13:00:00,CELL_016,micro,HC,1280.32,2.944,0.018,3,-75.1,-6.34,80.0,8,1
2024-01-09 14:00:00,CELL_016,micro,HC,1296.97,5.091,0.058,3,-102.0,-10.55,88.5,9,1
2024-01-09 15:00:00,CELL_016,micro,HC,1234.89,2.922,0.0741,7,-70.0,-14.93,90.5,6,1
2024-01-09 16:00:00,CELL_016,micro,HC,993.1,3.907,1.4395,2,-87.4,-9.78,77.7,12,0
2024-01-09 17:00:00,CELL_016,micro,HC,1285.83,3.151,0.6468,6,-97.7,-9.03,90.0,12,0
2024-01-09 18:00:00,CELL_016,micro,HC,1054.98,7.647,0.0391,2,-98.2,-11.16,61.1,4,1
2024-01-09 19:00:00,CELL_016,micro,HC,1523.65,5.604,0.0107,3,-91.0,-13.35,75.3,12,1
2024-01-09 20:00:00,CELL_016,micro,HC,1120.95,4.566,0.091,3,-80.6,-11.03,66.4,9,1
2024-01-09 21:00:00,CELL_016,micro,HC,1229.37,4.241,0.0398,5,-80.9,-17.95,93.7,10,1
2024-01-09 22:00:00,CELL_016,micro,HC,1044.4,5.929,0.3637,5,-100.5,-6.91,68.1,11,1
2024-01-09 23:00:00,CELL_016,micro,HC,1142.5,6.477,0.06,0,-120.0,-13.95,70.2,8,1
2024-01-10 00:00:00,CELL_016,micro,HC,1078.47,4.805,0.2284,0,-96.3,-19.29,81.0,14,1
2024-01-10 01:00:00,CELL_016,micro,HC,1596.03,3.866,0.1643,3,-103.8,-13.23,100.0,8,1
2024-01-10 02:00:00,CELL_016,micro,HC,954.32,4.655,0.2334,2,-74.7,-11.73,57.3,7,1
2024-01-10 03:00:00,CELL_016,micro,HC,1322.6,4.919,0.0086,3,-90.9,-9.19,93.2,13,1
2024-01-10 04:00:00,CELL_016,micro,HC,1573.57,4.487,0.1087,3,-93.7,-17.49,100.0,8,1
2024-01-10 05:00:00,CELL_016,micro,HC,1381.65,4.968,0.104,2,-94.9,-11.12,91.1,8,1
2024-01-10 06:00:00,CELL_016,micro,HC,793.33,3.383,0.077,3,-90.4,-15.07,79.5,9,1
2024-01-10 07:00:00,CELL_016,micro,HC,1279.36,2.945,0.0502,3,-76.6,-17.52,91.2,16,1
2024-01-10 08:00:00,CELL_016,micro,HC,1807.36,2.889,0.3546,4,-80.7,-10.28,100.0,14,1
2024-01-10 09:00:00,CELL_016,micro,HC,1235.18,5.963,0.1561,4,-111.9,-9.05,65.8,10,1
2024-01-10 10:00:00,CELL_016,micro,HC,1359.61,4.413,0.006,2,-97.5,-17.46,77.0,12,1
2024-01-10 11:00:00,CELL_016,micro,HC,1268.49,3.464,0.3089,4,-98.5,-11.79,88.7,7,1
2024-01-10 12:00:00,CELL_016,micro,HC,844.65,3.745,0.3531,3,-91.5,-14.73,95.8,14,1
2024-01-10 13:00:00,CELL_016,micro,HC,1356.03,2.655,0.5001,4,-96.3,-14.91,100.0,10,0
2024-01-10 14:00:00,CELL_016,micro,HC,1331.97,4.009,0.3735,2,-99.3,-10.26,85.1,10,1
2024-01-10 15:00:00,CELL_016,micro,HC,888.08,6.493,0.0293,0,-107.7,-10.37,85.4,12,1
2024-01-10 16:00:00,CELL_016,micro,HC,1304.87,4.115,0.0491,3,-88.7,-10.57,76.9,6,1
2024-01-10 17:00:00,CELL_016,micro,HC,889.7,5.168,0.2475,1,-99.2,-9.59,82.3,7,1
2024-01-10 18:00:00,CELL_016,micro,HC,1018.28,4.429,0.01,0,-94.1,-13.58,60.5,5,1
2024-01-10 19:00:00,CELL_016,micro,HC,906.53,5.367,0.2385,5,-84.7,-7.61,87.7,9,1
2024-01-10 20:00:00,CELL_016,micro,HC,751.96,6.482,0.0948,1,-98.6,-11.73,67.0,8,1
2024-01-10 21:00:00,CELL_016,micro,HC,1061.34,4.912,0.3795,2,-70.0,-9.5,75.1,10,1
2024-01-10 22:00:00,CELL_016,micro,HC,1862.15,2.444,0.1096,4,-115.5,-17.4,98.2,6,1
2024-01-10 23:00:00,CELL_016,micro,HC,1246.05,3.298,0.0396,2,-120.0,-8.71,71.9,4,1
2024-01-11 00:00:00,CELL_016,micro,HC,1449.21,4.714,0.0056,4,-108.3,-5.09,72.9,6,1
2024-01-11 01:00:00,CELL_016,micro,HC,1087.36,3.351,0.0101,5,-101.3,-14.32,99.4,5,1
2024-01-11 02:00:00,CELL_016,micro,HC,1215.33,4.133,0.042,3,-77.5,-14.15,84.9,10,1
2024-01-11 03:00:00,CELL_016,micro,HC,1066.4,1.742,0.1094,3,-94.3,-8.62,84.7,7,1
2024-01-11 04:00:00,CELL_016,micro,HC,1360.17,4.95,0.3668,6,-112.1,-10.43,78.0,14,1
2024-01-11 05:00:00,CELL_016,micro,HC,1091.17,4.01,0.4286,3,-98.9,-8.83,68.9,6,1
2024-01-11 06:00:00,CELL_016,micro,HC,1303.24,3.753,0.1328,5,-82.0,-13.97,92.4,6,1
2024-01-11 07:00:00,CELL_016,micro,HC,1443.07,4.779,0.1122,1,-70.0,-5.86,74.3,10,1
2024-01-11 08:00:00,CELL_016,micro,HC,1245.0,2.987,0.1464,3,-86.5,-10.11,77.3,16,1
2024-01-11 09:00:00,CELL_016,micro,HC,1576.97,3.496,0.0852,4,-79.8,-3.38,100.0,10,1
2024-01-01 00:00:00,CELL_017,pico,HC,941.15,5.112,0.3556,1,-105.3,-5.72,69.0,7,1
2024-01-01 01:00:00,CELL_017,pico,HC,1596.57,4.845,0.1365,1,-109.9,-19.45,67.7,6,1
2024-01-01 02:00:00,CELL_017,pico,HC,1197.99,4.925,0.1863,2,-85.2,-8.54,66.1,6,1
2024-01-01 03:00:00,CELL_017,pico,HC,976.38,3.995,0.0599,3,-108.9,-20.0,63.4,6,1
2024-01-01 04:00:00,CELL_017,pico,HC,1417.77,4.0,0.1933,3,-94.6,-12.1,74.6,7,1
2024-01-01 05:00:00,CELL_017,pico,HC,1437.13,2.135,0.5574,0,-76.8,-20.0,62.3,8,0
2024-01-01 06:00:00,CELL_017,pico,HC,1148.51,5.558,0.0789,7,-98.3,-8.8,71.4,7,1
2024-01-01 07:00:00,CELL_017,pico,HC,1264.46,6.56,0.3802,2,-83.7,-14.0,63.4,6,1
2024-01-01 08:00:00,CELL_017,pico,HC,675.52,5.915,0.213,3,-102.4,-17.37,72.6,6,1
2024-01-01 09:00:00,CELL_017,pico,HC,960.74,5.919,0.1495,3,-88.2,-16.58,64.6,3,1
2024-01-01 10:00:00,CELL_017,pico,HC,1211.65,5.699,0.806,3,-85.3,-7.61,76.7,6,0
2024-01-01 11:00:00,CELL_017,pico,HC,1028.91,4.971,0.0969,3,-70.0,-16.71,58.2,9,1
2024-01-01 12:00:00,CELL_017,pico,HC,1280.4,5.949,0.4734,2,-120.0,-3.0,48.4,8,1
2024-01-01 13:00:00,CELL_017,pico,HC,1193.41,4.147,0.0347,3,-93.5,-20.0,91.8,12,1
2024-01-01 14:00:00,CELL_017,pico,HC,1203.9,5.781,0.0391,3,-97.4,-4.83,69.0,8,1
2024-01-01 15:00:00,CELL_017,pico,HC,940.66,5.245,0.2151,4,-115.8,-14.81,70.3,8,1
2024-01-01 16:00:00,CELL_017,pico,HC,1170.17,5.232,0.2661,2,-84.1,-10.49,43.8,4,1
2024-01-01 17:00:00,CELL_017,pico,HC,1211.02,4.983,0.0496,4,-81.5,-20.0,82.6,10,1
2024-01-01 18:00:00,CELL_017,pico,HC,968.42,6.096,0.3441,7,-92.6,-12.78,47.8,3,1
2024-01-01 19:00:00,CELL_017,pico,HC,1025.42,5.684,0.1316,5,-86.0,-14.41,59.0,2,1
2024-01-01 20:00:00,CELL_017,pico,HC,1036.68,6.06,0.1788,3,-89.0,-14.31,53.1,2,1
2024-01-01 21:00:00,CELL_017,pico,HC,754.96,6.391,0.018,1,-105.4,-5.73,67.0,8,1
2024-01-01 22:00:00,CELL_017,pico,HC,1063.42,6.851,0.2706,3,-119.7,-13.48,78.8,5,1
2024-01-01 23:00:00,CELL_017,pico,HC,1229.69,4.585,0.0011,2,-118.0,-5.48,68.9,6,1
2024-01-02 00:00:00,CELL_017,pico,HC,1022.92,5.601,0.0348,3,-94.6,-9.46,83.0,14,1
2024-01-02 01:00:00,CELL_017,pico,HC,1200.83,4.476,0.4692,2,-94.9,-6.78,72.9,15,1
2024-01-02 02:00:00,CELL_017,pico,HC,757.75,4.653,0.0712,0,-91.3,-17.13,77.2,9,1
2024-01-02 03:00:00,CELL_017,pico,HC,1131.66,4.247,0.0815,2,-90.3,-16.18,88.2,10,1
2024-01-02 04:00:00,CELL_017,pico,HC,1619.96,4.791,0.0311,6,-120.0,-20.0,88.0,9,1
2024-01-02 05:00:00,CELL_017,pico,HC,1446.02,4.726,0.0172,4,-92.6,-3.03,85.5,8,1
2024-01-02 06:00:00,CELL_017,pico,HC,1687.49,2.848,0.549,6,-90.7,-4.36,78.5,9,0
2024-01-02 07:00:00,CELL_017,pico,HC,1394.24,6.114,0.1851,3,-92.7,-14.04,91.4,5,1
2024-01-02 08:00:00,CELL_017,pico,HC,1354.25,4.413,0.3325,1,-80.0,-14.84,88.6,5,1
2024-01-02 09:00:00,CELL_017,pico,HC,1181.54,4.745,0.5234,3,-96.9,-9.58,83.2,8,0
2024-01-02 10:00:00,CELL_017,pico,HC,1265.14,7.154,0.2133,5,-96.8,-14.77,58.5,11,1
2024-01-02 11:00:00,CELL_017,pico,HC,1198.89,6.149,0.0808,2,-92.7,-16.09,71.2,8,1
2024-01-02 12:00:00,CELL_017,pico,HC,1492.01,4.138,0.339,4,-82.9,-11.25,71.3,11,1
2024-01-02 13:00:00,CELL_017,pico,HC,1499.78,4.38,0.0692,4,-109.0,-19.02,100.0,8,1
2024-01-02 14:00:00,CELL_017,pico,HC,964.07,4.974,0.1075,3,-100.8,-8.09,51.0,9,1
2024-01-02 15:00:00,CELL_017,pico,HC,1294.36,6.153,0.35,2,-96.5,-17.01,100.0,8,1
2024-01-02 16:00:00,CELL_017,pico,HC,1594.16,5.966,0.0259,3,-94.8,-15.92,87.7,5,1
2024-01-02 17:00:00,CELL_017,pico,HC,1335.03,5.945,0.3866,6,-70.0,-8.32,51.6,9,1
2024-01-02 18:00:00,CELL_017,pico,HC,1157.6,4.571,0.0329,1,-89.4,-11.11,55.2,4,1
2024-01-02 19:00:00,CELL_017,pico,HC,815.48,6.006,0.0428,3,-98.1,-3.0,51.1,2,1
2024-01-02 20:00:00,CELL_017,pico,HC,1238.84,5.69,0.219,2,-101.1,-16.0,79.8,5,1
2024-01-02 21:00:00,CELL_017,pico,HC,969.2,4.572,0.0578,1,-72.5,-13.98,77.0,5,1
2024-01-02 22:00:00,CELL_017,pico,HC,1384.94,4.052,0.0633,4,-100.2,-15.94,76.0,12,1
2024-01-02 23:00:00,CELL_017,pico,HC,855.48,4.446,0.0958,1,-105.3,-8.85,77.3,11,1
2024-01-03 00:00:00,CELL_017,pico,HC,918.56,6.561,0.2009,1,-94.7,-8.37,78.8,7,1
2024-01-03 01:00:00,CELL_017,pico,HC,717.92,5.012,0.1231,3,-97.8,-14.0,70.7,5,1
2024-01-03 02:00:00,CELL_017,pico,HC,1479.7,6.49,0.1032,3,-111.8,-9.91,71.5,6,1
2024-01-03 03:00:00,CELL_017,pico,HC,1042.47,5.067,0.1516,7,-70.0,-14.73,78.8,11,1
2024-01-03 04:00:00,CELL_017,pico,HC,985.87,4.633,0.0754,1,-86.0,-9.17,61.6,7,1
2024-01-03 05:00:00,CELL_017,pico,HC,1175.2,2.709,0.0447,4,-80.4,-6.77,78.7,10,1
2024-01-03 06:00:00,CELL_017,pico,HC,896.58,5.589,0.1102,2,-82.0,-15.94,64.9,3,1
2024-01-03 07:00:00,CELL_017,pico,HC,1776.95,4.605,0.1306,4,-98.8,-10.81,81.5,3,1
2024-01-03 08:00:00,CELL_017,pico,HC,1076.15,4.351,0.2684,6,-102.6,-6.96,82.0,7,1
2024-01-03 09:00:00,CELL_017,pico,HC,986.03,3.088,0.4735,3,-102.3,-20.0,95.9,6,1
2024-01-03 10:00:00,CELL_017,pico,HC,1084.35,6.247,0.0335,3,-114.3,-10.2,70.3,8,1
2024-01-03 11:00:00,CELL_017,pico,HC,1329.83,3.939,0.2043,8,-95.1,-6.27,84.7,11,1
2024-01-03 12:00:00,CELL_017,pico,HC,1423.98,2.353,0.1399,2,-111.8,-3.0,100.0,14,1
2024-01-03 13:00:00,CELL_017,pico,HC,1161.91,4.968,0.0,4,-103.4,-12.74,65.0,5,1
2024-01-03 14:00:00,CELL_017,pico,HC,773.34,4.82,0.1814,2,-109.7,-6.68,70.7,4,1
2024-01-03 15:00:00,CELL_017,pico,HC,1152.03,4.013,0.0092,2,-79.3,-14.13,61.8,4,1
2024-01-03 16:00:00,CELL_017,pico,HC,1290.6,4.019,0.1518,4,-103.5,-4.74,80.5,9,1
2024-01-03 17:00:00,CELL_017,pico,HC,724.26,4.359,0.052,1,-105.7,-10.3,65.9,5,1
2024-01-03 18:00:00,CELL_017,pico,HC,1140.22,1.919,0.0363,4,-79.1,-13.98,72.8,2,1
2024-01-03 19:00:00,CELL_017,pico,HC,1070.12,6.125,0.3392,5,-80.4,-14.04,67.8,8,1
2024-01-03 20:00:00,CELL_017,pico,HC,1321.79,5.522,0.0067,4,-75.2,-12.41,65.6,8,1
2024-01-03 21:00:00,CELL_017,pico,HC,1237.51,4.697,0.7697,3,-102.7,-12.48,71.6,10,0
2024-01-03 22:00:00,CELL_017,pico,HC,691.0,6.0,0.0362,3,-72.7,-15.63,52.1,9,1
2024-01-03 23:00:00,CELL_017,pico,HC,937.43,6.094,0.0137,2,-114.3,-15.41,64.6,10,1
2024-01-04 00:00:00,CELL_017,pico,HC,1097.25,3.93,0.0096,3,-100.7,-6.51,74.7,7,1
2024-01-04 01:00:00,CELL_017,pico,HC,1204.71,2.422,0.083,3,-96.0,-15.67,84.3,7,1
2024-01-04 02:00:00,CELL_017,pico,HC,1849.41,4.037,0.009,2,-85.3,-7.2,87.7,10,1
2024-01-04 03:00:00,CELL_017,pico,HC,857.24,4.643,0.0418,2,-84.5,-12.87,84.2,11,1
2024-01-04 04:00:00,CELL_017,pico,HC,967.28,4.011,0.0516,1,-92.6,-11.29,63.6,9,1
2024-01-04 05:00:00,CELL_017,pico,HC,1378.34,4.289,0.4756,3,-90.9,-11.04,81.2,10,1
2024-01-04 06:00:00,CELL_017,pico,HC,1458.72,5.408,0.1106,2,-94.2,-3.0,84.9,5,1
2024-01-04 07:00:00,CELL_017,pico,HC,1114.5,4.047,0.759,1,-88.2,-10.75,78.3,5,0
2024-01-04 08:00:00,CELL_017,pico,HC,1354.27,6.215,0.52,3,-87.7,-20.0,79.0,13,0
2024-01-04 09:00:00,CELL_017,pico,HC,1689.26,3.265,0.3051,3,-110.4,-14.05,60.1,5,1
2024-01-04 10:00:00,CELL_017,pico,HC,1097.73,5.924,0.1506,1,-109.4,-9.12,60.4,7,1
2024-01-04 11:00:00,CELL_017,pico,HC,1034.65,4.431,0.0768,1,-101.9,-7.41,85.4,7,1
2024-01-04 12:00:00,CELL_017,pico,HC,1068.65,5.025,0.0399,4,-81.0,-10.93,84.4,6,1
2024-01-04 13:00:00,CELL_017,pico,HC,1395.49,3.632,0.1792,3,-111.6,-7.84,57.5,8,1
2024-01-04 14:00:00,CELL_017,pico,HC,1198.05,4.488,0.2457,2,-80.5,-6.99,82.4,7,1
2024-01-04 15:00:00,CELL_017,pico,HC,747.27,6.084,0.9971,3,-112.2,-11.31,40.7,1,0
2024-01-04 16:00:00,CELL_017,pico,HC,1022.19,5.1,0.1371,3,-113.9,-10.08,46.5,3,1
2024-01-04 17:00:00,CELL_017,pico,HC,988.9,4.713,0.3173,4,-95.7,-9.81,54.5,5,1
2024-01-04 18:00:00,CELL_017,pico,HC,981.76,5.474,0.0274,3,-103.7,-5.24,56.2,7,1
2024-01-04 19:00:00,CELL_017,pico,HC,1012.16,5.679,0.4505,5,-111.2,-4.18,62.1,7,1
2024-01-04 20:00:00,CELL_017,pico,HC,1011.24,5.271,0.0512,3,-100.7,-14.84,52.5,9,1
2024-01-04 21:00:00,CELL_017,pico,HC,1586.28,5.152,0.0444,4,-80.0,-7.6,63.1,5,1
2024-01-04 22:00:00,CELL_017,pico,HC,1086.89,3.612,0.0227,1,-90.3,-14.66,68.9,4,1
2024-01-04 23:00:00,CELL_017,pico,HC,1257.35,5.401,0.3557,5,-106.8,-13.47,79.7,12,1
2024-01-05 00:00:00,CELL_017,pico,HC,1238.79,4.561,0.5382,5,-109.8,-10.35,52.7,9,0
2024-01-05 01:00:00,CELL_017,pico,HC,1006.19,4.968,0.0064,5,-99.7,-17.36,64.6,7,1
2024-01-05 02:00:00,CELL_017,pico,HC,1037.73,5.48,0.4342,3,-118.2,-16.97,54.4,8,1
2024-01-05 03:00:00,CELL_017,pico,HC,1373.92,4.794,0.0747,4,-110.3,-10.11,73.4,12,1
2024-01-05 04:00:00,CELL_017,pico,HC,1278.79,3.731,0.0406,2,-70.0,-9.28,63.9,6,1
2024-01-05 05:00:00,CELL_017,pico,HC,1621.73,4.58,0.2658,1,-84.9,-13.34,78.3,4,1
2024-01-05 06:00:00,CELL_017,pico,HC,826.06,6.52,0.1673,6,-108.4,-11.29,70.1,8,1
2024-01-05 07:00:00,CELL_017,pico,HC,1534.21,2.625,0.4014,2,-89.5,-15.85,67.6,3,1
2024-01-05 08:00:00,CELL_017,pico,HC,1544.73,4.954,0.0168,4,-96.6,-10.03,99.4,7,1
2024-01-05 09:00:00,CELL_017,pico,HC,1073.08,4.076,0.2202,4,-87.9,-17.42,76.0,12,1
2024-01-05 10:00:00,CELL_017,pico,HC,1244.98,6.274,0.3001,3,-80.1,-7.98,67.4,10,1
2024-01-05 11:00:00,CELL_017,pico,HC,1074.07,4.815,0.0166,2,-102.8,-9.33,95.8,10,1
2024-01-05 12:00:00,CELL_017,pico,HC,933.69,7.864,0.0995,2,-87.5,-16.31,64.0,6,1
2024-01-05 13:00:00,CELL_017,pico,HC,1825.81,4.411,0.1466,3,-70.0,-12.35,76.8,6,1
2024-01-05 14:00:00,CELL_017,pico,HC,1372.64,2.468,0.53,3,-101.0,-3.97,87.2,11,0
2024-01-05 15:00:00,CELL_017,pico,HC,1011.49,6.131,0.0402,6,-92.9,-7.52,76.2,6,1
2024-01-05 16:00:00,CELL_017,pico,HC,1092.95,5.152,0.6316,1,-107.5,-20.0,61.2,6,0
2024-01-05 17:00:00,CELL_017,pico,HC,966.76,7.011,0.3029,3,-98.5,-13.49,84.8,6,1
2024-01-05 18:00:00,CELL_017,pico,HC,573.41,4.607,0.222,1,-86.4,-10.17,38.9,4,1
2024-01-05 19:00:00,CELL_017,pico,HC,1326.5,4.062,0.0105,2,-87.9,-4.5,77.1,6,1
2024-01-05 20:00:00,CELL_017,pico,HC,1151.0,6.959,0.0794,3,-88.2,-3.0,66.6,8,1
2024-01-05 21:00:00,CELL_017,pico,HC,1062.27,5.453,0.5939,5,-79.7,-6.6,56.0,7,0
2024-01-05 22:00:00,CELL_017,pico,HC,1222.74,4.17,0.2811,1,-83.1,-13.3,55.1,3,1
2024-01-05 23:00:00,CELL_017,pico,HC,1144.78,4.641,0.3073,3,-76.0,-14.25,66.2,6,1
2024-01-06 00:00:00,CELL_017,pico,HC,854.22,4.495,0.0837,1,-85.0,-3.15,70.2,8,1
2024-01-06 01:00:00,CELL_017,pico,HC,1398.24,3.207,0.1347,2,-82.1,-6.35,100.0,10,1
2024-01-06 02:00:00,CELL_017,pico,HC,1106.13,5.828,0.2982,7,-70.0,-8.09,74.0,10,1
2024-01-06 03:00:00,CELL_017,pico,HC,1081.39,5.296,0.1712,3,-111.2,-16.54,78.2,4,1
2024-01-06 04:00:00,CELL_017,pico,HC,1528.46,2.081,0.1162,1,-89.8,-7.11,90.0,15,1
2024-01-06 05:00:00,CELL_017,pico,HC,1470.79,4.885,1.0257,3,-91.5,-11.79,71.5,16,0
2024-01-06 06:00:00,CELL_017,pico,HC,941.52,5.288,0.0392,6,-106.4,-10.91,53.7,7,1
2024-01-06 07:00:00,CELL_017,pico,HC,1062.23,3.652,0.0498,3,-119.6,-15.43,91.4,7,1
2024-01-06 08:00:00,CELL_017,pico,HC,982.8,5.625,0.0675,4,-98.6,-16.12,70.2,3,1
2024-01-06 09:00:00,CELL_017,pico,HC,1188.34,3.73,0.2208,4,-118.3,-10.51,82.6,10,1
2024-01-06 10:00:00,CELL_017,pico,HC,1274.6,4.833,0.3053,1,-85.1,-13.19,74.9,6,1
2024-01-06 11:00:00,CELL_017,pico,HC,1008.84,2.971,0.2533,3,-90.0,-7.78,58.6,10,1
2024-01-06 12:00:00,CELL_017,pico,HC,947.22,5.141,0.1926,3,-87.8,-17.69,48.8,8,1
2024-01-06 13:00:00,CELL_017,pico,HC,1071.82,3.553,0.0587,3,-75.9,-3.76,91.5,13,1
2024-01-06 14:00:00,CELL_017,pico,HC,1358.11,2.844,0.2263,2,-94.1,-12.9,60.4,9,1
2024-01-06 15:00:00,CELL_017,pico,HC,1187.4,6.033,0.2893,6,-105.8,-18.93,56.5,6,1
2024-01-06 16:00:00,CELL_017,pico,HC,952.07,4.612,0.059,2,-112.3,-13.56,79.0,9,1
2024-01-06 17:00:00,CELL_017,pico,HC,1033.88,2.946,0.4865,2,-87.6,-12.9,76.4,6,1
2024-01-06 18:00:00,CELL_017,pico,HC,838.8,5.554,0.4885,3,-110.8,-10.84,74.8,6,1
2024-01-06 19:00:00,CELL_017,pico,HC,663.55,4.94,0.0451,1,-114.4,-12.74,88.9,8,1
2024-01-06 20:00:00,CELL_017,pico,HC,1167.1,4.596,0.0417,4,-93.8,-8.77,92.7,7,1
2024-01-06 21:00:00,CELL_017,pico,HC,400.33,5.716,0.1675,2,-91.4,-14.19,55.0,5,0
2024-01-06 22:00:00,CELL_017,pico,HC,1251.59,2.862,0.0466,6,-86.7,-10.91,100.0,4,1
2024-01-06 23:00:00,CELL_017,pico,HC,967.76,4.648,0.2538,2,-104.3,-13.75,67.0,8,1
2024-01-07 00:00:00,CELL_017,pico,HC,1025.28,5.338,0.2579,1,-104.7,-4.75,84.6,12,1
2024-01-07 01:00:00,CELL_017,pico,HC,1364.07,3.346,0.0682,5,-84.1,-7.49,77.3,7,1
2024-01-07 02:00:00,CELL_017,pico,HC,1061.51,5.582,0.3081,2,-103.9,-11.64,77.9,11,1
2024-01-07 03:00:00,CELL_017,pico,HC,714.39,5.082,0.1792,1,-105.0,-5.91,89.8,7,1
2024-01-07 04:00:00,CELL_017,pico,HC,1514.84,4.662,0.2908,3,-98.5,-13.53,79.7,11,1
2024-01-07 05:00:00,CELL_017,pico,HC,1432.2,4.009,0.2842,1,-70.0,-11.18,99.1,13,1
2024-01-07 06:00:00,CELL_017,pico,HC,583.88,5.877,0.1196,5,-90.5,-9.31,61.6,8,1
2024-01-07 07:00:00,CELL_017,pico,HC,977.38,4.896,0.1016,2,-99.7,-6.06,51.4,8,1
2024-01-07 08:00:00,CELL_017,pico,HC,1076.09,5.329,0.1526,2,-79.5,-13.75,55.3,4,1
2024-01-07 09:00:00,CELL_017,pico,HC,1122.17,4.116,1.1217,3,-93.0,-8.55,91.6,9,0
2024-01-07 10:00:00,CELL_017,pico,HC,705.27,5.395,0.018,3,-118.6,-11.7,89.9,6,1
2024-01-07 11:00:00,CELL_017,pico,HC,1164.6,3.163,0.098,3,-108.6,-16.04,94.4,8,1
2024-01-07 12:00:00,CELL_017,pico,HC,1169.03,5.443,0.1216,1,-81.5,-11.09,83.9,7,1
2024-01-07 13:00:00,CELL_017,pico,HC,1601.87,5.457,0.0259,2,-91.9,-11.16,54.1,7,1
2024-01-07 14:00:00,CELL_017,pico,HC,1027.99,4.469,0.287,1,-99.1,-13.94,86.2,7,1
2024-01-07 15:00:00,CELL_017,pico,HC,976.08,4.674,0.0653,2,-84.0,-3.44,76.3,7,1
2024-01-07 16:00:00,CELL_017,pico,HC,1419.32,4.934,0.0341,5,-107.7,-13.62,79.7,11,1
2024-01-07 17:00:00,CELL_017,pico,HC,1441.27,5.435,0.1287,1,-98.7,-9.4,66.5,8,1
2024-01-07 18:00:00,CELL_017,pico,HC,1240.93,5.407,0.1719,1,-110.9,-12.06,68.0,9,1
2024-01-07 19:00:00,CELL_017,pico,HC,708.87,5.461,0.0985,3,-70.0,-14.32,71.5,6,1
2024-01-07 20:00:00,CELL_017,pico,HC,831.91,5.566,0.432,2,-83.6,-17.15,46.4,5,1
2024-01-07 21:00:00,CELL_017,pico,HC,1099.51,5.611,0.2715,3,-86.9,-3.0,86.6,7,1
2024-01-07 22:00:00,CELL_017,pico,HC,997.92,4.674,0.1647,6,-72.9,-9.76,88.8,8,1
2024-01-07 23:00:00,CELL_017,pico,HC,1088.74,3.272,0.0084,6,-114.9,-19.68,75.2,6,1
2024-01-08 00:00:00,CELL_017,pico,HC,1222.26,3.315,0.2463,4,-70.0,-7.46,89.4,9,1
2024-01-08 01:00:00,CELL_017,pico,HC,1309.55,4.356,0.1248,4,-109.8,-5.6,74.9,11,1
2024-01-08 02:00:00,CELL_017,pico,HC,1094.06,4.866,0.0442,2,-70.0,-13.33,63.8,7,1
2024-01-08 03:00:00,CELL_017,pico,HC,1158.78,4.061,0.2801,5,-110.8,-9.19,78.6,10,1
2024-01-08 04:00:00,CELL_017,pico,HC,1379.91,4.125,0.0477,1,-74.6,-6.67,95.9,12,1
2024-01-08 05:00:00,CELL_017,pico,HC,1557.3,2.288,0.1206,4,-98.0,-9.12,100.0,16,1
2024-01-08 06:00:00,CELL_017,pico,HC,1264.78,4.405,0.0191,2,-86.2,-11.77,58.2,6,1
2024-01-08 07:00:00,CELL_017,pico,HC,1380.24,4.312,0.276,2,-95.0,-13.56,89.5,6,1
2024-01-08 08:00:00,CELL_017,pico,HC,1599.58,4.028,0.0025,3,-81.9,-13.13,100.0,6,1
2024-01-08 09:00:00,CELL_017,pico,HC,1198.52,5.048,0.9468,2,-114.2,-9.08,83.7,13,0
2024-01-08 10:00:00,CELL_017,pico,HC,1277.49,2.43,0.2218,3,-83.7,-9.17,100.0,10,1
2024-01-08 11:00:00,CELL_017,pico,HC,1023.74,6.488,0.081,6,-70.0,-9.64,93.6,8,1
2024-01-08 12:00:00,CELL_017,pico,HC,1006.96,5.443,0.0026,3,-116.7,-8.33,64.6,1,1
2024-01-08 13:00:00,CELL_017,pico,HC,1149.16,5.833,0.0801,1,-117.1,-15.02,75.0,7,1
2024-01-08 14:00:00,CELL_017,pico,HC,956.9,7.516,0.0298,2,-85.4,-7.7,63.7,4,1
2024-01-08 15:00:00,CELL_017,pico,HC,1090.55,3.88,0.2125,5,-70.9,-10.6,78.7,4,1
2024-01-08 16:00:00,CELL_017,pico,HC,977.86,5.658,0.1438,3,-101.8,-6.31,58.4,5,1
2024-01-08 17:00:00,CELL_017,pico,HC,908.07,5.823,0.1687,5,-84.9,-5.24,65.6,7,1
2024-01-08 18:00:00,CELL_017,pico,HC,998.22,5.714,0.2343,3,-120.0,-8.89,50.0,5,1
2024-01-08 19:00:00,CELL_017,pico,HC,1246.06,3.862,0.1249,1,-84.3,-18.82,82.9,6,1
2024-01-08 20:00:00,CELL_017,pico,HC,1142.06,4.73,0.2151,2,-120.0,-3.05,71.0,5,1
2024-01-08 21:00:00,CELL_017,pico,HC,1021.44,5.296,0.009,5,-104.3,-13.01,63.4,6,1
2024-01-08 22:00:00,CELL_017,pico,HC,860.71,3.878,0.1405,4,-95.5,-14.4,69.2,8,1
2024-01-08 23:00:00,CELL_017,pico,HC,928.46,5.352,0.0103,2,-73.4,-8.0,63.3,9,1
2024-01-09 00:00:00,CELL_017,pico,HC,1265.58,5.97,0.3188,4,-94.5,-6.02,72.2,2,1
2024-01-09 01:00:00,CELL_017,pico,HC,1385.3,3.643,0.1281,2,-107.2,-6.04,100.0,13,1
2024-01-09 02:00:00,CELL_017,pico,HC,1403.77,5.04,0.0123,3,-107.2,-5.87,80.0,11,1
2024-01-09 03:00:00,CELL_017,pico,HC,550.36,5.939,0.3455,4,-113.2,-14.59,63.5,7,1
2024-01-09 04:00:00,CELL_017,pico,HC,886.59,4.952,0.0498,4,-108.7,-13.05,61.9,4,1
2024-01-09 05:00:00,CELL_017,pico,HC,945.8,5.221,0.1553,2,-84.8,-15.59,43.8,8,1
2024-01-09 06:00:00,CELL_017,pico,HC,1325.56,3.759,0.1063,3,-73.7,-9.31,70.3,16,1
2024-01-09 07:00:00,CELL_017,pico,HC,1397.18,6.643,0.0089,3,-101.3,-10.01,69.9,9,1
2024-01-09 08:00:00,CELL_017,pico,HC,1019.81,5.98,0.1437,2,-119.4,-3.0,69.8,13,1
2024-01-09 09:00:00,CELL_017,pico,HC,705.15,5.118,0.0302,1,-106.2,-11.56,72.9,9,1
2024-01-09 10:00:00,CELL_017,pico,HC,557.68,3.984,0.1654,5,-102.4,-12.31,80.7,7,1
2024-01-09 11:00:00,CELL_017,pico,HC,1020.89,6.409,0.1346,2,-70.2,-10.94,71.2,8,1
2024-01-09 12:00:00,CELL_017,pico,HC,1111.55,5.167,0.0627,1,-105.9,-16.17,63.9,4,1
2024-01-09 13:00:00,CELL_017,pico,HC,1133.95,6.644,0.4712,0,-110.8,-14.05,72.9,8,1
2024-01-09 14:00:00,CELL_017,pico,HC,229.08,8.572,0.0987,2,-105.8,-14.33,50.2,5,0
2024-01-09 15:00:00,CELL_017,pico,HC,840.49,4.039,0.0978,1,-70.5,-15.7,58.3,3,1
2024-01-09 16:00:00,CELL_017,pico,HC,770.7,4.741,0.051,5,-100.8,-18.85,47.1,8,1
2024-01-09 17:00:00,CELL_017,pico,HC,1071.04,4.603,0.0367,3,-90.5,-20.0,78.9,9,1
2024-01-09 18:00:00,CELL_017,pico,HC,901.45,6.065,0.0396,5,-91.7,-13.92,34.7,4,1
2024-01-09 19:00:00,CELL_017,pico,HC,1267.59,5.714,0.5402,3,-90.9,-8.86,82.1,4,0
2024-01-09 20:00:00,CELL_017,pico,HC,1015.9,4.374,0.2406,4,-91.1,-5.27,81.9,10,1
2024-01-09 21:00:00,CELL_017,pico,HC,1391.35,2.846,0.4939,2,-120.0,-13.72,82.0,6,1
2024-01-09 22:00:00,CELL_017,pico,HC,881.6,6.903,0.0449,4,-120.0,-14.03,67.2,9,1
2024-01-09 23:00:00,CELL_017,pico,HC,1032.77,6.217,0.7311,3,-93.0,-15.27,56.5,6,0
2024-01-10 00:00:00,CELL_017,pico,HC,1309.26,2.664,0.1939,4,-70.9,-15.62,86.7,10,1
2024-01-10 01:00:00,CELL_017,pico,HC,1559.36,2.9,0.0491,2,-109.4,-17.65,69.0,12,1
2024-01-10 02:00:00,CELL_017,pico,HC,1382.29,3.561,0.11,1,-81.9,-20.0,81.7,12,1
2024-01-10 03:00:00,CELL_017,pico,HC,1279.33,4.33,0.1108,3,-92.8,-15.1,92.6,10,1
2024-01-10 04:00:00,CELL_017,pico,HC,1133.76,4.564,0.178,5,-97.6,-14.24,84.5,7,1
2024-01-10 05:00:00,CELL_017,pico,HC,1447.37,4.075,0.0976,6,-91.4,-16.08,92.3,9,1
2024-01-10 06:00:00,CELL_017,pico,HC,1354.37,3.733,0.2998,2,-77.8,-19.06,93.3,6,1
2024-01-10 07:00:00,CELL_017,pico,HC,799.11,4.874,0.3742,3,-91.0,-13.8,55.4,7,1
2024-01-10 08:00:00,CELL_017,pico,HC,1482.37,3.858,0.5521,4,-84.3,-16.23,63.9,11,0
2024-01-10 09:00:00,CELL_017,pico,HC,1082.96,4.247,0.1584,3,-99.9,-17.13,78.0,5,1
2024-01-10 10:00:00,CELL_017,pico,HC,1628.57,2.501,0.069,3,-99.7,-16.6,97.8,8,1
2024-01-10 11:00:00,CELL_017,pico,HC,1047.98,4.826,0.067,3,-114.3,-20.0,86.5,14,1
2024-01-10 12:00:00,CELL_017,pico,HC,1308.96,5.263,0.1251,1,-110.4,-20.0,97.4,8,1
2024-01-10 13:00:00,CELL_017,pico,HC,1550.55,4.581,0.285,1,-101.0,-18.01,61.9,8,1
2024-01-10 14:00:00,CELL_017,pico,HC,964.93,4.878,0.4255,4,-70.0,-14.44,73.6,7,1
2024-01-10 15:00:00,CELL_017,pico,HC,921.98,3.998,0.0963,0,-112.4,-12.86,72.0,5,1
2024-01-10 16:00:00,CELL_017,pico,HC,935.96,5.005,0.5736,5,-103.3,-12.54,63.3,6,0
2024-01-10 17:00:00,CELL_017,pico,HC,1579.9,6.21,0.0257,3,-88.7,-12.49,71.2,10,1
2024-01-10 18:00:00,CELL_017,pico,HC,644.4,6.195,0.2384,3,-77.2,-9.1,71.0,5,1
2024-01-10 19:00:00,CELL_017,pico,HC,619.35,4.209,0.302,1,-70.0,-14.13,54.7,3,1
2024-01-10 20:00:00,CELL_017,pico,HC,765.51,3.445,0.2243,2,-74.9,-12.42,79.6,8,1
2024-01-10 21:00:00,CELL_017,pico,HC,1223.19,5.069,0.0198,2,-116.6,-3.0,81.0,11,1
2024-01-10 22:00:00,CELL_017,pico,HC,1310.08,2.382,0.1231,4,-106.9,-20.0,93.3,8,1
2024-01-10 23:00:00,CELL_017,pico,HC,1290.1,5.533,0.1399,3,-75.2,-15.95,72.7,12,1
2024-01-11 00:00:00,CELL_017,pico,HC,1490.15,4.729,0.0008,4,-106.6,-3.0,69.2,6,1
2024-01-11 01:00:00,CELL_017,pico,HC,390.74,5.645,0.0913,0,-104.4,-10.72,81.4,7,0
2024-01-11 02:00:00,CELL_017,pico,HC,882.28,6.423,0.0612,1,-96.4,-5.84,55.0,5,1
2024-01-11 03:00:00,CELL_017,pico,HC,1031.79,3.642,0.0528,3,-108.2,-19.77,82.8,9,1
2024-01-11 04:00:00,CELL_017,pico,HC,1241.28,5.833,0.0834,5,-91.4,-8.89,46.2,10,1
2024-01-11 05:00:00,CELL_017,pico,HC,1285.19,4.309,0.2561,0,-102.5,-7.94,91.3,12,1
2024-01-11 06:00:00,CELL_017,pico,HC,1240.81,6.343,0.4325,8,-104.5,-14.89,77.2,10,1
2024-01-11 07:00:00,CELL_017,pico,HC,1095.29,4.831,0.1234,5,-70.0,-3.0,83.7,3,1
2024-01-11 08:00:00,CELL_017,pico,HC,952.13,4.455,0.26,6,-87.8,-14.25,93.4,9,1
2024-01-11 09:00:00,CELL_017,pico,HC,1414.92,2.245,0.1569,2,-109.4,-3.0,66.4,3,1
2024-01-01 00:00:00,CELL_018,pico,HC,896.9,3.942,0.2038,4,-80.0,-16.72,59.9,13,1
2024-01-01 01:00:00,CELL_018,pico,HC,1279.11,3.48,0.067,4,-84.4,-12.59,62.5,6,1
2024-01-01 02:00:00,CELL_018,pico,HC,1489.07,3.499,0.1231,6,-104.5,-17.9,100.0,13,1
2024-01-01 03:00:00,CELL_018,pico,HC,1610.09,3.684,0.3256,2,-83.8,-17.48,97.4,7,1
2024-01-01 04:00:00,CELL_018,pico,HC,1584.37,3.037,0.2102,1,-87.4,-8.62,81.8,11,1
2024-01-01 05:00:00,CELL_018,pico,HC,985.93,4.372,0.2523,5,-96.3,-13.95,93.7,11,1
2024-01-01 06:00:00,CELL_018,pico,HC,844.1,5.343,0.0834,4,-95.4,-14.38,68.1,2,1
2024-01-01 07:00:00,CELL_018,pico,HC,1365.5,2.473,0.8614,2,-88.6,-16.11,100.0,4,0
2024-01-01 08:00:00,CELL_018,pico,HC,1201.3,5.53,0.0947,6,-109.4,-11.28,74.3,4,1
2024-01-01 09:00:00,CELL_018,pico,HC,1418.61,3.827,0.3665,1,-78.4,-6.58,98.7,7,1
2024-01-01 10:00:00,CELL_018,pico,HC,1405.63,4.535,0.3079,3,-90.7,-9.87,81.0,5,1
2024-01-01 11:00:00,CELL_018,pico,HC,1055.73,5.541,0.1027,3,-81.2,-15.55,72.9,4,1
2024-01-01 12:00:00,CELL_018,pico,HC,1105.23,3.828,0.1067,1,-91.9,-13.48,91.2,8,1
2024-01-01 13:00:00,CELL_018,pico,HC,1564.15,3.162,0.0776,3,-81.9,-17.55,89.1,10,1
2024-01-01 14:00:00,CELL_018,pico,HC,1517.69,7.435,0.1308,0,-100.1,-14.06,99.7,9,1
2024-01-01 15:00:00,CELL_018,pico,HC,463.28,4.136,0.0298,4,-92.0,-14.67,60.8,8,0
2024-01-01 16:00:00,CELL_018,pico,HC,1485.26,3.16,0.4282,2,-117.6,-12.96,100.0,7,1
2024-01-01 17:00:00,CELL_018,pico,HC,773.91,5.539,0.421,3,-101.0,-6.29,82.5,5,1
2024-01-01 18:00:00,CELL_018,pico,HC,1158.77,5.058,0.0,1,-70.0,-13.47,39.9,10,1
2024-01-01 19:00:00,CELL_018,pico,HC,1151.74,5.77,0.0632,4,-105.2,-12.27,89.7,9,1
2024-01-01 20:00:00,CELL_018,pico,HC,1128.53,4.326,0.0677,3,-77.1,-19.32,68.4,10,1
2024-01-01 21:00:00,CELL_018,pico,HC,1177.2,5.046,0.086,3,-120.0,-11.25,97.0,7,1
2024-01-01 22:00:00,CELL_018,pico,HC,1113.57,4.916,0.3859,6,-98.6,-11.06,82.8,8,1
2024-01-01 23:00:00,CELL_018,pico,HC,1331.39,5.822,0.0003,2,-78.9,-15.61,88.5,13,1
2024-01-02 00:00:00,CELL_018,pico,HC,1231.11,4.03,0.2663,3,-115.6,-3.0,89.4,14,1
2024-01-02 01:00:00,CELL_018,pico,HC,1455.68,4.556,0.0129,3,-88.9,-13.67,72.6,7,1
2024-01-02 02:00:00,CELL_018,pico,HC,1415.04,3.963,0.9184,2,-90.7,-6.11,100.0,12,0
2024-01-02 03:00:00,CELL_018,pico,HC,1654.99,3.46,0.1036,4,-111.9,-3.0,100.0,10,1
2024-01-02 04:00:00,CELL_018,pico,HC,1292.23,5.254,0.1195,3,-93.4,-9.27,81.4,7,1
2024-01-02 05:00:00,CELL_018,pico,HC,1615.28,1.705,0.5165,1,-97.3,-3.0,93.8,8,0
2024-01-02 06:00:00,CELL_018,pico,HC,1539.74,4.682,0.2283,5,-92.1,-15.08,95.7,9,1
2024-01-02 07:00:00,CELL_018,pico,HC,1574.08,3.032,0.1199,10,-85.5,-3.0,100.0,13,1
2024-01-02 08:00:00,CELL_018,pico,HC,1155.98,4.111,0.0099,4,-78.2,-13.17,80.2,11,1
2024-01-02 09:00:00,CELL_018,pico,HC,1366.24,3.224,0.3677,3,-109.6,-11.7,80.7,11,1
2024-01-02 10:00:00,CELL_018,pico,HC,1268.75,3.435,0.0129,3,-82.1,-14.82,88.2,5,1
2024-01-02 11:00:00,CELL_018,pico,HC,1146.31,5.631,0.0008,2,-76.0,-19.51,83.3,7,1
2024-01-02 12:00:00,CELL_018,pico,HC,1385.48,2.008,0.5913,5,-108.1,-11.39,76.4,9,0
2024-01-02 13:00:00,CELL_018,pico,HC,1241.19,3.822,0.0268,4,-70.0,-7.66,82.7,8,1
2024-01-02 14:00:00,CELL_018,pico,HC,1097.62,3.583,0.1833,5,-71.0,-3.39,78.4,11,1
2024-01-02 15:00:00,CELL_018,pico,HC,1350.96,4.793,0.3358,0,-95.3,-15.83,75.6,7,1
2024-01-02 16:00:00,CELL_018,pico,HC,1381.85,1.947,0.4625,2,-75.4,-7.23,92.4,11,1
2024-01-02 17:00:00,CELL_018,pico,HC,837.66,4.43,0.575,1,-120.0,-5.09,87.8,10,0
2024-01-02 18:00:00,CELL_018,pico,HC,1077.47,6.062,0.5569,3,-74.4,-6.9,70.6,14,0
2024-01-02 19:00:00,CELL_018,pico,HC,1197.51,6.295,0.5231,3,-83.9,-12.64,58.1,4,0
2024-01-02 20:00:00,CELL_018,pico,HC,1151.71,6.108,0.6198,1,-112.1,-13.22,71.0,8,0
2024-01-02 21:00:00,CELL_018,pico,HC,685.29,4.839,0.0316,5,-92.2,-12.24,56.8,14,1
2024-01-02 22:00:00,CELL_018,pico,HC,1051.44,5.678,0.1218,2,-89.3,-6.52,72.7,8,1
2024-01-02 23:00:00,CELL_018,pico,HC,1244.29,3.148,0.4533,1,-82.3,-13.62,94.6,11,1
2024-01-03 00:00:00,CELL_018,pico,HC,1153.79,3.956,0.1053,5,-89.3,-12.49,93.8,10,1
2024-01-03 01:00:00,CELL_018,pico,HC,1144.49,5.732,0.0586,2,-80.2,-7.04,95.6,6,1
2024-01-03 02:00:00,CELL_018,pico,HC,1000.04,2.842,0.0856,1,-83.1,-17.9,73.8,6,1
2024-01-03 03:00:00,CELL_018,pico,HC,1262.87,5.736,0.0295,5,-96.7,-15.13,75.4,12,1
2024-01-03 04:00:00,CELL_018,pico,HC,1764.48,3.902,0.02,4,-93.8,-7.11,90.8,13,1
2024-01-03 05:00:00,CELL_018,pico,HC,1812.14,2.995,0.1972,0,-80.8,-9.83,86.7,1,1
2024-01-03 06:00:00,CELL_018,pico,HC,1121.96,3.516,0.138,3,-78.5,-8.64,77.0,7,1
2024-01-03 07:00:00,CELL_018,pico,HC,1579.18,3.94,0.0285,2,-95.9,-10.73,76.1,4,1
2024-01-03 08:00:00,CELL_018,pico,HC,1764.58,3.119,0.078,0,-111.8,-7.91,78.7,11,1
2024-01-03 09:00:00,CELL_018,pico,HC,1283.95,3.386,0.6873,5,-114.0,-10.45,91.9,11,0
2024-01-03 10:00:00,CELL_018,pico,HC,1356.86,3.462,0.0067,2,-83.8,-19.92,70.9,8,1
2024-01-03 11:00:00,CELL_018,pico,HC,1073.79,2.549,0.1348,2,-93.5,-10.33,81.7,5,1
2024-01-03 12:00:00,CELL_018,pico,HC,1005.64,3.365,0.0513,2,-74.7,-3.0,69.0,6,1
2024-01-03 13:00:00,CELL_018,pico,HC,1570.34,4.632,0.1767,2,-94.4,-12.02,71.8,8,1
2024-01-03 14:00:00,CELL_018,pico,HC,1534.67,3.857,0.1839,1,-111.6,-11.18,100.0,7,1
2024-01-03 15:00:00,CELL_018,pico,HC,1213.71,8.141,0.3371,1,-70.0,-8.36,73.6,6,1
2024-01-03 16:00:00,CELL_018,pico,HC,1947.69,5.031,0.0895,2,-103.6,-11.36,87.2,11,1
2024-01-03 17:00:00,CELL_018,pico,HC,1304.79,4.856,0.1147,0,-73.7,-10.09,82.6,6,1
2024-01-03 18:00:00,CELL_018,pico,HC,1441.35,4.065,0.09,4,-110.9,-20.0,77.5,2,1
2024-01-03 19:00:00,CELL_018,pico,HC,1103.55,4.092,0.0813,3,-75.5,-10.07,76.7,7,1
2024-01-03 20:00:00,CELL_018,pico,HC,1325.32,7.119,0.14,5,-85.7,-10.01,72.6,4,1
2024-01-03 21:00:00,CELL_018,pico,HC,1052.35,6.254,0.1657,4,-103.0,-16.49,82.8,5,1
2024-01-03 22:00:00,CELL_018,pico,HC,770.69,3.56,0.6434,4,-70.0,-7.47,57.9,4,0
2024-01-03 23:00:00,CELL_018,pico,HC,1501.67,2.863,0.0896,2,-120.0,-14.24,86.4,7,1
2024-01-04 00:00:00,CELL_018,pico,HC,1444.17,4.399,1.0563,1,-89.8,-13.66,99.7,9,0
2024-01-04 01:00:00,CELL_018,pico,HC,1118.65,2.645,0.1668,4,-92.0,-9.59,81.1,8,1
2024-01-04 02:00:00,CELL_018,pico,HC,1450.12,3.055,0.1451,3,-88.6,-10.21,97.6,8,1
2024-01-04 03:00:00,CELL_018,pico,HC,1297.11,1.927,0.1224,7,-102.9,-5.52,100.0,10,1
2024-01-04 04:00:00,CELL_018,pico,HC,989.27,4.228,0.0248,2,-92.2,-20.0,69.1,12,1
2024-01-04 05:00:00,CELL_018,pico,HC,1248.35,4.65,0.0986,2,-81.5,-16.94,75.1,7,1
2024-01-04 06:00:00,CELL_018,pico,HC,1406.2,1.378,0.1502,2,-86.1,-12.34,100.0,10,1
2024-01-04 07:00:00,CELL_018,pico,HC,1687.07,4.377,0.1989,3,-90.0,-20.0,75.2,8,1
2024-01-04 08:00:00,CELL_018,pico,HC,1905.56,1.805,0.5121,0,-113.7,-16.39,100.0,12,0
2024-01-04 09:00:00,CELL_018,pico,HC,1694.64,3.582,0.4729,7,-96.8,-13.73,100.0,4,1
2024-01-04 10:00:00,CELL_018,pico,HC,1222.1,3.94,0.0814,4,-89.6,-17.53,92.0,9,1
2024-01-04 11:00:00,CELL_018,pico,HC,929.55,5.661,0.0745,7,-82.9,-5.93,69.2,11,1
2024-01-04 12:00:00,CELL_018,pico,HC,1048.5,3.302,0.2361,5,-79.9,-14.85,72.2,10,1
2024-01-04 13:00:00,CELL_018,pico,HC,1472.21,4.337,0.4127,3,-83.7,-16.16,86.0,12,1
2024-01-04 14:00:00,CELL_018,pico,HC,766.68,4.243,0.0015,1,-102.0,-18.93,86.8,6,1
2024-01-04 15:00:00,CELL_018,pico,HC,1198.61,2.785,0.021,5,-103.1,-3.0,89.8,6,1
2024-01-04 16:00:00,CELL_018,pico,HC,1626.82,3.458,0.1519,6,-90.9,-5.45,92.7,9,1
2024-01-04 17:00:00,CELL_018,pico,HC,1326.02,3.058,0.0749,0,-95.3,-13.98,89.2,6,1
2024-01-04 18:00:00,CELL_018,pico,HC,1051.6,3.737,0.054,2,-111.2,-10.4,77.7,6,1
2024-01-04 19:00:00,CELL_018,pico,HC,1118.39,4.074,0.0047,1,-94.9,-10.96,69.6,7,1
2024-01-04 20:00:00,CELL_018,pico,HC,1134.88,5.431,0.1579,0,-79.8,-19.49,72.4,10,1
2024-01-04 21:00:00,CELL_018,pico,HC,1133.73,4.292,0.2884,4,-85.3,-11.62,66.7,8,1
2024-01-04 22:00:00,CELL_018,pico,HC,1364.37,1.673,0.0171,3,-98.9,-20.0,65.8,8,1
2024-01-04 23:00:00,CELL_018,pico,HC,1382.74,5.097,0.3855,2,-98.7,-11.72,94.9,6,1
2024-01-05 00:00:00,CELL_018,pico,HC,1202.47,4.313,0.0529,0,-117.1,-10.97,100.0,9,1
2024-01-05 01:00:00,CELL_018,pico,HC,1538.86,5.199,0.2284,0,-87.9,-20.0,81.4,8,1
2024-01-05 02:00:00,CELL_018,pico,HC,1168.66,3.219,0.0891,2,-111.5,-14.64,61.0,5,1
2024-01-05 03:00:00,CELL_018,pico,HC,1188.7,3.828,0.2095,3,-100.9,-9.45,95.0,10,1
2024-01-05 04:00:00,CELL_018,pico,HC,1168.63,3.587,0.4745,5,-98.6,-11.74,84.7,4,1
2024-01-05 05:00:00,CELL_018,pico,HC,800.0,4.639,0.059,4,-96.6,-17.51,99.4,10,1
2024-01-05 06:00:00,CELL_018,pico,HC,1157.17,3.639,0.4283,2,-71.5,-10.44,98.0,7,1
2024-01-05 07:00:00,CELL_018,pico,HC,1640.73,3.042,0.5052,3,-104.5,-3.0,100.0,14,0
2024-01-05 08:00:00,CELL_018,pico,HC,1251.02,5.474,0.0945,5,-106.7,-11.93,67.7,2,1
2024-01-05 09:00:00,CELL_018,pico,HC,1332.31,5.954,0.0342,1,-79.8,-14.72,88.2,14,1
2024-01-05 10:00:00,CELL_018,pico,HC,1230.14,4.343,0.0142,1,-120.0,-12.85,100.0,8,1
2024-01-05 11:00:00,CELL_018,pico,HC,1299.79,3.005,0.2966,0,-83.3,-14.0,100.0,13,1
2024-01-05 12:00:00,CELL_018,pico,HC,1490.26,3.115,0.202,2,-98.1,-8.74,100.0,12,1
2024-01-05 13:00:00,CELL_018,pico,HC,736.75,4.429,0.6493,0,-93.2,-9.2,54.0,3,0
2024-01-05 14:00:00,CELL_018,pico,HC,1355.86,5.389,0.0135,2,-99.0,-8.8,100.0,12,1
2024-01-05 15:00:00,CELL_018,pico,HC,866.65,5.706,0.1643,3,-74.4,-14.78,42.8,9,1
2024-01-05 16:00:00,CELL_018,pico,HC,1481.94,4.831,0.18,7,-93.0,-16.85,76.9,9,1
2024-01-05 17:00:00,CELL_018,pico,HC,819.86,5.512,0.2457,3,-96.3,-12.6,65.5,2,1
2024-01-05 18:00:00,CELL_018,pico,HC,1213.16,5.25,0.0149,7,-99.9,-15.3,71.2,7,1
2024-01-05 19:00:00,CELL_018,pico,HC,1347.64,6.263,0.1257,0,-90.9,-10.2,79.1,11,1
2024-01-05 20:00:00,CELL_018,pico,HC,1245.38,3.592,0.0006,4,-95.8,-18.28,77.0,9,1
2024-01-05 21:00:00,CELL_018,pico,HC,645.42,4.521,0.3157,1,-96.9,-20.0,81.0,5,1
2024-01-05 22:00:00,CELL_018,pico,HC,824.06,4.974,0.0917,4,-111.7,-13.27,100.0,7,1
2024-01-05 23:00:00,CELL_018,pico,HC,1466.97,2.336,0.0818,1,-109.2,-15.97,100.0,6,1
2024-01-06 00:00:00,CELL_018,pico,HC,694.83,5.537,0.0497,1,-82.4,-11.12,84.4,6,1
2024-01-06 01:00:00,CELL_018,pico,HC,1738.43,2.648,0.0265,1,-102.8,-12.03,86.0,11,1
2024-01-06 02:00:00,CELL_018,pico,HC,1099.51,4.726,0.4982,2,-113.4,-17.3,75.6,11,1
2024-01-06 03:00:00,CELL_018,pico,HC,1349.87,2.901,0.1786,4,-70.0,-15.02,86.4,11,1
2024-01-06 04:00:00,CELL_018,pico,HC,1276.24,5.397,0.0665,1,-89.7,-11.31,92.2,5,1
2024-01-06 05:00:00,CELL_018,pico,HC,1620.69,3.709,0.0412,3,-92.9,-20.0,96.9,9,1
2024-01-06 06:00:00,CELL_018,pico,HC,1772.14,3.696,0.0188,1,-90.5,-15.92,88.9,3,1
2024-01-06 07:00:00,CELL_018,pico,HC,1298.47,4.423,0.0064,0,-82.9,-13.78,77.5,7,1
2024-01-06 08:00:00,CELL_018,pico,HC,1195.5,4.19,0.0582,3,-120.0,-9.57,91.6,9,1
2024-01-06 09:00:00,CELL_018,pico,HC,1632.18,3.644,0.1613,2,-109.5,-10.74,78.8,15,1
2024-01-06 10:00:00,CELL_018,pico,HC,1514.42,2.422,0.5038,2,-85.2,-16.71,100.0,11,0
2024-01-06 11:00:00,CELL_018,pico,HC,1614.88,2.986,0.0766,2,-70.1,-7.21,84.1,9,1
2024-01-06 12:00:00,CELL_018,pico,HC,1240.95,4.529,0.0264,5,-73.0,-15.03,100.0,6,1
2024-01-06 13:00:00,CELL_018,pico,HC,1664.51,3.338,0.0082,2,-81.2,-8.95,100.0,8,1
2024-01-06 14:00:00,CELL_018,pico,HC,1334.57,3.293,0.0286,3,-72.7,-20.0,84.6,12,1
2024-01-06 15:00:00,CELL_018,pico,HC,1483.94,4.225,0.1048,6,-97.5,-4.73,78.3,5,1
2024-01-06 16:00:00,CELL_018,pico,HC,1488.31,2.965,0.118,2,-76.6,-10.46,94.2,8,1
2024-01-06 17:00:00,CELL_018,pico,HC,1168.46,3.672,0.1189,3,-91.5,-11.92,84.7,7,1
2024-01-06 18:00:00,CELL_018,pico,HC,955.4,4.678,0.2982,3,-108.2,-6.0,55.0,12,1
2024-01-06 19:00:00,CELL_018,pico,HC,523.43,3.868,0.2482,0,-87.8,-10.02,74.3,7,1
2024-01-06 20:00:00,CELL_018,pico,HC,1327.06,3.247,0.4304,1,-119.1,-15.18,89.1,6,1
2024-01-06 21:00:00,CELL_018,pico,HC,1326.5,3.053,0.0202,3,-120.0,-3.37,88.9,13,1
2024-01-06 22:00:00,CELL_018,pico,HC,866.35,6.868,0.2941,3,-114.7,-14.1,79.2,11,1
2024-01-06 23:00:00,CELL_018,pico,HC,1397.1,3.739,0.0666,3,-96.5,-14.97,83.3,8,1
2024-01-07 00:00:00,CELL_018,pico,HC,847.65,4.75,0.1636,5,-84.5,-6.16,63.3,10,1
2024-01-07 01:00:00,CELL_018,pico,HC,908.92,3.987,0.2507,3,-97.6,-13.19,59.8,8,1
2024-01-07 02:00:00,CELL_018,pico,HC,1545.74,4.16,0.2848,3,-105.4,-4.58,81.7,10,1
2024-01-07 03:00:00,CELL_018,pico,HC,1116.5,2.565,0.1391,3,-120.0,-14.06,80.8,7,1
2024-01-07 04:00:00,CELL_018,pico,HC,1264.87,4.366,0.1549,4,-79.4,-15.85,90.8,9,1
2024-01-07 05:00:00,CELL_018,pico,HC,1352.65,3.299,0.3064,5,-70.6,-10.73,98.3,8,1
2024-01-07 06:00:00,CELL_018,pico,HC,1443.92,3.6,0.0338,5,-80.9,-13.56,100.0,9,1
2024-01-07 07:00:00,CELL_018,pico,HC,830.87,5.029,0.1405,3,-120.0,-20.0,72.5,3,1
2024-01-07 08:00:00,CELL_018,pico,HC,1262.97,4.249,0.0633,2,-114.5,-13.51,67.3,6,1
2024-01-07 09:00:00,CELL_018,pico,HC,1097.21,4.69,0.5182,2,-72.8,-19.75,89.7,9,0
2024-01-07 10:00:00,CELL_018,pico,HC,1460.16,4.56,0.0632,3,-113.5,-11.16,87.3,11,1
2024-01-07 11:00:00,CELL_018,pico,HC,1251.04,6.354,0.2684,3,-82.3,-19.62,93.3,9,1
2024-01-07 12:00:00,CELL_018,pico,HC,1751.24,4.904,0.0047,2,-70.0,-12.98,87.3,8,1
2024-01-07 13:00:00,CELL_018,pico,HC,1023.88,4.078,0.3981,3,-70.0,-7.96,72.7,5,1
2024-01-07 14:00:00,CELL_018,pico,HC,1274.45,2.479,0.1215,1,-104.9,-6.74,83.2,5,1
2024-01-07 15:00:00,CELL_018,pico,HC,1461.38,5.891,0.0252,2,-103.3,-11.83,64.7,7,1
2024-01-07 16:00:00,CELL_018,pico,HC,1059.92,3.574,0.1811,1,-85.6,-9.25,70.8,6,1
2024-01-07 17:00:00,CELL_018,pico,HC,1645.16,4.543,0.1699,3,-77.2,-12.3,81.1,14,1
2024-01-07 18:00:00,CELL_018,pico,HC,753.82,6.534,0.0151,4,-110.4,-11.16,70.8,11,1
2024-01-07 19:00:00,CELL_018,pico,HC,1146.58,6.299,0.1293,4,-107.6,-3.0,65.6,4,1
2024-01-07 20:00:00,CELL_018,pico,HC,1370.7,4.319,0.2632,2,-93.0,-20.0,57.5,4,1
2024-01-07 21:00:00,CELL_018,pico,HC,1020.84,3.299,0.0477,3,-101.4,-4.91,77.5,8,1
2024-01-07 22:00:00,CELL_018,pico,HC,1628.97,3.637,0.5765,0,-116.9,-17.46,100.0,6,0
2024-01-07 23:00:00,CELL_018,pico,HC,1552.55,2.387,0.1884,3,-120.0,-13.36,100.0,12,1
2024-01-08 00:00:00,CELL_018,pico,HC,1269.13,6.127,0.1466,3,-114.5,-12.46,70.3,5,1
2024-01-08 01:00:00,CELL_018,pico,HC,1316.83,2.416,0.2377,2,-84.7,-11.75,80.2,7,1
2024-01-08 02:00:00,CELL_018,pico,HC,998.19,3.833,0.9134,1,-83.9,-9.32,84.2,11,0
2024-01-08 03:00:00,CELL_018,pico,HC,1225.98,2.213,0.0322,2,-72.5,-19.84,100.0,10,1
2024-01-08 04:00:00,CELL_018,pico,HC,1245.6,3.981,0.0423,2,-95.2,-12.07,78.6,11,1
2024-01-08 05:00:00,CELL_018,pico,HC,1165.15,6.726,0.1468,2,-98.5,-13.76,85.0,7,1
2024-01-08 06:00:00,CELL_018,pico,HC,1760.85,5.095,0.4266,3,-71.6,-7.84,98.5,11,1
2024-01-08 07:00:00,CELL_018,pico,HC,1157.32,2.519,0.095,0,-70.0,-14.93,85.2,5,1
2024-01-08 08:00:00,CELL_018,pico,HC,1788.52,3.753,0.1847,1,-97.7,-16.35,100.0,10,1
2024-01-08 09:00:00,CELL_018,pico,HC,1019.64,5.148,0.0858,4,-80.4,-13.99,94.5,11,1
2024-01-08 10:00:00,CELL_018,pico,HC,1244.2,2.232,0.0267,5,-93.4,-13.12,91.6,6,1
2024-01-08 11:00:00,CELL_018,pico,HC,1240.96,3.411,1.2684,3,-109.7,-14.44,85.0,9,0
2024-01-08 12:00:00,CELL_018,pico,HC,1364.26,3.429,0.1043,3,-91.6,-14.89,100.0,6,1
2024-01-08 13:00:00,CELL_018,pico,HC,977.83,3.96,0.2078,0,-108.7,-3.0,62.1,9,1
2024-01-08 14:00:00,CELL_018,pico,HC,1270.97,2.875,0.0287,3,-93.4,-3.0,88.2,7,1
2024-01-08 15:00:00,CELL_018,pico,HC,1240.45,4.318,0.2003,3,-92.2,-12.61,80.4,8,1
2024-01-08 16:00:00,CELL_018,pico,HC,1143.54,4.354,0.1731,5,-74.8,-9.98,78.5,8,1
2024-01-08 17:00:00,CELL_018,pico,HC,940.97,5.604,0.1241,1,-71.6,-11.58,70.0,5,1
2024-01-08 18:00:00,CELL_018,pico,HC,813.08,4.257,0.0449,1,-83.3,-20.0,58.5,6,1
2024-01-08 19:00:00,CELL_018,pico,HC,1149.41,5.139,0.2082,3,-87.8,-12.81,77.0,9,1
2024-01-08 20:00:00,CELL_018,pico,HC,960.62,5.502,0.0151,8,-71.5,-6.45,60.8,7,1
2024-01-08 21:00:00,CELL_018,pico,HC,1007.96,5.591,0.0923,7,-117.2,-14.25,59.8,6,1
2024-01-08 22:00:00,CELL_018,pico,HC,1062.28,5.704,0.245,5,-93.6,-15.9,71.8,7,1
2024-01-08 23:00:00,CELL_018,pico,HC,1058.06,4.554,0.282,1,-91.1,-13.16,59.2,4,1
2024-01-09 00:00:00,CELL_018,pico,HC,1331.25,3.835,0.2709,6,-70.2,-3.56,79.7,13,1
2024-01-09 01:00:00,CELL_018,pico,HC,987.5,3.305,0.3828,7,-70.0,-17.13,74.3,7,1
2024-01-09 02:00:00,CELL_018,pico,HC,1506.38,1.616,0.3706,2,-79.6,-11.13,100.0,10,1
2024-01-09 03:00:00,CELL_018,pico,HC,1342.27,3.166,0.0916,3,-90.2,-14.47,100.0,8,1
2024-01-09 04:00:00,CELL_018,pico,HC,1276.24,4.444,0.7443,5,-92.2,-4.57,69.4,10,0
2024-01-09 05:00:00,CELL_018,pico,HC,1179.45,5.333,0.0073,2,-86.0,-5.73,74.7,11,1
2024-01-09 06:00:00,CELL_018,pico,HC,1193.33,4.132,0.3855,3,-106.7,-15.87,80.1,4,1
2024-01-09 07:00:00,CELL_018,pico,HC,1749.28,2.855,0.1355,5,-104.3,-11.2,89.8,9,1
2024-01-09 08:00:00,CELL_018,pico,HC,1409.97,2.929,0.2618,2,-87.6,-13.39,96.6,7,1
2024-01-09 09:00:00,CELL_018,pico,HC,1167.22,5.061,0.7183,2,-115.0,-19.92,77.6,8,0
2024-01-09 10:00:00,CELL_018,pico,HC,1014.01,6.609,0.3253,2,-89.4,-6.65,97.5,8,1
2024-01-09 11:00:00,CELL_018,pico,HC,1500.58,3.885,0.0955,2,-73.1,-12.72,79.1,10,1
2024-01-09 12:00:00,CELL_018,pico,HC,1098.01,5.252,0.2393,4,-70.0,-8.1,87.2,14,1
2024-01-09 13:00:00,CELL_018,pico,HC,1183.12,5.092,0.0858,2,-81.7,-12.51,74.7,12,1
2024-01-09 14:00:00,CELL_018,pico,HC,1618.39,1.254,0.0089,3,-71.5,-10.57,87.7,6,1
2024-01-09 15:00:00,CELL_018,pico,HC,658.9,4.428,0.4368,2,-119.3,-17.8,56.6,5,1
2024-01-09 16:00:00,CELL_018,pico,HC,932.71,5.446,0.5419,3,-104.3,-8.3,83.7,8,0
2024-01-09 17:00:00,CELL_018,pico,HC,856.83,4.052,0.1078,2,-120.0,-4.96,95.2,9,1
2024-01-09 18:00:00,CELL_018,pico,HC,1177.82,5.138,0.0978,4,-96.9,-13.13,51.4,9,1
2024-01-09 19:00:00,CELL_018,pico,HC,843.82,6.377,0.0258,3,-76.3,-9.78,72.7,8,1
2024-01-09 20:00:00,CELL_018,pico,HC,1069.11,4.07,0.0292,0,-96.7,-14.25,85.5,7,1
2024-01-09 21:00:00,CELL_018,pico,HC,1013.32,4.189,0.0056,5,-120.0,-10.14,94.3,10,1
2024-01-09 22:00:00,CELL_018,pico,HC,1492.61,4.516,0.1334,1,-96.9,-7.41,100.0,11,1
2024-01-09 23:00:00,CELL_018,pico,HC,933.65,1.682,0.4423,3,-104.6,-10.01,78.5,8,1
2024-01-10 00:00:00,CELL_018,pico,HC,1233.74,4.307,0.0069,4,-80.0,-14.51,97.2,14,1
2024-01-10 01:00:00,CELL_018,pico,HC,1783.33,3.774,0.0827,6,-84.1,-3.0,95.8,8,1
2024-01-10 02:00:00,CELL_018,pico,HC,1585.68,3.019,0.0935,3,-103.1,-11.51,99.3,8,1
2024-01-10 03:00:00,CELL_018,pico,HC,1664.35,3.148,0.0643,4,-100.8,-8.76,100.0,11,1
2024-01-10 04:00:00,CELL_018,pico,HC,1509.92,3.175,0.0456,2,-70.0,-12.09,83.8,12,1
2024-01-10 05:00:00,CELL_018,pico,HC,1089.86,5.774,0.2346,2,-74.5,-10.42,78.6,7,1
2024-01-10 06:00:00,CELL_018,pico,HC,1458.45,4.21,0.2682,3,-81.3,-11.47,78.9,13,1
2024-01-10 07:00:00,CELL_018,pico,HC,1447.53,3.061,0.033,6,-89.7,-15.1,94.4,6,1
2024-01-10 08:00:00,CELL_018,pico,HC,1636.77,3.911,0.0275,4,-120.0,-18.61,87.0,11,1
2024-01-10 09:00:00,CELL_018,pico,HC,1728.44,1.966,0.2404,3,-84.7,-19.97,100.0,13,1
2024-01-10 10:00:00,CELL_018,pico,HC,1328.6,3.851,0.032,1,-109.6,-14.51,83.8,10,1
2024-01-10 11:00:00,CELL_018,pico,HC,1344.08,5.579,0.1047,2,-103.6,-6.88,96.8,12,1
2024-01-10 12:00:00,CELL_018,pico,HC,1344.32,3.688,0.084,3,-94.0,-16.37,91.0,16,1
2024-01-10 13:00:00,CELL_018,pico,HC,1147.11,4.761,0.1496,3,-85.4,-13.57,91.2,8,1
2024-01-10 14:00:00,CELL_018,pico,HC,1662.05,1.784,0.4978,4,-106.8,-5.79,90.0,5,1
2024-01-10 15:00:00,CELL_018,pico,HC,1479.29,4.359,0.1894,1,-102.0,-5.82,88.9,8,1
2024-01-10 16:00:00,CELL_018,pico,HC,1166.16,4.974,0.414,2,-93.7,-14.66,60.4,10,1
2024-01-10 17:00:00,CELL_018,pico,HC,1161.91,5.854,0.3195,2,-104.0,-12.41,76.8,7,1
2024-01-10 18:00:00,CELL_018,pico,HC,1499.7,2.523,0.0043,7,-76.9,-13.5,100.0,11,1
2024-01-10 19:00:00,CELL_018,pico,HC,1094.66,4.516,0.019,3,-75.2,-17.55,86.8,9,1
2024-01-10 20:00:00,CELL_018,pico,HC,1500.97,3.175,0.5279,6,-81.0,-9.15,91.0,8,0
2024-01-10 21:00:00,CELL_018,pico,HC,1184.67,4.343,0.3948,4,-71.9,-7.14,85.2,17,1
2024-01-10 22:00:00,CELL_018,pico,HC,1138.36,4.039,0.2831,1,-70.0,-16.17,100.0,11,1
2024-01-10 23:00:00,CELL_018,pico,HC,958.34,7.243,0.0856,3,-82.2,-9.49,57.3,8,1
2024-01-11 00:00:00,CELL_018,pico,HC,1131.09,3.19,0.0215,2,-114.1,-12.46,65.2,7,1
2024-01-11 01:00:00,CELL_018,pico,HC,1198.62,4.063,0.2989,2,-70.9,-8.23,81.2,11,1
2024-01-11 02:00:00,CELL_018,pico,HC,1004.17,4.572,0.2464,3,-91.5,-18.05,79.7,4,1
2024-01-11 03:00:00,CELL_018,pico,HC,957.31,3.037,0.2603,3,-74.1,-9.34,84.8,11,1
2024-01-11 04:00:00,CELL_018,pico,HC,1972.72,3.576,0.1242,6,-109.8,-8.66,98.0,10,1
2024-01-11 05:00:00,CELL_018,pico,HC,1716.42,4.189,0.1375,4,-97.4,-11.1,100.0,6,1
2024-01-11 06:00:00,CELL_018,pico,HC,1295.25,3.19,0.0277,2,-114.1,-3.64,100.0,12,1
2024-01-11 07:00:00,CELL_018,pico,HC,1104.4,4.534,0.047,2,-79.5,-19.76,70.1,11,1
2024-01-11 08:00:00,CELL_018,pico,HC,1184.9,3.083,0.1408,3,-114.8,-16.5,81.1,11,1
2024-01-11 09:00:00,CELL_018,pico,HC,1368.81,6.003,0.9968,3,-91.3,-14.63,74.1,7,0
2024-01-01 00:00:00,CELL_019,pico,HC,734.8,4.542,0.0509,2,-105.4,-9.14,73.4,9,1
2024-01-01 01:00:00,CELL_019,pico,HC,1366.32,3.897,0.0123,5,-79.5,-14.76,77.1,12,1
2024-01-01 02:00:00,CELL_019,pico,HC,1171.98,4.393,0.0334,3,-77.4,-9.01,77.0,11,1
2024-01-01 03:00:00,CELL_019,pico,HC,964.46,4.911,1.1999,7,-120.0,-15.66,70.7,5,0
2024-01-01 04:00:00,CELL_019,pico,HC,733.49,6.858,0.1937,4,-112.8,-13.78,70.5,7,1
2024-01-01 05:00:00,CELL_019,pico,HC,1241.9,3.519,0.0544,2,-117.4,-12.86,82.3,10,1
2024-01-01 06:00:00,CELL_019,pico,HC,1309.54,4.022,0.2205,3,-99.1,-10.45,71.8,6,1
2024-01-01 07:00:00,CELL_019,pico,HC,1029.64,5.817,0.0109,5,-95.8,-13.07,60.0,8,1
2024-01-01 08:00:00,CELL_019,pico,HC,998.87,4.311,0.1164,3,-75.9,-12.84,77.2,11,1
2024-01-01 09:00:00,CELL_019,pico,HC,1498.85,2.688,0.0457,3,-77.7,-7.78,76.0,11,1
2024-01-01 10:00:00,CELL_019,pico,HC,1065.31,4.934,0.0443,3,-96.4,-14.74,63.8,7,1
2024-01-01 11:00:00,CELL_019,pico,HC,1144.35,6.288,0.0525,1,-114.7,-5.89,44.1,6,1
2024-01-01 12:00:00,CELL_019,pico,HC,1365.69,5.35,0.0352,3,-74.5,-4.81,63.7,13,1
2024-01-01 13:00:00,CELL_019,pico,HC,1381.43,4.963,0.1786,0,-88.4,-6.24,66.9,7,1
2024-01-01 14:00:00,CELL_019,pico,HC,690.94,4.606,0.3451,8,-113.0,-11.46,77.5,9,1
2024-01-01 15:00:00,CELL_019,pico,HC,1696.07,5.19,0.3884,3,-100.8,-8.15,76.3,8,1
2024-01-01 16:00:00,CELL_019,pico,HC,776.13,4.622,0.0422,1,-105.7,-12.84,64.7,6,1
2024-01-01 17:00:00,CELL_019,pico,HC,1207.59,5.525,0.3107,7,-77.5,-20.0,62.8,7,1
2024-01-01 18:00:00,CELL_019,pico,HC,1400.59,4.012,0.0278,3,-99.5,-13.8,77.7,7,1
2024-01-01 19:00:00,CELL_019,pico,HC,1253.88,5.616,0.0061,3,-94.4,-11.36,57.5,4,1
2024-01-01 20:00:00,CELL_019,pico,HC,677.91,4.831,0.3056,6,-120.0,-14.55,63.1,11,1
2024-01-01 21:00:00,CELL_019,pico,HC,1459.15,5.155,0.2308,4,-79.6,-9.9,68.4,5,1
2024-01-01 22:00:00,CELL_019,pico,HC,1118.68,3.101,0.0335,4,-85.7,-15.74,73.2,10,1
2024-01-01 23:00:00,CELL_019,pico,HC,1212.23,3.76,0.2461,5,-119.1,-4.69,49.1,4,1
2024-01-02 00:00:00,CELL_019,pico,HC,1136.94,6.053,0.1367,0,-85.0,-13.65,100.0,11,1
2024-01-02 01:00:00,CELL_019,pico,HC,1123.65,4.038,0.1771,3,-94.3,-9.16,85.6,11,1
2024-01-02 02:00:00,CELL_019,pico,HC,1483.64,1.592,0.047,1,-102.2,-17.78,77.0,6,1
2024-01-02 03:00:00,CELL_019,pico,HC,1605.1,3.117,0.1709,6,-83.5,-5.31,95.6,11,1
2024-01-02 04:00:00,CELL_019,pico,HC,1087.91,4.545,0.0692,0,-85.3,-3.01,86.2,5,1
2024-01-02 05:00:00,CELL_019,pico,HC,1006.03,6.187,0.1112,0,-81.7,-13.35,79.7,9,1
2024-01-02 06:00:00,CELL_019,pico,HC,1170.86,3.637,0.1561,5,-88.3,-10.56,80.7,5,1
2024-01-02 07:00:00,CELL_019,pico,HC,1444.4,3.684,0.3805,3,-88.1,-18.55,95.4,6,1
2024-01-02 08:00:00,CELL_019,pico,HC,1178.72,2.589,0.0874,2,-109.0,-3.0,86.4,5,1
2024-01-02 09:00:00,CELL_019,pico,HC,1033.38,3.753,0.6729,2,-112.1,-20.0,97.7,10,0
2024-01-02 10:00:00,CELL_019,pico,HC,1380.63,4.567,0.2973,2,-110.4,-4.31,98.8,10,1
2024-01-02 11:00:00,CELL_019,pico,HC,905.27,4.047,0.1148,4,-113.0,-10.45,93.5,8,1
2024-01-02 12:00:00,CELL_019,pico,HC,1184.7,4.948,0.26,3,-114.0,-19.46,94.5,7,1
2024-01-02 13:00:00,CELL_019,pico,HC,1446.85,5.486,0.6352,2,-92.1,-16.23,62.5,1,0
2024-01-02 14:00:00,CELL_019,pico,HC,1449.96,4.523,0.1413,1,-88.8,-9.63,83.4,10,1
2024-01-02 15:00:00,CELL_019,pico,HC,1279.43,7.726,0.3896,2,-99.1,-11.19,78.1,9,1
2024-01-02 16:00:00,CELL_019,pico,HC,1480.62,3.005,0.4505,4,-81.0,-4.95,98.5,10,1
2024-01-02 17:00:00,CELL_019,pico,HC,977.75,3.73,0.0081,4,-107.8,-9.96,74.4,8,1
2024-01-02 18:00:00,CELL_019,pico,HC,515.43,6.209,0.0852,1,-88.6,-20.0,57.4,7,1
2024-01-02 19:00:00,CELL_019,pico,HC,870.22,5.643,0.1299,3,-78.8,-14.61,85.2,5,1
2024-01-02 20:00:00,CELL_019,pico,HC,796.39,4.304,0.0673,2,-79.0,-8.35,54.0,6,1
2024-01-02 21:00:00,CELL_019,pico,HC,1382.27,4.521,0.0639,1,-90.3,-7.77,66.2,7,1
2024-01-02 22:00:00,CELL_019,pico,HC,893.4,5.091,0.5023,5,-75.0,-12.53,86.2,8,0
2024-01-02 23:00:00,CELL_019,pico,HC,859.74,3.865,0.1195,4,-85.0,-3.37,36.1,4,1
2024-01-03 00:00:00,CELL_019,pico,HC,997.46,3.467,0.2359,1,-97.1,-3.35,72.8,7,1
2024-01-03 01:00:00,CELL_019,pico,HC,1503.59,2.162,0.1721,1,-95.3,-7.09,100.0,8,1
2024-01-03 02:00:00,CELL_019,pico,HC,1311.47,4.979,0.238,4,-115.3,-11.9,70.6,8,1
2024-01-03 03:00:00,CELL_019,pico,HC,1253.32,3.891,0.0799,7,-87.0,-9.11,82.9,6,1
2024-01-03 04:00:00,CELL_019,pico,HC,1379.9,2.424,0.1414,4,-87.5,-6.34,98.2,9,1
2024-01-03 05:00:00,CELL_019,pico,HC,1571.47,1.719,0.0201,2,-118.1,-18.5,84.3,14,1
2024-01-03 06:00:00,CELL_019,pico,HC,1598.76,4.808,0.0659,3,-79.3,-15.29,74.1,8,1
2024-01-03 07:00:00,CELL_019,pico,HC,1048.13,4.297,0.2675,3,-106.4,-9.01,78.6,5,1
2024-01-03 08:00:00,CELL_019,pico,HC,760.76,5.481,0.5498,2,-75.9,-8.73,51.1,4,0
2024-01-03 09:00:00,CELL_019,pico,HC,1078.1,5.661,0.2957,3,-74.8,-11.48,65.7,8,1
2024-01-03 10:00:00,CELL_019,pico,HC,740.4,5.207,0.1742,3,-84.4,-20.0,64.9,10,1
2024-01-03 11:00:00,CELL_019,pico,HC,1200.17,4.792,0.08,1,-106.8,-10.01,100.0,14,1
2024-01-03 12:00:00,CELL_019,pico,HC,994.9,6.484,0.0057,3,-115.4,-20.0,59.5,5,1
2024-01-03 13:00:00,CELL_019,pico,HC,1027.17,5.797,0.1743,2,-89.9,-15.26,73.2,13,1
2024-01-03 14:00:00,CELL_019,pico,HC,1035.6,4.763,0.1007,5,-94.9,-12.98,61.3,12,1
2024-01-03 15:00:00,CELL_019,pico,HC,1019.27,3.984,0.0895,1,-120.0,-20.0,71.4,7,1
2024-01-03 16:00:00,CELL_019,pico,HC,959.28,3.457,0.0416,4,-111.2,-15.99,60.9,8,1
2024-01-03 17:00:00,CELL_019,pico,HC,1216.25,6.238,0.4466,2,-93.8,-11.41,63.9,9,1
2024-01-03 18:00:00,CELL_019,pico,HC,764.79,6.12,0.0058,1,-82.6,-11.2,33.9,4,1
2024-01-03 19:00:00,CELL_019,pico,HC,563.63,9.187,0.0947,5,-75.2,-4.19,70.7,4,1
2024-01-03 20:00:00,CELL_019,pico,HC,861.86,4.666,0.211,3,-86.0,-12.02,67.0,6,1
2024-01-03 21:00:00,CELL_019,pico,HC,1002.25,6.024,0.0751,0,-94.0,-10.96,59.2,6,1
2024-01-03 22:00:00,CELL_019,pico,HC,416.6,7.022,0.1661,4,-87.5,-20.0,51.7,2,0
2024-01-03 23:00:00,CELL_019,pico,HC,741.06,5.0,0.3055,1,-104.0,-13.16,57.6,5,1
2024-01-04 00:00:00,CELL_019,pico,HC,884.59,4.717,0.0206,1,-96.0,-11.95,53.9,8,1
2024-01-04 01:00:00,CELL_019,pico,HC,1100.62,5.5,0.2496,3,-96.2,-14.73,69.0,6,1
2024-01-04 02:00:00,CELL_019,pico,HC,1250.18,3.497,0.0753,3,-99.4,-13.56,79.5,5,1
2024-01-04 03:00:00,CELL_019,pico,HC,1238.33,3.093,0.0863,0,-106.5,-11.7,100.0,5,1
2024-01-04 04:00:00,CELL_019,pico,HC,793.52,6.41,0.7953,5,-95.8,-9.42,48.5,8,0
2024-01-04 05:00:00,CELL_019,pico,HC,755.29,4.556,0.1713,3,-100.9,-8.25,92.0,7,1
2024-01-04 06:00:00,CELL_019,pico,HC,1215.47,4.741,0.5128,2,-72.2,-13.93,73.9,10,0
2024-01-04 07:00:00,CELL_019,pico,HC,1285.54,5.262,0.3791,4,-108.5,-10.03,86.1,8,1
2024-01-04 08:00:00,CELL_019,pico,HC,1395.04,5.644,0.1757,3,-96.9,-8.87,69.5,10,1
2024-01-04 09:00:00,CELL_019,pico,HC,1315.13,4.006,0.0437,3,-105.6,-15.98,71.4,5,1
2024-01-04 10:00:00,CELL_019,pico,HC,969.68,3.734,0.3145,5,-86.9,-16.66,79.4,11,1
2024-01-04 11:00:00,CELL_019,pico,HC,1372.94,4.722,0.4047,3,-79.9,-14.16,64.0,6,1
2024-01-04 12:00:00,CELL_019,pico,HC,1399.65,3.089,0.2989,3,-93.6,-17.28,85.2,5,1
2024-01-04 13:00:00,CELL_019,pico,HC,1215.61,3.859,0.3168,3,-104.8,-8.67,70.3,10,1
2024-01-04 14:00:00,CELL_019,pico,HC,1298.3,6.33,0.2706,6,-108.8,-13.19,86.2,12,1
2024-01-04 15:00:00,CELL_019,pico,HC,1548.41,4.542,0.1384,5,-113.8,-11.7,100.0,8,1
2024-01-04 16:00:00,CELL_019,pico,HC,1124.52,3.717,0.6072,4,-70.0,-11.61,88.8,10,0
2024-01-04 17:00:00,CELL_019,pico,HC,1007.25,6.565,0.0135,5,-89.8,-17.07,72.6,7,1
2024-01-04 18:00:00,CELL_019,pico,HC,1038.73,3.277,0.4131,7,-95.8,-13.76,78.0,8,1
2024-01-04 19:00:00,CELL_019,pico,HC,732.1,5.454,0.174,1,-99.5,-19.31,41.5,7,1
2024-01-04 20:00:00,CELL_019,pico,HC,1370.97,5.488,0.0812,1,-77.1,-7.03,84.8,6,1
2024-01-04 21:00:00,CELL_019,pico,HC,924.0,6.608,0.0566,2,-112.9,-13.18,72.1,7,1
2024-01-04 22:00:00,CELL_019,pico,HC,1019.68,6.282,0.1221,2,-109.7,-18.11,64.0,7,1
2024-01-04 23:00:00,CELL_019,pico,HC,951.52,2.63,0.2417,5,-74.2,-4.17,80.0,10,1
2024-01-05 00:00:00,CELL_019,pico,HC,1392.97,4.192,0.05,10,-106.5,-18.71,75.1,5,1
2024-01-05 01:00:00,CELL_019,pico,HC,1606.74,5.035,0.0184,0,-99.0,-16.52,96.4,5,1
2024-01-05 02:00:00,CELL_019,pico,HC,1535.24,3.01,0.2288,5,-86.6,-11.55,92.5,15,1
2024-01-05 03:00:00,CELL_019,pico,HC,1220.71,3.699,0.2189,5,-89.4,-15.18,57.4,13,1
2024-01-05 04:00:00,CELL_019,pico,HC,1359.2,3.569,0.1729,3,-120.0,-12.99,90.9,4,1
2024-01-05 05:00:00,CELL_019,pico,HC,1287.99,3.108,0.0998,2,-98.9,-9.98,71.2,10,1
2024-01-05 06:00:00,CELL_019,pico,HC,1101.96,5.814,0.277,3,-105.3,-6.15,65.0,5,1
2024-01-05 07:00:00,CELL_019,pico,HC,1129.1,4.679,0.2752,2,-83.2,-13.12,83.4,2,1
2024-01-05 08:00:00,CELL_019,pico,HC,1134.3,4.928,0.2882,4,-100.1,-6.33,82.7,4,1
2024-01-05 09:00:00,CELL_019,pico,HC,1105.26,3.416,0.2128,1,-97.9,-8.59,71.2,8,1
2024-01-05 10:00:00,CELL_019,pico,HC,949.1,4.678,0.0511,2,-89.5,-19.17,79.6,6,1
2024-01-05 11:00:00,CELL_019,pico,HC,1067.89,4.043,0.0401,1,-93.1,-13.24,56.5,6,1
2024-01-05 12:00:00,CELL_019,pico,HC,1488.41,4.959,0.4286,4,-96.1,-16.8,68.9,11,1
2024-01-05 13:00:00,CELL_019,pico,HC,1182.62,5.968,0.0031,4,-102.3,-16.77,95.7,3,1
2024-01-05 14:00:00,CELL_019,pico,HC,1269.43,5.902,0.044,4,-108.6,-4.35,83.9,5,1
2024-01-05 15:00:00,CELL_019,pico,HC,1374.85,4.967,0.1569,1,-94.5,-18.96,72.5,8,1
2024-01-05 16:00:00,CELL_019,pico,HC,1369.94,4.495,0.0435,2,-104.6,-10.52,100.0,5,1
2024-01-05 17:00:00,CELL_019,pico,HC,1086.9,5.871,0.2201,3,-98.5,-5.78,86.5,3,1
2024-01-05 18:00:00,CELL_019,pico,HC,1223.87,4.62,0.2266,5,-108.3,-20.0,62.4,9,1
2024-01-05 19:00:00,CELL_019,pico,HC,1181.94,5.214,0.0005,6,-101.9,-7.91,70.4,6,1
2024-01-05 20:00:00,CELL_019,pico,HC,1392.92,4.47,0.0634,6,-83.4,-10.45,80.1,9,1
2024-01-05 21:00:00,CELL_019,pico,HC,1155.35,4.798,0.005,1,-77.5,-20.0,84.7,7,1
2024-01-05 22:00:00,CELL_019,pico,HC,561.06,7.082,0.2267,2,-92.7,-12.72,53.2,7,1
2024-01-05 23:00:00,CELL_019,pico,HC,1416.96,3.747,0.0704,2,-101.3,-3.0,100.0,8,1
2024-01-06 00:00:00,CELL_019,pico,HC,1172.8,4.962,0.0379,1,-70.0,-11.87,83.3,8,1
2024-01-06 01:00:00,CELL_019,pico,HC,1511.79,6.41,0.091,3,-75.6,-3.0,68.1,7,1
2024-01-06 02:00:00,CELL_019,pico,HC,1602.27,5.75,0.0474,4,-99.0,-14.67,95.4,12,1
2024-01-06 03:00:00,CELL_019,pico,HC,1041.35,6.192,0.3264,2,-116.7,-14.63,79.4,9,1
2024-01-06 04:00:00,CELL_019,pico,HC,709.07,6.145,0.0094,4,-116.2,-11.26,73.3,4,1
2024-01-06 05:00:00,CELL_019,pico,HC,1846.76,3.591,0.3801,4,-92.3,-10.72,100.0,12,1
2024-01-06 06:00:00,CELL_019,pico,HC,1264.76,3.285,0.0125,2,-102.5,-12.73,89.5,7,1
2024-01-06 07:00:00,CELL_019,pico,HC,945.72,6.094,0.017,1,-87.8,-9.79,93.1,10,1
2024-01-06 08:00:00,CELL_019,pico,HC,1147.3,4.161,0.4322,3,-85.9,-8.25,83.5,5,1
2024-01-06 09:00:00,CELL_019,pico,HC,982.32,4.3,0.1757,3,-117.3,-8.31,86.9,10,1
2024-01-06 10:00:00,CELL_019,pico,HC,1084.88,4.187,0.2467,5,-104.8,-16.53,75.1,6,1
2024-01-06 11:00:00,CELL_019,pico,HC,1070.95,3.758,0.03,7,-95.8,-14.72,71.1,8,1
2024-01-06 12:00:00,CELL_019,pico,HC,1028.26,4.051,0.4641,1,-85.4,-15.39,76.9,9,1
2024-01-06 13:00:00,CELL_019,pico,HC,935.16,5.318,0.732,0,-100.5,-8.17,91.4,6,0
2024-01-06 14:00:00,CELL_019,pico,HC,1152.72,4.184,0.1713,1,-100.3,-8.63,44.0,5,1
2024-01-06 15:00:00,CELL_019,pico,HC,1159.13,4.626,0.4005,5,-114.7,-11.97,74.5,11,1
2024-01-06 16:00:00,CELL_019,pico,HC,923.5,6.381,0.1002,2,-105.5,-12.88,73.1,7,1
2024-01-06 17:00:00,CELL_019,pico,HC,983.68,4.175,0.2308,3,-87.4,-16.85,75.5,11,1
2024-01-06 18:00:00,CELL_019,pico,HC,596.45,5.26,0.1,4,-99.7,-3.0,90.2,7,1
2024-01-06 19:00:00,CELL_019,pico,HC,1314.28,4.485,0.0395,3,-71.7,-8.84,58.5,7,1
2024-01-06 20:00:00,CELL_019,pico,HC,1144.55,3.241,0.3133,3,-84.8,-9.72,69.4,9,1
2024-01-06 21:00:00,CELL_019,pico,HC,1064.76,5.237,0.0896,0,-78.6,-11.54,76.0,4,1
2024-01-06 22:00:00,CELL_019,pico,HC,1285.9,6.626,0.2572,5,-117.8,-20.0,73.7,3,1
2024-01-06 23:00:00,CELL_019,pico,HC,1238.05,3.702,0.0175,3,-79.4,-17.41,94.0,6,1
2024-01-07 00:00:00,CELL_019,pico,HC,1006.37,5.79,0.7733,0,-113.7,-14.15,88.1,9,0
2024-01-07 01:00:00,CELL_019,pico,HC,1509.45,3.012,0.0322,4,-89.8,-8.77,80.7,5,1
2024-01-07 02:00:00,CELL_019,pico,HC,1359.69,4.096,0.0267,5,-104.0,-3.0,84.4,9,1
2024-01-07 03:00:00,CELL_019,pico,HC,1098.98,7.365,0.0181,2,-91.0,-16.93,56.7,8,1
2024-01-07 04:00:00,CELL_019,pico,HC,1220.26,5.245,0.1685,1,-81.6,-20.0,79.3,8,1
2024-01-07 05:00:00,CELL_019,pico,HC,904.25,5.118,0.1568,1,-113.4,-7.45,66.7,5,1
2024-01-07 06:00:00,CELL_019,pico,HC,1304.45,2.66,0.086,3,-112.8,-3.72,100.0,14,1
2024-01-07 07:00:00,CELL_019,pico,HC,1147.38,3.229,0.4903,2,-93.6,-3.82,62.4,4,1
2024-01-07 08:00:00,CELL_019,pico,HC,963.23,5.561,0.5385,2,-74.5,-4.25,80.2,10,0
2024-01-07 09:00:00,CELL_019,pico,HC,506.3,6.435,0.0372,2,-83.1,-3.5,62.8,4,1
2024-01-07 10:00:00,CELL_019,pico,HC,1555.31,4.47,0.1814,6,-113.8,-14.57,73.1,12,1
2024-01-07 11:00:00,CELL_019,pico,HC,1544.99,3.601,0.0936,4,-98.5,-17.42,77.3,5,1
2024-01-07 12:00:00,CELL_019,pico,HC,1267.91,5.611,0.5685,2,-82.2,-20.0,68.4,7,0
2024-01-07 13:00:00,CELL_019,pico,HC,928.58,4.745,0.0674,4,-108.5,-9.33,67.9,9,1
2024-01-07 14:00:00,CELL_019,pico,HC,1170.89,5.077,0.0226,2,-106.6,-12.05,72.6,7,1
2024-01-07 15:00:00,CELL_019,pico,HC,1365.33,4.066,0.1454,3,-108.0,-6.19,67.1,6,1
2024-01-07 16:00:00,CELL_019,pico,HC,742.94,5.021,0.0076,1,-94.8,-3.0,51.5,5,1
2024-01-07 17:00:00,CELL_019,pico,HC,841.47,4.667,0.7874,5,-85.7,-10.9,54.1,5,0
2024-01-07 18:00:00,CELL_019,pico,HC,613.45,5.853,0.0446,6,-106.4,-12.35,28.9,4,1
2024-01-07 19:00:00,CELL_019,pico,HC,731.86,5.436,0.1986,1,-91.3,-4.07,65.3,8,1
2024-01-07 20:00:00,CELL_019,pico,HC,619.13,2.353,0.0786,5,-96.0,-16.3,75.6,7,1
2024-01-07 21:00:00,CELL_019,pico,HC,1025.25,6.021,0.1686,4,-120.0,-16.11,62.8,7,1
2024-01-07 22:00:00,CELL_019,pico,HC,1488.86,6.433,0.126,3,-114.5,-13.03,100.0,11,1
2024-01-07 23:00:00,CELL_019,pico,HC,1410.8,4.036,0.0288,2,-70.0,-19.63,86.0,8,1
2024-01-08 00:00:00,CELL_019,pico,HC,1216.21,6.109,0.0425,4,-70.0,-5.39,71.7,8,1
2024-01-08 01:00:00,CELL_019,pico,HC,1497.79,4.833,0.086,3,-120.0,-16.08,73.4,6,1
2024-01-08 02:00:00,CELL_019,pico,HC,861.69,3.511,0.0087,4,-106.5,-19.38,76.9,17,1
2024-01-08 03:00:00,CELL_019,pico,HC,1127.61,5.064,0.1424,3,-95.9,-8.82,68.0,9,1
2024-01-08 04:00:00,CELL_019,pico,HC,1132.3,3.314,0.1506,2,-101.2,-14.85,73.5,4,1
2024-01-08 05:00:00,CELL_019,pico,HC,1578.16,2.32,0.1113,3,-99.7,-11.75,100.0,8,1
2024-01-08 06:00:00,CELL_019,pico,HC,1115.84,5.48,0.1053,3,-80.6,-10.63,78.4,6,1
2024-01-08 07:00:00,CELL_019,pico,HC,1458.86,4.106,0.3491,2,-110.6,-7.37,73.6,6,1
2024-01-08 08:00:00,CELL_019,pico,HC,1264.57,3.746,0.1337,0,-98.4,-8.54,100.0,8,1
2024-01-08 09:00:00,CELL_019,pico,HC,960.08,4.779,0.2285,1,-85.7,-6.76,90.7,15,1
2024-01-08 10:00:00,CELL_019,pico,HC,1262.96,4.184,0.1385,4,-70.0,-18.85,97.1,12,1
2024-01-08 11:00:00,CELL_019,pico,HC,1456.9,2.379,0.7062,2,-103.2,-12.0,100.0,8,0
2024-01-08 12:00:00,CELL_019,pico,HC,1117.44,6.063,0.4513,2,-112.0,-7.64,56.5,6,1
2024-01-08 13:00:00,CELL_019,pico,HC,1113.7,4.373,0.0262,3,-91.7,-20.0,76.6,6,1
2024-01-08 14:00:00,CELL_019,pico,HC,1079.04,6.054,0.7542,3,-80.9,-14.16,82.8,7,0
2024-01-08 15:00:00,CELL_019,pico,HC,1378.51,3.541,0.453,3,-93.1,-16.58,93.6,7,1
2024-01-08 16:00:00,CELL_019,pico,HC,1452.15,4.365,0.4379,3,-88.8,-17.82,61.9,9,1
2024-01-08 17:00:00,CELL_019,pico,HC,1238.57,3.205,0.428,4,-98.7,-19.66,80.1,7,1
2024-01-08 18:00:00,CELL_019,pico,HC,1142.43,5.81,0.0143,2,-101.8,-3.0,57.5,5,1
2024-01-08 19:00:00,CELL_019,pico,HC,1132.25,5.766,0.1945,6,-118.0,-8.76,77.6,4,1
2024-01-08 20:00:00,CELL_019,pico,HC,926.56,4.564,0.2162,0,-94.2,-5.78,55.5,8,1
2024-01-08 21:00:00,CELL_019,pico,HC,821.67,5.888,0.2237,2,-99.3,-15.51,57.2,9,1
2024-01-08 22:00:00,CELL_019,pico,HC,1470.81,8.166,0.3596,1,-99.8,-5.93,84.8,6,1
2024-01-08 23:00:00,CELL_019,pico,HC,1244.25,5.18,0.1761,2,-117.0,-7.24,65.8,4,1
2024-01-09 00:00:00,CELL_019,pico,HC,1105.41,4.59,0.1573,3,-92.8,-5.42,88.8,4,1
2024-01-09 01:00:00,CELL_019,pico,HC,1589.74,3.202,0.0275,5,-86.7,-18.46,83.4,8,1
2024-01-09 02:00:00,CELL_019,pico,HC,1372.11,4.331,0.5078,2,-91.4,-14.62,81.1,4,0
2024-01-09 03:00:00,CELL_019,pico,HC,1115.69,2.047,0.2759,3,-110.2,-12.64,74.0,9,1
2024-01-09 04:00:00,CELL_019,pico,HC,1643.16,1.63,0.0926,0,-97.0,-3.76,100.0,10,1
2024-01-09 05:00:00,CELL_019,pico,HC,623.72,6.994,0.1313,2,-90.2,-18.42,59.5,5,1
2024-01-09 06:00:00,CELL_019,pico,HC,1319.44,6.352,0.5007,5,-70.0,-16.41,71.0,8,0
2024-01-09 07:00:00,CELL_019,pico,HC,1322.48,5.186,0.192,4,-99.8,-6.7,95.0,9,1
2024-01-09 08:00:00,CELL_019,pico,HC,1120.09,4.973,0.3284,4,-83.6,-4.23,100.0,11,1
2024-01-09 09:00:00,CELL_019,pico,HC,1339.64,4.022,0.0826,1,-91.3,-15.31,100.0,6,1
2024-01-09 10:00:00,CELL_019,pico,HC,1031.74,4.148,0.0665,4,-114.8,-15.06,97.6,7,1
2024-01-09 11:00:00,CELL_019,pico,HC,1839.73,2.084,0.1375,5,-103.4,-5.47,100.0,12,1
2024-01-09 12:00:00,CELL_019,pico,HC,826.21,5.916,0.3374,1,-81.9,-20.0,82.6,10,1
2024-01-09 13:00:00,CELL_019,pico,HC,1204.37,5.632,0.1563,3,-108.8,-8.18,61.5,7,1
2024-01-09 14:00:00,CELL_019,pico,HC,1103.18,4.997,0.06,3,-104.9,-14.5,85.1,9,1
2024-01-09 15:00:00,CELL_019,pico,HC,1180.6,8.179,0.051,5,-70.0,-4.84,72.7,11,1
2024-01-09 16:00:00,CELL_019,pico,HC,788.88,5.022,0.0059,2,-81.7,-11.22,42.0,4,1
2024-01-09 17:00:00,CELL_019,pico,HC,1062.22,5.989,0.3769,0,-89.7,-16.52,51.3,5,1
2024-01-09 18:00:00,CELL_019,pico,HC,1289.63,6.35,0.2925,5,-97.3,-8.95,74.7,8,1
2024-01-09 19:00:00,CELL_019,pico,HC,1008.06,5.646,0.1774,3,-101.6,-8.9,67.4,9,1
2024-01-09 20:00:00,CELL_019,pico,HC,1029.6,5.963,0.1519,8,-105.0,-12.38,49.4,4,1
2024-01-09 21:00:00,CELL_019,pico,HC,961.63,5.619,0.0997,6,-105.2,-12.69,52.5,5,1
2024-01-09 22:00:00,CELL_019,pico,HC,1675.09,1.746,0.5357,3,-70.0,-8.46,93.9,13,0
2024-01-09 23:00:00,CELL_019,pico,HC,1108.15,5.003,0.0129,2,-80.3,-12.92,83.0,5,1
2024-01-10 00:00:00,CELL_019,pico,HC,1311.32,5.532,0.0205,1,-93.9,-3.0,94.7,6,1
2024-01-10 01:00:00,CELL_019,pico,HC,1250.26,2.05,0.2049,4,-110.0,-8.12,83.7,10,1
2024-01-10 02:00:00,CELL_019,pico,HC,1279.16,3.385,0.0903,3,-112.7,-9.65,84.1,4,1
2024-01-10 03:00:00,CELL_019,pico,HC,1321.53,4.753,0.0033,3,-116.2,-15.96,88.7,11,1
2024-01-10 04:00:00,CELL_019,pico,HC,953.15,4.854,0.0373,3,-120.0,-7.53,64.3,8,1
2024-01-10 05:00:00,CELL_019,pico,HC,1070.54,5.041,0.1466,3,-106.8,-20.0,89.3,10,1
2024-01-10 06:00:00,CELL_019,pico,HC,587.26,5.957,0.3202,5,-102.5,-10.04,73.3,2,1
2024-01-10 07:00:00,CELL_019,pico,HC,1520.8,4.037,0.0091,1,-79.4,-15.52,91.0,9,1
2024-01-10 08:00:00,CELL_019,pico,HC,1609.98,3.547,0.118,5,-84.0,-10.76,70.9,12,1
2024-01-10 09:00:00,CELL_019,pico,HC,1195.24,5.647,0.4623,4,-103.2,-14.38,83.0,9,1
2024-01-10 10:00:00,CELL_019,pico,HC,1723.28,3.062,0.2087,1,-82.1,-8.01,96.5,6,1
2024-01-10 11:00:00,CELL_019,pico,HC,1652.74,4.359,0.0747,3,-106.9,-17.66,91.0,8,1
2024-01-10 12:00:00,CELL_019,pico,HC,949.6,4.684,0.322,4,-87.2,-8.81,70.1,7,1
2024-01-10 13:00:00,CELL_019,pico,HC,914.97,5.156,0.0205,3,-97.6,-14.87,42.9,5,1
2024-01-10 14:00:00,CELL_019,pico,HC,1700.33,5.384,0.1751,1,-70.7,-6.99,95.1,6,1
2024-01-10 15:00:00,CELL_019,pico,HC,1665.75,5.17,0.2007,4,-81.3,-6.64,72.5,9,1
2024-01-10 16:00:00,CELL_019,pico,HC,700.04,4.317,0.0678,4,-78.6,-11.23,64.3,6,1
2024-01-10 17:00:00,CELL_019,pico,HC,1255.27,6.171,0.0821,2,-98.2,-16.29,74.9,8,1
2024-01-10 18:00:00,CELL_019,pico,HC,999.21,4.375,0.003,5,-120.0,-10.03,52.9,8,1
2024-01-10 19:00:00,CELL_019,pico,HC,1556.99,4.944,0.0196,1,-107.6,-9.94,81.6,5,1
2024-01-10 20:00:00,CELL_019,pico,HC,749.74,4.49,0.1945,5,-85.7,-6.53,57.7,7,1
2024-01-10 21:00:00,CELL_019,pico,HC,1143.19,3.497,0.3691,5,-71.6,-11.97,78.5,5,1
2024-01-10 22:00:00,CELL_019,pico,HC,1402.57,5.257,0.119,6,-70.0,-13.27,65.3,4,1
2024-01-10 23:00:00,CELL_019,pico,HC,1355.52,3.407,0.0964,3,-119.4,-8.02,61.8,11,1
2024-01-11 00:00:00,CELL_019,pico,HC,725.49,4.908,0.036,2,-81.2,-12.92,87.8,4,1
2024-01-11 01:00:00,CELL_019,pico,HC,866.98,5.989,0.8711,6,-89.8,-20.0,63.8,6,0
2024-01-11 02:00:00,CELL_019,pico,HC,1256.12,7.142,0.6136,1,-91.3,-14.3,62.5,6,0
2024-01-11 03:00:00,CELL_019,pico,HC,1568.76,3.103,0.1855,2,-83.3,-6.04,100.0,8,1
2024-01-11 04:00:00,CELL_019,pico,HC,1026.36,4.512,0.6263,2,-70.0,-5.25,82.7,6,0
2024-01-11 05:00:00,CELL_019,pico,HC,1166.26,3.486,0.1153,3,-81.9,-8.77,81.6,8,1
2024-01-11 06:00:00,CELL_019,pico,HC,1181.8,5.579,0.1595,1,-79.9,-20.0,57.5,10,1
2024-01-11 07:00:00,CELL_019,pico,HC,997.8,2.465,0.5094,7,-104.9,-7.03,71.0,3,0
2024-01-11 08:00:00,CELL_019,pico,HC,1546.81,5.822,0.1159,2,-77.6,-16.19,77.6,6,1
2024-01-11 09:00:00,CELL_019,pico,HC,1386.21,6.333,1.3337,0,-107.6,-19.14,75.1,7,0
2024-01-01 00:00:00,CELL_020,pico,HC,1422.43,2.562,0.1233,4,-70.0,-7.84,92.0,9,1
2024-01-01 01:00:00,CELL_020,pico,HC,1263.03,7.051,0.1036,2,-70.0,-3.03,71.3,5,1
2024-01-01 02:00:00,CELL_020,pico,HC,1371.1,3.749,0.2465,2,-111.3,-13.2,91.7,6,1
2024-01-01 03:00:00,CELL_020,pico,HC,979.28,4.111,0.0874,3,-81.6,-8.73,90.6,9,1
2024-01-01 04:00:00,CELL_020,pico,HC,1246.09,2.75,0.4144,4,-70.8,-16.65,98.2,10,1
2024-01-01 05:00:00,CELL_020,pico,HC,1338.06,4.76,0.0856,4,-117.2,-10.58,100.0,13,1
2024-01-01 06:00:00,CELL_020,pico,HC,1233.66,3.588,0.1865,5,-102.6,-3.0,100.0,10,1
2024-01-01 07:00:00,CELL_020,pico,HC,1188.61,4.736,0.0316,7,-83.1,-5.69,82.1,4,1
2024-01-01 08:00:00,CELL_020,pico,HC,1351.24,3.682,0.2182,4,-91.6,-10.52,100.0,4,1
2024-01-01 09:00:00,CELL_020,pico,HC,1202.02,1.65,0.1622,2,-90.9,-7.53,100.0,10,1
2024-01-01 10:00:00,CELL_020,pico,HC,1659.98,3.386,0.4901,2,-96.0,-14.69,89.4,8,1
2024-01-01 11:00:00,CELL_020,pico,HC,1480.14,3.928,0.0474,2,-104.1,-10.33,77.3,9,1
2024-01-01 12:00:00,CELL_020,pico,HC,1244.6,3.998,0.01,2,-78.7,-10.7,100.0,9,1
2024-01-01 13:00:00,CELL_020,pico,HC,895.77,6.4,0.2531,2,-93.6,-4.39,71.6,7,1
2024-01-01 14:00:00,CELL_020,pico,HC,1122.9,4.971,0.3817,6,-70.0,-17.78,100.0,11,1
2024-01-01 15:00:00,CELL_020,pico,HC,1045.71,5.394,0.3386,2,-83.2,-4.05,88.6,1,1
2024-01-01 16:00:00,CELL_020,pico,HC,727.74,3.298,0.1633,3,-106.0,-7.89,66.5,6,1
2024-01-01 17:00:00,CELL_020,pico,HC,1272.0,3.292,0.005,3,-112.8,-8.39,65.3,5,1
2024-01-01 18:00:00,CELL_020,pico,HC,1397.51,4.748,0.1247,1,-106.2,-6.9,91.7,11,1
2024-01-01 19:00:00,CELL_020,pico,HC,1041.78,6.163,0.0735,1,-93.1,-9.27,53.4,7,1
2024-01-01 20:00:00,CELL_020,pico,HC,1000.58,4.662,0.5014,4,-91.0,-20.0,51.8,3,0
2024-01-01 21:00:00,CELL_020,pico,HC,952.72,5.108,0.4851,1,-97.4,-11.16,44.5,7,1
2024-01-01 22:00:00,CELL_020,pico,HC,1540.56,2.756,0.028,4,-107.0,-12.91,84.2,9,1
2024-01-01 23:00:00,CELL_020,pico,HC,994.07,3.08,0.4314,1,-97.1,-14.0,72.6,10,1
2024-01-02 00:00:00,CELL_020,pico,HC,1587.95,3.935,0.3249,2,-98.4,-13.78,98.3,8,1
2024-01-02 01:00:00,CELL_020,pico,HC,1317.7,2.152,0.0294,3,-79.6,-8.96,92.6,8,1
2024-01-02 02:00:00,CELL_020,pico,HC,1298.88,3.247,0.8034,5,-89.1,-11.0,85.9,7,0
2024-01-02 03:00:00,CELL_020,pico,HC,1268.28,3.783,0.2794,5,-92.2,-17.2,77.0,6,1
2024-01-02 04:00:00,CELL_020,pico,HC,1134.99,3.39,0.1211,4,-94.4,-14.86,66.8,5,1
2024-01-02 05:00:00,CELL_020,pico,HC,1864.8,3.721,0.0717,2,-85.3,-4.39,92.1,5,1
2024-01-02 06:00:00,CELL_020,pico,HC,1052.79,4.091,0.7599,1,-92.5,-17.16,83.4,6,0
2024-01-02 07:00:00,CELL_020,pico,HC,1919.66,3.168,0.0167,0,-104.2,-8.47,99.1,2,1
2024-01-02 08:00:00,CELL_020,pico,HC,1287.76,1.194,0.7446,3,-90.5,-13.54,72.7,9,0
2024-01-02 09:00:00,CELL_020,pico,HC,915.06,4.677,0.0886,5,-108.8,-16.02,82.2,12,1
2024-01-02 10:00:00,CELL_020,pico,HC,1520.45,5.495,0.0006,4,-104.6,-12.28,100.0,11,1
2024-01-02 11:00:00,CELL_020,pico,HC,1120.25,3.702,0.1392,0,-91.2,-14.94,91.8,6,1
2024-01-02 12:00:00,CELL_020,pico,HC,938.31,3.362,0.0487,2,-112.4,-12.06,70.2,9,1
2024-01-02 13:00:00,CELL_020,pico,HC,1033.41,3.758,0.038,1,-83.3,-9.92,70.6,5,1
2024-01-02 14:00:00,CELL_020,pico,HC,1091.31,3.719,0.148,2,-100.4,-12.7,81.5,12,1
2024-01-02 15:00:00,CELL_020,pico,HC,1955.37,1.566,0.0379,3,-81.7,-15.37,100.0,9,1
2024-01-02 16:00:00,CELL_020,pico,HC,1799.7,5.887,0.2657,4,-106.4,-5.56,90.5,7,1
2024-01-02 17:00:00,CELL_020,pico,HC,1411.34,2.995,0.0715,6,-89.1,-20.0,87.3,8,1
2024-01-02 18:00:00,CELL_020,pico,HC,1132.92,5.401,0.1047,2,-115.4,-3.24,66.9,9,1
2024-01-02 19:00:00,CELL_020,pico,HC,1357.79,5.56,0.3164,5,-106.5,-14.89,82.0,8,1
2024-01-02 20:00:00,CELL_020,pico,HC,1219.71,4.315,0.0901,3,-120.0,-20.0,88.7,9,1
2024-01-02 21:00:00,CELL_020,pico,HC,1778.29,3.123,0.3956,2,-77.6,-16.19,100.0,8,1
2024-01-02 22:00:00,CELL_020,pico,HC,1225.36,4.627,0.2976,1,-99.4,-5.96,75.2,9,1
2024-01-02 23:00:00,CELL_020,pico,HC,1523.34,3.116,0.2149,5,-80.5,-20.0,96.9,6,1
2024-01-03 00:00:00,CELL_020,pico,HC,1125.95,4.034,0.0077,2,-90.9,-14.74,86.1,8,1
2024-01-03 01:00:00,CELL_020,pico,HC,1673.55,3.119,0.2487,4,-87.2,-16.31,100.0,9,1
2024-01-03 02:00:00,CELL_020,pico,HC,1284.98,5.382,0.0789,5,-94.5,-18.59,87.6,9,1
2024-01-03 03:00:00,CELL_020,pico,HC,1748.32,4.295,0.0378,4,-111.0,-8.06,81.4,14,1
2024-01-03 04:00:00,CELL_020,pico,HC,1114.57,5.018,0.2083,4,-95.0,-17.56,59.8,8,1
2024-01-03 05:00:00,CELL_020,pico,HC,1041.22,2.229,0.1643,1,-112.7,-15.92,88.4,9,1
2024-01-03 06:00:00,CELL_020,pico,HC,1164.91,3.432,0.4613,4,-89.0,-11.59,86.2,7,1
2024-01-03 07:00:00,CELL_020,pico,HC,1191.96,6.993,0.0288,4,-105.8,-12.03,84.4,7,1
2024-01-03 08:00:00,CELL_020,pico,HC,1159.42,4.591,0.4176,5,-120.0,-7.14,67.2,7,1
2024-01-03 09:00:00,CELL_020,pico,HC,1796.77,2.999,0.1112,3,-91.1,-14.2,94.4,6,1
2024-01-03 10:00:00,CELL_020,pico,HC,1171.28,4.712,0.325,4,-97.0,-13.98,63.8,7,1
2024-01-03 11:00:00,CELL_020,pico,HC,1245.13,4.249,0.3345,1,-92.9,-7.44,70.9,9,1
2024-01-03 12:00:00,CELL_020,pico,HC,903.12,3.536,0.0122,2,-99.6,-12.38,96.6,15,1
2024-01-03 13:00:00,CELL_020,pico,HC,1221.37,2.953,0.2012,9,-120.0,-13.03,80.8,3,1
2024-01-03 14:00:00,CELL_020,pico,HC,1091.46,3.184,0.2306,3,-97.1,-7.01,84.0,10,1
2024-01-03 15:00:00,CELL_020,pico,HC,1246.97,3.633,0.2833,4,-74.7,-12.24,76.8,4,1
2024-01-03 16:00:00,CELL_020,pico,HC,1473.44,5.67,0.5037,6,-106.8,-14.07,85.0,5,0
2024-01-03 17:00:00,CELL_020,pico,HC,927.48,4.371,0.0386,6,-101.1,-19.88,63.7,11,1
2024-01-03 18:00:00,CELL_020,pico,HC,1400.49,4.125,0.7237,1,-97.7,-4.97,85.5,18,0
2024-01-03 19:00:00,CELL_020,pico,HC,954.32,7.029,0.0545,1,-101.1,-8.15,52.9,3,1
2024-01-03 20:00:00,CELL_020,pico,HC,1232.85,4.883,0.2179,1,-107.2,-14.54,54.5,6,1
2024-01-03 21:00:00,CELL_020,pico,HC,1113.82,4.652,0.1517,0,-95.6,-7.04,80.3,16,1
2024-01-03 22:00:00,CELL_020,pico,HC,532.96,6.49,0.5614,2,-70.0,-17.8,61.1,4,0
2024-01-03 23:00:00,CELL_020,pico,HC,1459.68,5.582,0.0184,2,-105.2,-19.21,96.9,9,1
2024-01-04 00:00:00,CELL_020,pico,HC,1826.44,2.909,0.0278,5,-120.0,-18.43,100.0,12,1
2024-01-04 01:00:00,CELL_020,pico,HC,1051.88,3.357,0.072,4,-109.2,-5.44,67.0,5,1
2024-01-04 02:00:00,CELL_020,pico,HC,1123.14,3.626,0.2054,5,-92.1,-17.24,91.8,7,1
2024-01-04 03:00:00,CELL_020,pico,HC,1115.45,3.199,0.2307,1,-93.6,-20.0,77.8,4,1
2024-01-04 04:00:00,CELL_020,pico,HC,1893.08,4.608,0.1222,2,-102.7,-12.8,86.9,8,1
2024-01-04 05:00:00,CELL_020,pico,HC,1437.89,4.267,0.0966,6,-105.8,-16.03,100.0,5,1
2024-01-04 06:00:00,CELL_020,pico,HC,1560.99,1.69,0.0008,7,-103.6,-14.96,100.0,14,1
2024-01-04 07:00:00,CELL_020,pico,HC,1323.69,4.468,1.2199,5,-78.3,-10.05,79.8,8,0
2024-01-04 08:00:00,CELL_020,pico,HC,901.64,2.689,0.0059,3,-90.4,-18.32,75.0,5,1
2024-01-04 09:00:00,CELL_020,pico,HC,1850.79,1.747,0.6715,5,-98.4,-9.54,100.0,14,0
2024-01-04 10:00:00,CELL_020,pico,HC,1372.24,1.465,0.1956,2,-84.8,-8.13,100.0,4,1
2024-01-04 11:00:00,CELL_020,pico,HC,1246.44,6.691,0.1494,4,-106.9,-16.55,91.8,11,1
2024-01-04 12:00:00,CELL_020,pico,HC,1364.99,5.085,0.3018,3,-109.7,-15.17,83.4,9,1
2024-01-04 13:00:00,CELL_020,pico,HC,1040.47,6.274,0.0498,6,-76.2,-16.69,64.9,4,1
2024-01-04 14:00:00,CELL_020,pico,HC,1001.32,3.93,0.1173,3,-84.2,-10.73,87.0,7,1
2024-01-04 15:00:00,CELL_020,pico,HC,733.1,4.676,0.057,3,-120.0,-11.18,51.6,7,1
2024-01-04 16:00:00,CELL_020,pico,HC,1307.11,4.707,0.1915,1,-93.0,-11.43,71.5,5,1
2024-01-04 17:00:00,CELL_020,pico,HC,1563.74,6.019,0.0918,0,-72.4,-6.74,88.5,9,1
2024-01-04 18:00:00,CELL_020,pico,HC,735.42,5.202,0.0533,0,-70.0,-6.41,60.4,4,1
2024-01-04 19:00:00,CELL_020,pico,HC,1198.82,3.17,0.4076,4,-74.1,-17.72,77.0,4,1
2024-01-04 20:00:00,CELL_020,pico,HC,845.6,5.479,0.178,1,-90.9,-10.4,62.7,7,1
2024-01-04 21:00:00,CELL_020,pico,HC,1374.97,3.118,0.0951,5,-109.2,-8.24,86.8,6,1
2024-01-04 22:00:00,CELL_020,pico,HC,866.47,4.71,0.0506,4,-80.1,-12.72,90.8,9,1
2024-01-04 23:00:00,CELL_020,pico,HC,1239.98,3.461,0.3857,1,-78.1,-14.47,75.9,5,1
2024-01-05 00:00:00,CELL_020,pico,HC,1613.49,4.916,0.1066,2,-112.5,-11.81,100.0,11,1
2024-01-05 01:00:00,CELL_020,pico,HC,1536.46,3.648,0.0621,3,-119.1,-8.34,96.6,17,1
2024-01-05 02:00:00,CELL_020,pico,HC,1546.7,2.723,0.0155,2,-92.9,-14.82,100.0,13,1
2024-01-05 03:00:00,CELL_020,pico,HC,1355.66,4.628,0.0962,5,-73.4,-8.75,93.0,6,1
2024-01-05 04:00:00,CELL_020,pico,HC,1820.97,2.014,0.1766,3,-120.0,-15.19,91.4,14,1
2024-01-05 05:00:00,CELL_020,pico,HC,1438.65,4.348,0.0061,2,-85.7,-13.51,100.0,6,1
2024-01-05 06:00:00,CELL_020,pico,HC,1084.63,3.808,0.3123,3,-78.2,-4.75,87.6,9,1
2024-01-05 07:00:00,CELL_020,pico,HC,1270.25,4.011,0.1993,2,-101.0,-20.0,91.5,9,1
2024-01-05 08:00:00,CELL_020,pico,HC,891.21,5.115,0.1965,3,-108.6,-12.79,79.1,7,1
2024-01-05 09:00:00,CELL_020,pico,HC,911.01,5.901,0.1048,4,-89.7,-8.18,78.0,3,1
2024-01-05 10:00:00,CELL_020,pico,HC,1105.8,4.281,0.1,1,-79.0,-18.73,75.0,10,1
2024-01-05 11:00:00,CELL_020,pico,HC,1609.14,3.145,0.1287,3,-84.1,-5.27,86.7,13,1
2024-01-05 12:00:00,CELL_020,pico,HC,1073.28,3.158,0.627,4,-84.7,-10.9,51.5,7,0
2024-01-05 13:00:00,CELL_020,pico,HC,1045.13,4.687,0.4053,3,-100.1,-10.74,72.9,8,1
2024-01-05 14:00:00,CELL_020,pico,HC,1129.76,5.609,0.5062,3,-113.7,-17.95,85.6,10,0
2024-01-05 15:00:00,CELL_020,pico,HC,1482.29,4.487,0.243,7,-91.6,-15.59,86.1,9,1
2024-01-05 16:00:00,CELL_020,pico,HC,1481.26,5.207,0.6144,4,-80.3,-4.34,85.3,6,0
2024-01-05 17:00:00,CELL_020,pico,HC,1546.11,5.105,0.0003,3,-105.9,-9.91,93.0,10,1
2024-01-05 18:00:00,CELL_020,pico,HC,724.87,6.349,0.0555,4,-87.3,-18.82,57.8,11,1
2024-01-05 19:00:00,CELL_020,pico,HC,1221.42,4.118,0.0012,1,-83.0,-3.0,73.7,10,1
2024-01-05 20:00:00,CELL_020,pico,HC,1412.22,4.401,0.2553,4,-111.0,-14.72,92.8,12,1
2024-01-05 21:00:00,CELL_020,pico,HC,1316.22,2.593,0.1761,1,-81.6,-17.87,84.8,11,1
2024-01-05 22:00:00,CELL_020,pico,HC,1445.64,4.818,0.0874,1,-97.5,-20.0,100.0,12,1
2024-01-05 23:00:00,CELL_020,pico,HC,1296.3,3.622,0.0836,1,-96.5,-14.99,90.4,6,1
2024-01-06 00:00:00,CELL_020,pico,HC,1517.86,3.859,1.4961,8,-98.5,-13.88,83.9,11,0
2024-01-06 01:00:00,CELL_020,pico,HC,1538.95,4.748,0.363,4,-73.0,-3.93,75.5,9,1
2024-01-06 02:00:00,CELL_020,pico,HC,1495.3,4.231,0.4542,2,-103.6,-11.05,94.1,11,1
2024-01-06 03:00:00,CELL_020,pico,HC,1470.9,2.528,0.0343,4,-87.7,-8.06,100.0,10,1
2024-01-06 04:00:00,CELL_020,pico,HC,1066.58,2.008,0.3093,1,-76.9,-7.14,86.5,12,1
2024-01-06 05:00:00,CELL_020,pico,HC,1353.79,3.513,0.2194,3,-102.0,-10.66,77.3,11,1
2024-01-06 06:00:00,CELL_020,pico,HC,1164.62,3.466,0.3666,4,-76.7,-14.01,85.2,8,1
2024-01-06 07:00:00,CELL_020,pico,HC,1247.23,3.693,0.0217,3,-96.6,-7.93,95.4,10,1
2024-01-06 08:00:00,CELL_020,pico,HC,1692.47,3.932,0.0578,4,-98.2,-20.0,100.0,7,1
2024-01-06 09:00:00,CELL_020,pico,HC,1080.96,5.586,0.0717,5,-120.0,-15.85,90.9,6,1
2024-01-06 10:00:00,CELL_020,pico,HC,1111.2,3.55,0.0381,5,-87.4,-15.05,92.0,5,1
2024-01-06 11:00:00,CELL_020,pico,HC,1773.55,3.408,0.0027,3,-97.5,-11.69,96.1,20,1
2024-01-06 12:00:00,CELL_020,pico,HC,1495.24,3.465,0.1597,4,-105.2,-20.0,100.0,17,1
2024-01-06 13:00:00,CELL_020,pico,HC,1170.97,1.726,0.1371,3,-70.6,-8.61,95.1,6,1
2024-01-06 14:00:00,CELL_020,pico,HC,2000.0,5.053,0.0102,0,-74.4,-11.65,79.7,7,1
2024-01-06 15:00:00,CELL_020,pico,HC,675.77,6.313,0.13,3,-102.2,-9.02,76.7,13,1
2024-01-06 16:00:00,CELL_020,pico,HC,1776.01,1.576,0.0329,3,-100.6,-12.37,97.3,8,1
2024-01-06 17:00:00,CELL_020,pico,HC,1265.28,3.244,0.0635,5,-75.1,-12.01,94.4,11,1
2024-01-06 18:00:00,CELL_020,pico,HC,1501.26,4.148,0.3059,1,-96.7,-10.95,79.8,4,1
2024-01-06 19:00:00,CELL_020,pico,HC,1775.35,2.572,0.094,5,-108.7,-15.66,93.0,10,1
2024-01-06 20:00:00,CELL_020,pico,HC,803.24,4.414,0.1368,4,-96.8,-13.74,79.5,2,1
2024-01-06 21:00:00,CELL_020,pico,HC,1294.36,1.824,0.1857,4,-78.1,-11.09,94.9,11,1
2024-01-06 22:00:00,CELL_020,pico,HC,1080.52,5.844,0.0633,0,-95.8,-13.07,74.0,12,1
2024-01-06 23:00:00,CELL_020,pico,HC,683.79,5.052,0.0447,6,-120.0,-6.37,59.9,15,1
2024-01-07 00:00:00,CELL_020,pico,HC,787.33,5.543,0.2652,0,-106.4,-16.19,60.9,5,1
2024-01-07 01:00:00,CELL_020,pico,HC,1075.12,3.882,0.0925,4,-101.2,-3.93,71.4,3,1
2024-01-07 02:00:00,CELL_020,pico,HC,1257.36,4.085,0.2735,5,-82.7,-4.89,100.0,9,1
2024-01-07 03:00:00,CELL_020,pico,HC,1255.34,4.999,0.0752,3,-96.6,-20.0,70.4,9,1
2024-01-07 04:00:00,CELL_020,pico,HC,1037.06,6.713,0.0244,4,-107.2,-18.23,89.5,10,1
2024-01-07 05:00:00,CELL_020,pico,HC,1072.78,4.259,0.0895,2,-89.2,-10.67,78.2,3,1
2024-01-07 06:00:00,CELL_020,pico,HC,1311.08,2.286,0.2033,2,-119.1,-20.0,91.8,11,1
2024-01-07 07:00:00,CELL_020,pico,HC,1285.29,4.508,0.263,4,-97.3,-14.21,87.6,2,1
2024-01-07 08:00:00,CELL_020,pico,HC,1529.55,4.027,0.0407,4,-74.9,-14.82,100.0,4,1
2024-01-07 09:00:00,CELL_020,pico,HC,1191.12,3.808,0.027,6,-77.9,-3.0,100.0,11,1
2024-01-07 10:00:00,CELL_020,pico,HC,1167.74,1.921,0.2263,4,-120.0,-14.44,92.2,13,1
2024-01-07 11:00:00,CELL_020,pico,HC,1497.26,2.864,0.1308,2,-105.1,-14.8,100.0,13,1
2024-01-07 12:00:00,CELL_020,pico,HC,968.98,4.942,0.3657,1,-97.1,-6.46,85.8,8,1
2024-01-07 13:00:00,CELL_020,pico,HC,1149.12,4.792,0.1028,3,-70.0,-17.75,42.3,5,1
2024-01-07 14:00:00,CELL_020,pico,HC,1094.85,4.35,1.5079,4,-80.1,-7.31,75.8,1,0
2024-01-07 15:00:00,CELL_020,pico,HC,1263.2,4.203,0.1818,4,-76.8,-7.37,90.6,12,1
2024-01-07 16:00:00,CELL_020,pico,HC,917.92,4.013,0.0825,2,-113.7,-5.61,62.3,3,1
2024-01-07 17:00:00,CELL_020,pico,HC,1064.43,4.904,0.8404,3,-120.0,-3.49,89.4,12,0
2024-01-07 18:00:00,CELL_020,pico,HC,847.33,5.114,0.128,4,-86.2,-15.58,89.6,8,1
2024-01-07 19:00:00,CELL_020,pico,HC,992.43,4.796,0.0229,3,-88.1,-13.26,77.5,6,1
2024-01-07 20:00:00,CELL_020,pico,HC,1517.11,5.262,0.1848,2,-98.8,-20.0,92.3,12,1
2024-01-07 21:00:00,CELL_020,pico,HC,1290.0,4.416,0.022,2,-77.0,-12.21,81.0,4,1
2024-01-07 22:00:00,CELL_020,pico,HC,1460.71,3.44,0.1436,3,-111.3,-15.92,89.7,7,1
2024-01-07 23:00:00,CELL_020,pico,HC,1057.42,4.94,0.0555,3,-90.3,-9.92,84.0,10,1
2024-01-08 00:00:00,CELL_020,pico,HC,1721.07,3.093,0.5033,1,-87.2,-19.58,100.0,17,0
2024-01-08 01:00:00,CELL_020,pico,HC,1177.28,3.72,0.2058,3,-88.5,-10.02,92.9,11,1
2024-01-08 02:00:00,CELL_020,pico,HC,1532.87,3.03,0.0518,7,-118.3,-12.44,85.4,10,1
2024-01-08 03:00:00,CELL_020,pico,HC,1600.57,6.166,0.045,4,-81.2,-15.96,100.0,11,1
2024-01-08 04:00:00,CELL_020,pico,HC,1389.76,1.473,0.1361,5,-116.7,-3.0,86.9,12,1
2024-01-08 05:00:00,CELL_020,pico,HC,1953.58,2.761,0.479,3,-106.7,-9.07,100.0,10,1
2024-01-08 06:00:00,CELL_020,pico,HC,1305.16,0.313,0.282,5,-86.2,-17.62,100.0,6,1
2024-01-08 07:00:00,CELL_020,pico,HC,1627.19,3.169,0.0122,5,-113.4,-18.8,100.0,13,1
2024-01-08 08:00:00,CELL_020,pico,HC,1495.89,2.66,0.0848,3,-93.2,-9.02,87.9,9,1
2024-01-08 09:00:00,CELL_020,pico,HC,1659.52,1.906,0.0141,4,-109.7,-8.27,82.3,10,1
2024-01-08 10:00:00,CELL_020,pico,HC,1692.86,3.221,0.0256,5,-94.0,-15.12,97.7,8,1
2024-01-08 11:00:00,CELL_020,pico,HC,1681.65,2.905,0.3185,2,-101.1,-5.31,98.7,7,1
2024-01-08 12:00:00,CELL_020,pico,HC,1555.55,4.179,0.5018,6,-90.2,-20.0,96.4,10,0
2024-01-08 13:00:00,CELL_020,pico,HC,1184.38,3.223,0.1316,2,-70.0,-3.92,81.0,10,1
2024-01-08 14:00:00,CELL_020,pico,HC,966.42,5.2,0.0151,4,-84.4,-19.22,80.2,7,1
2024-01-08 15:00:00,CELL_020,pico,HC,1013.43,4.302,0.3069,5,-120.0,-12.9,70.4,9,1
2024-01-08 16:00:00,CELL_020,pico,HC,1336.06,3.367,0.1688,3,-77.0,-10.54,79.4,8,1
2024-01-08 17:00:00,CELL_020,pico,HC,749.29,3.662,0.2787,4,-96.5,-4.4,85.1,7,1
2024-01-08 18:00:00,CELL_020,pico,HC,1186.44,5.93,0.4717,2,-102.0,-8.98,76.6,7,1
2024-01-08 19:00:00,CELL_020,pico,HC,597.6,4.304,0.0626,6,-105.0,-18.82,45.4,5,1
2024-01-08 20:00:00,CELL_020,pico,HC,839.76,3.251,0.346,0,-93.3,-13.19,76.0,7,1
2024-01-08 21:00:00,CELL_020,pico,HC,1290.28,5.387,0.3592,2,-99.6,-15.03,89.7,6,1
2024-01-08 22:00:00,CELL_020,pico,HC,677.79,6.107,0.4259,0,-101.5,-9.19,85.1,9,1
2024-01-08 23:00:00,CELL_020,pico,HC,922.03,6.119,0.2319,1,-107.7,-13.15,78.8,11,1
2024-01-09 00:00:00,CELL_020,pico,HC,1355.27,5.772,0.0537,1,-110.6,-19.5,85.1,15,1
2024-01-09 01:00:00,CELL_020,pico,HC,1285.31,6.607,0.027,4,-105.4,-18.17,82.4,8,1
2024-01-09 02:00:00,CELL_020,pico,HC,1404.1,1.639,0.0047,3,-95.6,-3.0,100.0,11,1
2024-01-09 03:00:00,CELL_020,pico,HC,1191.73,3.005,0.7076,4,-93.8,-20.0,85.5,13,0
2024-01-09 04:00:00,CELL_020,pico,HC,999.62,2.559,0.1336,6,-84.4,-12.36,90.0,14,1
2024-01-09 05:00:00,CELL_020,pico,HC,1311.66,3.814,0.4108,5,-88.3,-10.13,88.3,8,1
2024-01-09 06:00:00,CELL_020,pico,HC,1418.4,4.367,0.3447,4,-109.0,-7.31,88.0,6,1
2024-01-09 07:00:00,CELL_020,pico,HC,1209.17,4.943,0.0727,1,-85.7,-11.94,100.0,4,1
2024-01-09 08:00:00,CELL_020,pico,HC,1129.53,2.03,0.3989,2,-105.1,-13.02,100.0,7,1
2024-01-09 09:00:00,CELL_020,pico,HC,1364.16,1.724,0.0843,4,-83.2,-14.0,49.5,8,1
2024-01-09 10:00:00,CELL_020,pico,HC,1408.12,3.584,0.0512,3,-97.0,-13.88,100.0,7,1
2024-01-09 11:00:00,CELL_020,pico,HC,1526.22,2.622,0.1609,4,-101.2,-13.14,78.7,3,1
2024-01-09 12:00:00,CELL_020,pico,HC,1411.07,4.537,0.0611,7,-100.3,-10.12,70.0,6,1
2024-01-09 13:00:00,CELL_020,pico,HC,1543.63,4.036,0.2157,6,-90.9,-3.59,84.9,17,1
2024-01-09 14:00:00,CELL_020,pico,HC,1565.52,6.052,0.2379,2,-89.8,-20.0,100.0,11,1
2024-01-09 15:00:00,CELL_020,pico,HC,1292.83,4.074,0.0122,7,-108.4,-14.41,77.9,7,1
2024-01-09 16:00:00,CELL_020,pico,HC,739.66,4.675,0.0268,1,-102.4,-17.49,59.3,5,1
2024-01-09 17:00:00,CELL_020,pico,HC,917.51,4.977,0.078,3,-87.8,-10.64,77.5,12,1
2024-01-09 18:00:00,CELL_020,pico,HC,853.22,5.675,0.1095,10,-96.0,-10.61,68.6,4,1
2024-01-09 19:00:00,CELL_020,pico,HC,1585.81,5.731,0.2905,4,-86.8,-11.04,84.9,12,1
2024-01-09 20:00:00,CELL_020,pico,HC,1056.6,3.654,0.0677,2,-97.6,-7.38,85.7,7,1
2024-01-09 21:00:00,CELL_020,pico,HC,708.05,6.429,0.0479,6,-120.0,-5.56,30.9,5,1
2024-01-09 22:00:00,CELL_020,pico,HC,1125.94,3.033,0.146,0,-95.7,-11.5,89.5,8,1
2024-01-09 23:00:00,CELL_020,pico,HC,1656.91,4.715,0.7258,2,-120.0,-16.31,97.9,10,0
2024-01-10 00:00:00,CELL_020,pico,HC,1441.47,3.521,0.1114,4,-79.6,-11.6,63.0,9,1
2024-01-10 01:00:00,CELL_020,pico,HC,1699.73,3.554,0.1719,5,-97.3,-4.57,100.0,11,1
2024-01-10 02:00:00,CELL_020,pico,HC,1791.35,4.524,0.022,6,-88.9,-8.07,82.5,9,1
2024-01-10 03:00:00,CELL_020,pico,HC,1364.15,2.952,0.0997,3,-83.8,-10.7,85.5,11,1
2024-01-10 04:00:00,CELL_020,pico,HC,1634.06,2.843,0.2712,5,-107.3,-16.43,91.1,13,1
2024-01-10 05:00:00,CELL_020,pico,HC,1346.56,2.666,0.4265,3,-86.7,-12.81,85.2,7,1
2024-01-10 06:00:00,CELL_020,pico,HC,1680.55,2.769,0.3325,4,-103.3,-14.83,100.0,7,1
2024-01-10 07:00:00,CELL_020,pico,HC,1462.9,4.475,0.3399,1,-97.9,-3.0,100.0,12,1
2024-01-10 08:00:00,CELL_020,pico,HC,1465.38,2.019,0.1943,4,-74.3,-14.46,96.4,8,1
2024-01-10 09:00:00,CELL_020,pico,HC,1689.57,3.996,0.2927,4,-70.0,-18.48,100.0,14,1
2024-01-10 10:00:00,CELL_020,pico,HC,1264.4,2.207,0.1169,5,-84.9,-20.0,82.7,8,1
2024-01-10 11:00:00,CELL_020,pico,HC,1374.33,2.574,0.022,3,-111.8,-20.0,93.8,13,1
2024-01-10 12:00:00,CELL_020,pico,HC,1547.91,3.14,0.0192,3,-113.3,-12.85,100.0,9,1
2024-01-10 13:00:00,CELL_020,pico,HC,960.0,4.237,0.007,4,-70.0,-14.71,64.0,7,1
2024-01-10 14:00:00,CELL_020,pico,HC,1125.19,5.298,0.0345,6,-110.2,-4.87,69.8,8,1
2024-01-10 15:00:00,CELL_020,pico,HC,1204.58,4.717,0.0994,4,-93.5,-18.67,74.0,6,1
2024-01-10 16:00:00,CELL_020,pico,HC,908.78,4.519,0.0395,4,-72.2,-12.71,100.0,6,1
2024-01-10 17:00:00,CELL_020,pico,HC,1173.19,4.753,0.2763,5,-119.6,-10.02,83.8,6,1
2024-01-10 18:00:00,CELL_020,pico,HC,1307.15,2.187,0.0604,0,-70.7,-14.03,97.2,12,1
2024-01-10 19:00:00,CELL_020,pico,HC,405.73,6.717,0.8015,3,-76.3,-12.76,57.4,5,0
2024-01-10 20:00:00,CELL_020,pico,HC,1317.87,3.283,0.3097,2,-75.8,-17.97,88.2,9,1
2024-01-10 21:00:00,CELL_020,pico,HC,871.87,4.198,0.3001,4,-93.6,-12.27,75.5,7,1
2024-01-10 22:00:00,CELL_020,pico,HC,1933.49,3.695,0.0593,4,-101.1,-5.62,93.4,12,1
2024-01-10 23:00:00,CELL_020,pico,HC,1620.2,5.037,0.0359,2,-83.3,-17.97,95.4,18,1
2024-01-11 00:00:00,CELL_020,pico,HC,973.47,5.638,0.3306,8,-120.0,-15.81,73.5,8,1
2024-01-11 01:00:00,CELL_020,pico,HC,1314.72,3.62,0.1842,3,-83.4,-18.77,69.6,5,1
2024-01-11 02:00:00,CELL_020,pico,HC,1485.0,4.15,0.0461,3,-105.6,-14.03,76.9,5,1
2024-01-11 03:00:00,CELL_020,pico,HC,1237.37,4.142,0.0384,2,-115.8,-20.0,92.9,5,1
2024-01-11 04:00:00,CELL_020,pico,HC,1305.7,2.358,0.3309,3,-106.6,-4.77,100.0,8,1
2024-01-11 05:00:00,CELL_020,pico,HC,1665.91,4.697,0.0973,0,-98.4,-6.51,79.5,11,1
2024-01-11 06:00:00,CELL_020,pico,HC,1315.26,2.171,0.1874,2,-89.2,-16.77,74.9,10,1
2024-01-11 07:00:00,CELL_020,pico,HC,1060.16,5.784,0.2698,3,-113.6,-11.5,75.0,9,1
2024-01-11 08:00:00,CELL_020,pico,HC,1705.45,3.626,0.0254,1,-94.3,-14.73,100.0,11,1
2024-01-11 09:00:00,CELL_020,pico,HC,1538.87,5.934,0.1052,2,-112.5,-3.74,59.7,4,1
